transaction_id,customer,amount,currency,date,reference
txn_000001,Customer 001,237.37,USD,2026-09-01,INV-000001
txn_000002,Customer 002,374.74,USD,2026-09-02,INV-000002
txn_000003,Customer 003,511.11,USD,2026-09-03,INV-000003
txn_000004,Customer 004,648.48,USD,2026-09-04,INV-000004
txn_000005,Customer 005,785.85,USD,2026-09-05,INV-000005
txn_000006,Customer 006,922.22,USD,2026-09-06,INV-000006
txn_000007,Customer 007,1059.59,USD,2026-09-07,INV-000007
txn_000008,Customer 008,1196.96,USD,2026-09-08,INV-000008
txn_000009,Customer 009,1333.33,USD,2026-09-09,INV-000009
txn_000010,Customer 010,1470.70,USD,2026-09-10,INV-000010
txn_000011,Customer 011,1607.07,USD,2026-09-11,INV-000011
txn_000012,Customer 012,1744.44,USD,2026-09-12,INV-000012
txn_000013,Customer 013,1881.81,USD,2026-09-13,INV-000013
txn_000014,Customer 014,2018.18,USD,2026-09-14,INV-000014
txn_000015,Customer 015,2155.55,USD,2026-09-15,INV-000015
txn_000016,Customer 016,2292.92,USD,2026-09-16,INV-000016
txn_000017,Customer 017,2429.29,USD,2026-09-17,INV-000017
txn_000018,Customer 018,2566.66,USD,2026-09-18,INV-000018
txn_000019,Customer 019,2703.03,USD,2026-09-19,INV-000019
txn_000020,Customer 020,2840.40,USD,2026-09-20,INV-000020
txn_000021,Customer 021,2977.77,USD,2026-09-21,INV-000021
txn_000022,Customer 022,3114.14,USD,2026-09-22,INV-000022
txn_000023,Customer 023,3251.51,USD,2026-09-23,INV-000023
txn_000024,Customer 024,3388.88,USD,2026-09-24,INV-000024
txn_000025,Customer 025,3525.25,USD,2026-09-25,INV-000025
txn_000026,Customer 026,3662.62,USD,2026-09-26,INV-000026
txn_000027,Customer 027,3799.99,USD,2026-09-27,INV-000027
txn_000028,Customer 028,3936.36,USD,2026-09-28,INV-000028
txn_000029,Customer 029,4073.73,USD,2026-09-29,INV-000029
txn_000030,Customer 030,4210.10,USD,2026-09-30,INV-000030
txn_000031,Customer 031,4347.47,USD,2026-09-01,INV-000031
txn_000032,Customer 032,4484.84,USD,2026-09-02,INV-000032
txn_000033,Customer 033,4621.21,USD,2026-09-03,INV-000033
txn_000034,Customer 034,4758.58,USD,2026-09-04,INV-000034
txn_000035,Customer 035,4895.95,USD,2026-09-05,INV-000035
txn_000036,Customer 036,5032.32,USD,2026-09-06,INV-000036
txn_000037,Customer 037,5169.69,USD,2026-09-07,INV-000037
txn_000038,Customer 038,5306.06,USD,2026-09-08,INV-000038
txn_000039,Customer 039,5443.43,USD,2026-09-09,INV-000039
txn_000040,Customer 040,5580.80,USD,2026-09-10,INV-000040
txn_000041,Customer 041,5717.17,USD,2026-09-11,INV-000041
txn_000042,Customer 042,5854.54,USD,2026-09-12,INV-000042
txn_000043,Customer 043,5991.91,USD,2026-09-13,INV-000043
txn_000044,Customer 044,6128.28,USD,2026-09-14,INV-000044
txn_000045,Customer 045,6265.65,USD,2026-09-15,INV-000045
txn_000046,Customer 046,6402.02,USD,2026-09-16,INV-000046
txn_000047,Customer 047,6539.39,USD,2026-09-17,INV-000047
txn_000048,Customer 048,6676.76,USD,2026-09-18,INV-000048
txn_000049,Customer 049,6813.13,USD,2026-09-19,INV-000049
txn_000050,Customer 050,6950.50,USD,2026-09-20,INV-000050
txn_000051,Customer 051,7087.87,USD,2026-09-21,INV-000051
txn_000052,Customer 052,7224.24,USD,2026-09-22,INV-000052
txn_000053,Customer 053,7361.61,USD,2026-09-23,INV-000053
txn_000054,Customer 054,7498.98,USD,2026-09-24,INV-000054
txn_000055,Customer 055,7635.35,USD,2026-09-25,INV-000055
txn_000056,Customer 056,7772.72,USD,2026-09-26,INV-000056
txn_000057,Customer 057,7909.09,USD,2026-09-27,INV-000057
txn_000058,Customer 058,8046.46,USD,2026-09-28,INV-000058
txn_000059,Customer 059,8183.83,USD,2026-09-29,INV-000059
txn_000060,Customer 060,8320.20,USD,2026-09-30,INV-000060
txn_000061,Customer 061,8457.57,USD,2026-09-01,INV-000061
txn_000062,Customer 062,8594.94,USD,2026-09-02,INV-000062
txn_000063,Customer 063,8731.31,USD,2026-09-03,INV-000063
txn_000064,Customer 064,8868.68,USD,2026-09-04,INV-000064
txn_000065,Customer 065,9005.05,USD,2026-09-05,INV-000065
txn_000066,Customer 066,9142.42,USD,2026-09-06,INV-000066
txn_000067,Customer 067,9279.79,USD,2026-09-07,INV-000067
txn_000068,Customer 068,9416.16,USD,2026-09-08,INV-000068
txn_000069,Customer 069,9553.53,USD,2026-09-09,INV-000069
txn_000070,Customer 070,9690.90,USD,2026-09-10,INV-000070
txn_000071,Customer 071,9827.27,USD,2026-09-11,INV-000071
txn_000072,Customer 072,9964.64,USD,2026-09-12,INV-000072
txn_000073,Customer 073,10101.01,USD,2026-09-13,INV-000073
txn_000074,Customer 074,10238.38,USD,2026-09-14,INV-000074
txn_000075,Customer 075,10375.75,USD,2026-09-15,INV-000075
txn_000076,Customer 076,10512.12,USD,2026-09-16,INV-000076
txn_000077,Customer 077,10649.49,USD,2026-09-17,INV-000077
txn_000078,Customer 078,10786.86,USD,2026-09-18,INV-000078
txn_000079,Customer 079,10923.23,USD,2026-09-19,INV-000079
txn_000080,Customer 080,11060.60,USD,2026-09-20,INV-000080
txn_000081,Customer 081,11197.97,USD,2026-09-21,INV-000081
txn_000082,Customer 082,11334.34,USD,2026-09-22,INV-000082
txn_000083,Customer 083,11471.71,USD,2026-09-23,INV-000083
txn_000084,Customer 084,11608.08,USD,2026-09-24,INV-000084
txn_000085,Customer 085,11745.45,USD,2026-09-25,INV-000085
txn_000086,Customer 086,11882.82,USD,2026-09-26,INV-000086
txn_000087,Customer 087,12019.19,USD,2026-09-27,INV-000087
txn_000088,Customer 088,12156.56,USD,2026-09-28,INV-000088
txn_000089,Customer 089,12293.93,USD,2026-09-29,INV-000089
txn_000090,Customer 090,12430.30,USD,2026-09-30,INV-000090
txn_000091,Customer 091,12567.67,USD,2026-09-01,INV-000091
txn_000092,Customer 092,12704.04,USD,2026-09-02,INV-000092
txn_000093,Customer 093,12841.41,USD,2026-09-03,INV-000093
txn_000094,Customer 094,12978.78,USD,2026-09-04,INV-000094
txn_000095,Customer 095,13115.15,USD,2026-09-05,INV-000095
txn_000096,Customer 096,13252.52,USD,2026-09-06,INV-000096
txn_000097,Customer 097,13389.89,USD,2026-09-07,INV-000097
txn_000098,Customer 098,13526.26,USD,2026-09-08,INV-000098
txn_000099,Customer 099,13663.63,USD,2026-09-09,INV-000099
txn_000100,Customer 100,13800.00,USD,2026-09-10,INV-000100
txn_000101,Customer 101,13937.37,USD,2026-09-11,INV-000101
txn_000102,Customer 102,14074.74,USD,2026-09-12,INV-000102
txn_000103,Customer 103,14211.11,USD,2026-09-13,INV-000103
txn_000104,Customer 104,14348.48,USD,2026-09-14,INV-000104
txn_000105,Customer 105,14485.85,USD,2026-09-15,INV-000105
txn_000106,Customer 106,14622.22,USD,2026-09-16,INV-000106
txn_000107,Customer 107,14759.59,USD,2026-09-17,INV-000107
txn_000108,Customer 108,14896.96,USD,2026-09-18,INV-000108
txn_000109,Customer 109,15033.33,USD,2026-09-19,INV-000109
txn_000110,Customer 110,15170.70,USD,2026-09-20,INV-000110
txn_000111,Customer 111,15307.07,USD,2026-09-21,INV-000111
txn_000112,Customer 112,15444.44,USD,2026-09-22,INV-000112
txn_000113,Customer 113,15581.81,USD,2026-09-23,INV-000113
txn_000114,Customer 114,15718.18,USD,2026-09-24,INV-000114
txn_000115,Customer 115,15855.55,USD,2026-09-25,INV-000115
txn_000116,Customer 116,15992.92,USD,2026-09-26,INV-000116
txn_000117,Customer 117,16129.29,USD,2026-09-27,INV-000117
txn_000118,Customer 118,16266.66,USD,2026-09-28,INV-000118
txn_000119,Customer 119,16403.03,USD,2026-09-29,INV-000119
txn_000120,Customer 120,16540.40,USD,2026-09-30,INV-000120
txn_000121,Customer 121,16677.77,USD,2026-09-01,INV-000121
txn_000122,Customer 122,16814.14,USD,2026-09-02,INV-000122
txn_000123,Customer 123,16951.51,USD,2026-09-03,INV-000123
txn_000124,Customer 124,17088.88,USD,2026-09-04,INV-000124
txn_000125,Customer 125,17225.25,USD,2026-09-05,INV-000125
txn_000126,Customer 126,17362.62,USD,2026-09-06,INV-000126
txn_000127,Customer 127,17499.99,USD,2026-09-07,INV-000127
txn_000128,Customer 128,17636.36,USD,2026-09-08,INV-000128
txn_000129,Customer 129,17773.73,USD,2026-09-09,INV-000129
txn_000130,Customer 130,17910.10,USD,2026-09-10,INV-000130
txn_000131,Customer 131,18047.47,USD,2026-09-11,INV-000131
txn_000132,Customer 132,18184.84,USD,2026-09-12,INV-000132
txn_000133,Customer 133,18321.21,USD,2026-09-13,INV-000133
txn_000134,Customer 134,18458.58,USD,2026-09-14,INV-000134
txn_000135,Customer 135,18595.95,USD,2026-09-15,INV-000135
txn_000136,Customer 136,18732.32,USD,2026-09-16,INV-000136
txn_000137,Customer 137,18869.69,USD,2026-09-17,INV-000137
txn_000138,Customer 138,19006.06,USD,2026-09-18,INV-000138
txn_000139,Customer 139,19143.43,USD,2026-09-19,INV-000139
txn_000140,Customer 140,19280.80,USD,2026-09-20,INV-000140
txn_000141,Customer 141,19417.17,USD,2026-09-21,INV-000141
txn_000142,Customer 142,19554.54,USD,2026-09-22,INV-000142
txn_000143,Customer 143,19691.91,USD,2026-09-23,INV-000143
txn_000144,Customer 144,19828.28,USD,2026-09-24,INV-000144
txn_000145,Customer 145,19965.65,USD,2026-09-25,INV-000145
txn_000146,Customer 146,20102.02,USD,2026-09-26,INV-000146
txn_000147,Customer 147,20239.39,USD,2026-09-27,INV-000147
txn_000148,Customer 148,20376.76,USD,2026-09-28,INV-000148
txn_000149,Customer 149,20513.13,USD,2026-09-29,INV-000149
txn_000150,Customer 150,20650.50,USD,2026-09-30,INV-000150
txn_000151,Customer 151,20787.87,USD,2026-09-01,INV-000151
txn_000152,Customer 152,20924.24,USD,2026-09-02,INV-000152
txn_000153,Customer 153,21061.61,USD,2026-09-03,INV-000153
txn_000154,Customer 154,21198.98,USD,2026-09-04,INV-000154
txn_000155,Customer 155,21335.35,USD,2026-09-05,INV-000155
txn_000156,Customer 156,21472.72,USD,2026-09-06,INV-000156
txn_000157,Customer 157,21609.09,USD,2026-09-07,INV-000157
txn_000158,Customer 158,21746.46,USD,2026-09-08,INV-000158
txn_000159,Customer 159,21883.83,USD,2026-09-09,INV-000159
txn_000160,Customer 160,22020.20,USD,2026-09-10,INV-000160
txn_000161,Customer 161,22157.57,USD,2026-09-11,INV-000161
txn_000162,Customer 162,22294.94,USD,2026-09-12,INV-000162
txn_000163,Customer 163,22431.31,USD,2026-09-13,INV-000163
txn_000164,Customer 164,22568.68,USD,2026-09-14,INV-000164
txn_000165,Customer 165,22705.05,USD,2026-09-15,INV-000165
txn_000166,Customer 166,22842.42,USD,2026-09-16,INV-000166
txn_000167,Customer 167,22979.79,USD,2026-09-17,INV-000167
txn_000168,Customer 168,23116.16,USD,2026-09-18,INV-000168
txn_000169,Customer 169,23253.53,USD,2026-09-19,INV-000169
txn_000170,Customer 170,23390.90,USD,2026-09-20,INV-000170
txn_000171,Customer 171,23527.27,USD,2026-09-21,INV-000171
txn_000172,Customer 172,23664.64,USD,2026-09-22,INV-000172
txn_000173,Customer 173,23801.01,USD,2026-09-23,INV-000173
txn_000174,Customer 174,23938.38,USD,2026-09-24,INV-000174
txn_000175,Customer 175,24075.75,USD,2026-09-25,INV-000175
txn_000176,Customer 176,24212.12,USD,2026-09-26,INV-000176
txn_000177,Customer 177,24349.49,USD,2026-09-27,INV-000177
txn_000178,Customer 178,24486.86,USD,2026-09-28,INV-000178
txn_000179,Customer 179,24623.23,USD,2026-09-29,INV-000179
txn_000180,Customer 180,24760.60,USD,2026-09-30,INV-000180
txn_000181,Customer 181,24897.97,USD,2026-09-01,INV-000181
txn_000182,Customer 182,25034.34,USD,2026-09-02,INV-000182
txn_000183,Customer 183,171.71,USD,2026-09-03,INV-000183
txn_000184,Customer 184,308.08,USD,2026-09-04,INV-000184
txn_000185,Customer 185,445.45,USD,2026-09-05,INV-000185
txn_000186,Customer 186,582.82,USD,2026-09-06,INV-000186
txn_000187,Customer 187,719.19,USD,2026-09-07,INV-000187
txn_000188,Customer 188,856.56,USD,2026-09-08,INV-000188
txn_000189,Customer 189,993.93,USD,2026-09-09,INV-000189
txn_000190,Customer 190,1130.30,USD,2026-09-10,INV-000190
txn_000191,Customer 191,1267.67,USD,2026-09-11,INV-000191
txn_000192,Customer 192,1404.04,USD,2026-09-12,INV-000192
txn_000193,Customer 193,1541.41,USD,2026-09-13,INV-000193
txn_000194,Customer 194,1678.78,USD,2026-09-14,INV-000194
txn_000195,Customer 195,1815.15,USD,2026-09-15,INV-000195
txn_000196,Customer 196,1952.52,USD,2026-09-16,INV-000196
txn_000197,Customer 197,2089.89,USD,2026-09-17,INV-000197
txn_000198,Customer 198,2226.26,USD,2026-09-18,INV-000198
txn_000199,Customer 199,2363.63,USD,2026-09-19,INV-000199
txn_000200,Customer 200,2500.00,USD,2026-09-20,INV-000200
txn_000201,Customer 201,2637.37,USD,2026-09-21,INV-000201
txn_000202,Customer 202,2774.74,USD,2026-09-22,INV-000202
txn_000203,Customer 203,2911.11,USD,2026-09-23,INV-000203
txn_000204,Customer 204,3048.48,USD,2026-09-24,INV-000204
txn_000205,Customer 205,3185.85,USD,2026-09-25,INV-000205
txn_000206,Customer 206,3322.22,USD,2026-09-26,INV-000206
txn_000207,Customer 207,3459.59,USD,2026-09-27,INV-000207
txn_000208,Customer 208,3596.96,USD,2026-09-28,INV-000208
txn_000209,Customer 209,3733.33,USD,2026-09-29,INV-000209
txn_000210,Customer 210,3870.70,USD,2026-09-30,INV-000210
txn_000211,Customer 211,4007.07,USD,2026-09-01,INV-000211
txn_000212,Customer 212,4144.44,USD,2026-09-02,INV-000212
txn_000213,Customer 213,4281.81,USD,2026-09-03,INV-000213
txn_000214,Customer 214,4418.18,USD,2026-09-04,INV-000214
txn_000215,Customer 215,4555.55,USD,2026-09-05,INV-000215
txn_000216,Customer 216,4692.92,USD,2026-09-06,INV-000216
txn_000217,Customer 217,4829.29,USD,2026-09-07,INV-000217
txn_000218,Customer 218,4966.66,USD,2026-09-08,INV-000218
txn_000219,Customer 219,5103.03,USD,2026-09-09,INV-000219
txn_000220,Customer 220,5240.40,USD,2026-09-10,INV-000220
txn_000221,Customer 221,5377.77,USD,2026-09-11,INV-000221
txn_000222,Customer 222,5514.14,USD,2026-09-12,INV-000222
txn_000223,Customer 223,5651.51,USD,2026-09-13,INV-000223
txn_000224,Customer 224,5788.88,USD,2026-09-14,INV-000224
txn_000225,Customer 225,5925.25,USD,2026-09-15,INV-000225
txn_000226,Customer 226,6062.62,USD,2026-09-16,INV-000226
txn_000227,Customer 227,6199.99,USD,2026-09-17,INV-000227
txn_000228,Customer 228,6336.36,USD,2026-09-18,INV-000228
txn_000229,Customer 229,6473.73,USD,2026-09-19,INV-000229
txn_000230,Customer 230,6610.10,USD,2026-09-20,INV-000230
txn_000231,Customer 231,6747.47,USD,2026-09-21,INV-000231
txn_000232,Customer 232,6884.84,USD,2026-09-22,INV-000232
txn_000233,Customer 233,7021.21,USD,2026-09-23,INV-000233
txn_000234,Customer 234,7158.58,USD,2026-09-24,INV-000234
txn_000235,Customer 235,7295.95,USD,2026-09-25,INV-000235
txn_000236,Customer 236,7432.32,USD,2026-09-26,INV-000236
txn_000237,Customer 237,7569.69,USD,2026-09-27,INV-000237
txn_000238,Customer 238,7706.06,USD,2026-09-28,INV-000238
txn_000239,Customer 239,7843.43,USD,2026-09-29,INV-000239
txn_000240,Customer 240,7980.80,USD,2026-09-30,INV-000240
txn_000241,Customer 241,8117.17,USD,2026-09-01,INV-000241
txn_000242,Customer 242,8254.54,USD,2026-09-02,INV-000242
txn_000243,Customer 243,8391.91,USD,2026-09-03,INV-000243
txn_000244,Customer 244,8528.28,USD,2026-09-04,INV-000244
txn_000245,Customer 245,8665.65,USD,2026-09-05,INV-000245
txn_000246,Customer 246,8802.02,USD,2026-09-06,INV-000246
txn_000247,Customer 247,8939.39,USD,2026-09-07,INV-000247
txn_000248,Customer 248,9076.76,USD,2026-09-08,INV-000248
txn_000249,Customer 249,9213.13,USD,2026-09-09,INV-000249
txn_000250,Customer 250,9350.50,USD,2026-09-10,INV-000250
txn_000251,Customer 251,9487.87,USD,2026-09-11,INV-000251
txn_000252,Customer 252,9624.24,USD,2026-09-12,INV-000252
txn_000253,Customer 253,9761.61,USD,2026-09-13,INV-000253
txn_000254,Customer 254,9898.98,USD,2026-09-14,INV-000254
txn_000255,Customer 255,10035.35,USD,2026-09-15,INV-000255
txn_000256,Customer 256,10172.72,USD,2026-09-16,INV-000256
txn_000257,Customer 257,10309.09,USD,2026-09-17,INV-000257
txn_000258,Customer 258,10446.46,USD,2026-09-18,INV-000258
txn_000259,Customer 259,10583.83,USD,2026-09-19,INV-000259
txn_000260,Customer 260,10720.20,USD,2026-09-20,INV-000260
txn_000261,Customer 261,10857.57,USD,2026-09-21,INV-000261
txn_000262,Customer 262,10994.94,USD,2026-09-22,INV-000262
txn_000263,Customer 263,11131.31,USD,2026-09-23,INV-000263
txn_000264,Customer 264,11268.68,USD,2026-09-24,INV-000264
txn_000265,Customer 265,11405.05,USD,2026-09-25,INV-000265
txn_000266,Customer 266,11542.42,USD,2026-09-26,INV-000266
txn_000267,Customer 267,11679.79,USD,2026-09-27,INV-000267
txn_000268,Customer 268,11816.16,USD,2026-09-28,INV-000268
txn_000269,Customer 269,11953.53,USD,2026-09-29,INV-000269
txn_000270,Customer 270,12090.90,USD,2026-09-30,INV-000270
txn_000271,Customer 271,12227.27,USD,2026-09-01,INV-000271
txn_000272,Customer 272,12364.64,USD,2026-09-02,INV-000272
txn_000273,Customer 273,12501.01,USD,2026-09-03,INV-000273
txn_000274,Customer 274,12638.38,USD,2026-09-04,INV-000274
txn_000275,Customer 275,12775.75,USD,2026-09-05,INV-000275
txn_000276,Customer 276,12912.12,USD,2026-09-06,INV-000276
txn_000277,Customer 277,13049.49,USD,2026-09-07,INV-000277
txn_000278,Customer 278,13186.86,USD,2026-09-08,INV-000278
txn_000279,Customer 279,13323.23,USD,2026-09-09,INV-000279
txn_000280,Customer 280,13460.60,USD,2026-09-10,INV-000280
txn_000281,Customer 281,13597.97,USD,2026-09-11,INV-000281
txn_000282,Customer 282,13734.34,USD,2026-09-12,INV-000282
txn_000283,Customer 283,13871.71,USD,2026-09-13,INV-000283
txn_000284,Customer 284,14008.08,USD,2026-09-14,INV-000284
txn_000285,Customer 285,14145.45,USD,2026-09-15,INV-000285
txn_000286,Customer 286,14282.82,USD,2026-09-16,INV-000286
txn_000287,Customer 287,14419.19,USD,2026-09-17,INV-000287
txn_000288,Customer 288,14556.56,USD,2026-09-18,INV-000288
txn_000289,Customer 289,14693.93,USD,2026-09-19,INV-000289
txn_000290,Customer 290,14830.30,USD,2026-09-20,INV-000290
txn_000291,Customer 291,14967.67,USD,2026-09-21,INV-000291
txn_000292,Customer 292,15104.04,USD,2026-09-22,INV-000292
txn_000293,Customer 293,15241.41,USD,2026-09-23,INV-000293
txn_000294,Customer 294,15378.78,USD,2026-09-24,INV-000294
txn_000295,Customer 295,15515.15,USD,2026-09-25,INV-000295
txn_000296,Customer 296,15652.52,USD,2026-09-26,INV-000296
txn_000297,Customer 297,15789.89,USD,2026-09-27,INV-000297
txn_000298,Customer 298,15926.26,USD,2026-09-28,INV-000298
txn_000299,Customer 299,16063.63,USD,2026-09-29,INV-000299
txn_000300,Customer 300,16200.00,USD,2026-09-30,INV-000300
txn_000301,Customer 301,16337.37,USD,2026-09-01,INV-000301
txn_000302,Customer 302,16474.74,USD,2026-09-02,INV-000302
txn_000303,Customer 303,16611.11,USD,2026-09-03,INV-000303
txn_000304,Customer 304,16748.48,USD,2026-09-04,INV-000304
txn_000305,Customer 305,16885.85,USD,2026-09-05,INV-000305
txn_000306,Customer 306,17022.22,USD,2026-09-06,INV-000306
txn_000307,Customer 307,17159.59,USD,2026-09-07,INV-000307
txn_000308,Customer 308,17296.96,USD,2026-09-08,INV-000308
txn_000309,Customer 309,17433.33,USD,2026-09-09,INV-000309
txn_000310,Customer 310,17570.70,USD,2026-09-10,INV-000310
txn_000311,Customer 311,17707.07,USD,2026-09-11,INV-000311
txn_000312,Customer 312,17844.44,USD,2026-09-12,INV-000312
txn_000313,Customer 313,17981.81,USD,2026-09-13,INV-000313
txn_000314,Customer 314,18118.18,USD,2026-09-14,INV-000314
txn_000315,Customer 315,18255.55,USD,2026-09-15,INV-000315
txn_000316,Customer 316,18392.92,USD,2026-09-16,INV-000316
txn_000317,Customer 317,18529.29,USD,2026-09-17,INV-000317
txn_000318,Customer 318,18666.66,USD,2026-09-18,INV-000318
txn_000319,Customer 319,18803.03,USD,2026-09-19,INV-000319
txn_000320,Customer 320,18940.40,USD,2026-09-20,INV-000320
txn_000321,Customer 321,19077.77,USD,2026-09-21,INV-000321
txn_000322,Customer 322,19214.14,USD,2026-09-22,INV-000322
txn_000323,Customer 323,19351.51,USD,2026-09-23,INV-000323
txn_000324,Customer 324,19488.88,USD,2026-09-24,INV-000324
txn_000325,Customer 325,19625.25,USD,2026-09-25,INV-000325
txn_000326,Customer 326,19762.62,USD,2026-09-26,INV-000326
txn_000327,Customer 327,19899.99,USD,2026-09-27,INV-000327
txn_000328,Customer 328,20036.36,USD,2026-09-28,INV-000328
txn_000329,Customer 329,20173.73,USD,2026-09-29,INV-000329
txn_000330,Customer 330,20310.10,USD,2026-09-30,INV-000330
txn_000331,Customer 331,20447.47,USD,2026-09-01,INV-000331
txn_000332,Customer 332,20584.84,USD,2026-09-02,INV-000332
txn_000333,Customer 333,20721.21,USD,2026-09-03,INV-000333
txn_000334,Customer 334,20858.58,USD,2026-09-04,INV-000334
txn_000335,Customer 335,20995.95,USD,2026-09-05,INV-000335
txn_000336,Customer 336,21132.32,USD,2026-09-06,INV-000336
txn_000337,Customer 337,21269.69,USD,2026-09-07,INV-000337
txn_000338,Customer 338,21406.06,USD,2026-09-08,INV-000338
txn_000339,Customer 339,21543.43,USD,2026-09-09,INV-000339
txn_000340,Customer 340,21680.80,USD,2026-09-10,INV-000340
txn_000341,Customer 341,21817.17,USD,2026-09-11,INV-000341
txn_000342,Customer 342,21954.54,USD,2026-09-12,INV-000342
txn_000343,Customer 343,22091.91,USD,2026-09-13,INV-000343
txn_000344,Customer 344,22228.28,USD,2026-09-14,INV-000344
txn_000345,Customer 345,22365.65,USD,2026-09-15,INV-000345
txn_000346,Customer 346,22502.02,USD,2026-09-16,INV-000346
txn_000347,Customer 347,22639.39,USD,2026-09-17,INV-000347
txn_000348,Customer 348,22776.76,USD,2026-09-18,INV-000348
txn_000349,Customer 349,22913.13,USD,2026-09-19,INV-000349
txn_000350,Customer 350,23050.50,USD,2026-09-20,INV-000350
txn_000351,Customer 351,23187.87,USD,2026-09-21,INV-000351
txn_000352,Customer 352,23324.24,USD,2026-09-22,INV-000352
txn_000353,Customer 353,23461.61,USD,2026-09-23,INV-000353
txn_000354,Customer 354,23598.98,USD,2026-09-24,INV-000354
txn_000355,Customer 355,23735.35,USD,2026-09-25,INV-000355
txn_000356,Customer 356,23872.72,USD,2026-09-26,INV-000356
txn_000357,Customer 357,24009.09,USD,2026-09-27,INV-000357
txn_000358,Customer 358,24146.46,USD,2026-09-28,INV-000358
txn_000359,Customer 359,24283.83,USD,2026-09-29,INV-000359
txn_000360,Customer 360,24420.20,USD,2026-09-30,INV-000360
txn_000361,Customer 361,24557.57,USD,2026-09-01,INV-000361
txn_000362,Customer 362,24694.94,USD,2026-09-02,INV-000362
txn_000363,Customer 363,24831.31,USD,2026-09-03,INV-000363
txn_000364,Customer 364,24968.68,USD,2026-09-04,INV-000364
txn_000365,Customer 365,105.05,USD,2026-09-05,INV-000365
txn_000366,Customer 366,242.42,USD,2026-09-06,INV-000366
txn_000367,Customer 367,379.79,USD,2026-09-07,INV-000367
txn_000368,Customer 368,516.16,USD,2026-09-08,INV-000368
txn_000369,Customer 369,653.53,USD,2026-09-09,INV-000369
txn_000370,Customer 370,790.90,USD,2026-09-10,INV-000370
txn_000371,Customer 371,927.27,USD,2026-09-11,INV-000371
txn_000372,Customer 372,1064.64,USD,2026-09-12,INV-000372
txn_000373,Customer 373,1201.01,USD,2026-09-13,INV-000373
txn_000374,Customer 374,1338.38,USD,2026-09-14,INV-000374
txn_000375,Customer 375,1475.75,USD,2026-09-15,INV-000375
txn_000376,Customer 376,1612.12,USD,2026-09-16,INV-000376
txn_000377,Customer 377,1749.49,USD,2026-09-17,INV-000377
txn_000378,Customer 378,1886.86,USD,2026-09-18,INV-000378
txn_000379,Customer 379,2023.23,USD,2026-09-19,INV-000379
txn_000380,Customer 380,2160.60,USD,2026-09-20,INV-000380
txn_000381,Customer 381,2297.97,USD,2026-09-21,INV-000381
txn_000382,Customer 382,2434.34,USD,2026-09-22,INV-000382
txn_000383,Customer 383,2571.71,USD,2026-09-23,INV-000383
txn_000384,Customer 384,2708.08,USD,2026-09-24,INV-000384
txn_000385,Customer 385,2845.45,USD,2026-09-25,INV-000385
txn_000386,Customer 386,2982.82,USD,2026-09-26,INV-000386
txn_000387,Customer 387,3119.19,USD,2026-09-27,INV-000387
txn_000388,Customer 388,3256.56,USD,2026-09-28,INV-000388
txn_000389,Customer 389,3393.93,USD,2026-09-29,INV-000389
txn_000390,Customer 390,3530.30,USD,2026-09-30,INV-000390
txn_000391,Customer 391,3667.67,USD,2026-09-01,INV-000391
txn_000392,Customer 392,3804.04,USD,2026-09-02,INV-000392
txn_000393,Customer 393,3941.41,USD,2026-09-03,INV-000393
txn_000394,Customer 394,4078.78,USD,2026-09-04,INV-000394
txn_000395,Customer 395,4215.15,USD,2026-09-05,INV-000395
txn_000396,Customer 396,4352.52,USD,2026-09-06,INV-000396
txn_000397,Customer 397,4489.89,USD,2026-09-07,INV-000397
txn_000398,Customer 398,4626.26,USD,2026-09-08,INV-000398
txn_000399,Customer 399,4763.63,USD,2026-09-09,INV-000399
txn_000400,Customer 400,4900.00,USD,2026-09-10,INV-000400
txn_000401,Customer 401,5037.37,USD,2026-09-11,INV-000401
txn_000402,Customer 402,5174.74,USD,2026-09-12,INV-000402
txn_000403,Customer 403,5311.11,USD,2026-09-13,INV-000403
txn_000404,Customer 404,5448.48,USD,2026-09-14,INV-000404
txn_000405,Customer 405,5585.85,USD,2026-09-15,INV-000405
txn_000406,Customer 406,5722.22,USD,2026-09-16,INV-000406
txn_000407,Customer 407,5859.59,USD,2026-09-17,INV-000407
txn_000408,Customer 408,5996.96,USD,2026-09-18,INV-000408
txn_000409,Customer 409,6133.33,USD,2026-09-19,INV-000409
txn_000410,Customer 410,6270.70,USD,2026-09-20,INV-000410
txn_000411,Customer 411,6407.07,USD,2026-09-21,INV-000411
txn_000412,Customer 412,6544.44,USD,2026-09-22,INV-000412
txn_000413,Customer 413,6681.81,USD,2026-09-23,INV-000413
txn_000414,Customer 414,6818.18,USD,2026-09-24,INV-000414
txn_000415,Customer 415,6955.55,USD,2026-09-25,INV-000415
txn_000416,Customer 416,7092.92,USD,2026-09-26,INV-000416
txn_000417,Customer 417,7229.29,USD,2026-09-27,INV-000417
txn_000418,Customer 418,7366.66,USD,2026-09-28,INV-000418
txn_000419,Customer 419,7503.03,USD,2026-09-29,INV-000419
txn_000420,Customer 420,7640.40,USD,2026-09-30,INV-000420
txn_000421,Customer 421,7777.77,USD,2026-09-01,INV-000421
txn_000422,Customer 422,7914.14,USD,2026-09-02,INV-000422
txn_000423,Customer 423,8051.51,USD,2026-09-03,INV-000423
txn_000424,Customer 424,8188.88,USD,2026-09-04,INV-000424
txn_000425,Customer 425,8325.25,USD,2026-09-05,INV-000425
txn_000426,Customer 426,8462.62,USD,2026-09-06,INV-000426
txn_000427,Customer 427,8599.99,USD,2026-09-07,INV-000427
txn_000428,Customer 428,8736.36,USD,2026-09-08,INV-000428
txn_000429,Customer 429,8873.73,USD,2026-09-09,INV-000429
txn_000430,Customer 430,9010.10,USD,2026-09-10,INV-000430
txn_000431,Customer 431,9147.47,USD,2026-09-11,INV-000431
txn_000432,Customer 432,9284.84,USD,2026-09-12,INV-000432
txn_000433,Customer 433,9421.21,USD,2026-09-13,INV-000433
txn_000434,Customer 434,9558.58,USD,2026-09-14,INV-000434
txn_000435,Customer 435,9695.95,USD,2026-09-15,INV-000435
txn_000436,Customer 436,9832.32,USD,2026-09-16,INV-000436
txn_000437,Customer 437,9969.69,USD,2026-09-17,INV-000437
txn_000438,Customer 438,10106.06,USD,2026-09-18,INV-000438
txn_000439,Customer 439,10243.43,USD,2026-09-19,INV-000439
txn_000440,Customer 440,10380.80,USD,2026-09-20,INV-000440
txn_000441,Customer 441,10517.17,USD,2026-09-21,INV-000441
txn_000442,Customer 442,10654.54,USD,2026-09-22,INV-000442
txn_000443,Customer 443,10791.91,USD,2026-09-23,INV-000443
txn_000444,Customer 444,10928.28,USD,2026-09-24,INV-000444
txn_000445,Customer 445,11065.65,USD,2026-09-25,INV-000445
txn_000446,Customer 446,11202.02,USD,2026-09-26,INV-000446
txn_000447,Customer 447,11339.39,USD,2026-09-27,INV-000447
txn_000448,Customer 448,11476.76,USD,2026-09-28,INV-000448
txn_000449,Customer 449,11613.13,USD,2026-09-29,INV-000449
txn_000450,Customer 450,11750.50,USD,2026-09-30,INV-000450
txn_000451,Customer 451,11887.87,USD,2026-09-01,INV-000451
txn_000452,Customer 452,12024.24,USD,2026-09-02,INV-000452
txn_000453,Customer 453,12161.61,USD,2026-09-03,INV-000453
txn_000454,Customer 454,12298.98,USD,2026-09-04,INV-000454
txn_000455,Customer 455,12435.35,USD,2026-09-05,INV-000455
txn_000456,Customer 456,12572.72,USD,2026-09-06,INV-000456
txn_000457,Customer 457,12709.09,USD,2026-09-07,INV-000457
txn_000458,Customer 458,12846.46,USD,2026-09-08,INV-000458
txn_000459,Customer 459,12983.83,USD,2026-09-09,INV-000459
txn_000460,Customer 460,13120.20,USD,2026-09-10,INV-000460
txn_000461,Customer 461,13257.57,USD,2026-09-11,INV-000461
txn_000462,Customer 462,13394.94,USD,2026-09-12,INV-000462
txn_000463,Customer 463,13531.31,USD,2026-09-13,INV-000463
txn_000464,Customer 464,13668.68,USD,2026-09-14,INV-000464
txn_000465,Customer 465,13805.05,USD,2026-09-15,INV-000465
txn_000466,Customer 466,13942.42,USD,2026-09-16,INV-000466
txn_000467,Customer 467,14079.79,USD,2026-09-17,INV-000467
txn_000468,Customer 468,14216.16,USD,2026-09-18,INV-000468
txn_000469,Customer 469,14353.53,USD,2026-09-19,INV-000469
txn_000470,Customer 470,14490.90,USD,2026-09-20,INV-000470
txn_000471,Customer 471,14627.27,USD,2026-09-21,INV-000471
txn_000472,Customer 472,14764.64,USD,2026-09-22,INV-000472
txn_000473,Customer 473,14901.01,USD,2026-09-23,INV-000473
txn_000474,Customer 474,15038.38,USD,2026-09-24,INV-000474
txn_000475,Customer 475,15175.75,USD,2026-09-25,INV-000475
txn_000476,Customer 476,15312.12,USD,2026-09-26,INV-000476
txn_000477,Customer 477,15449.49,USD,2026-09-27,INV-000477
txn_000478,Customer 478,15586.86,USD,2026-09-28,INV-000478
txn_000479,Customer 479,15723.23,USD,2026-09-29,INV-000479
txn_000480,Customer 480,15860.60,USD,2026-09-30,INV-000480
txn_000481,Customer 481,15997.97,USD,2026-09-01,INV-000481
txn_000482,Customer 482,16134.34,USD,2026-09-02,INV-000482
txn_000483,Customer 483,16271.71,USD,2026-09-03,INV-000483
txn_000484,Customer 484,16408.08,USD,2026-09-04,INV-000484
txn_000485,Customer 485,16545.45,USD,2026-09-05,INV-000485
txn_000486,Customer 486,16682.82,USD,2026-09-06,INV-000486
txn_000487,Customer 487,16819.19,USD,2026-09-07,INV-000487
txn_000488,Customer 488,16956.56,USD,2026-09-08,INV-000488
txn_000489,Customer 489,17093.93,USD,2026-09-09,INV-000489
txn_000490,Customer 490,17230.30,USD,2026-09-10,INV-000490
txn_000491,Customer 491,17367.67,USD,2026-09-11,INV-000491
txn_000492,Customer 492,17504.04,USD,2026-09-12,INV-000492
txn_000493,Customer 493,17641.41,USD,2026-09-13,INV-000493
txn_000494,Customer 494,17778.78,USD,2026-09-14,INV-000494
txn_000495,Customer 495,17915.15,USD,2026-09-15,INV-000495
txn_000496,Customer 496,18052.52,USD,2026-09-16,INV-000496
txn_000497,Customer 497,18189.89,USD,2026-09-17,INV-000497
txn_000498,Customer 498,18326.26,USD,2026-09-18,INV-000498
txn_000499,Customer 499,18463.63,USD,2026-09-19,INV-000499
txn_000500,Customer 500,18600.00,USD,2026-09-20,INV-000500
txn_000501,Customer 501,18737.37,USD,2026-09-21,INV-000501
txn_000502,Customer 502,18874.74,USD,2026-09-22,INV-000502
txn_000503,Customer 503,19011.11,USD,2026-09-23,INV-000503
txn_000504,Customer 504,19148.48,USD,2026-09-24,INV-000504
txn_000505,Customer 505,19285.85,USD,2026-09-25,INV-000505
txn_000506,Customer 506,19422.22,USD,2026-09-26,INV-000506
txn_000507,Customer 507,19559.59,USD,2026-09-27,INV-000507
txn_000508,Customer 508,19696.96,USD,2026-09-28,INV-000508
txn_000509,Customer 509,19833.33,USD,2026-09-29,INV-000509
txn_000510,Customer 510,19970.70,USD,2026-09-30,INV-000510
txn_000511,Customer 511,20107.07,USD,2026-09-01,INV-000511
txn_000512,Customer 512,20244.44,USD,2026-09-02,INV-000512
txn_000513,Customer 513,20381.81,USD,2026-09-03,INV-000513
txn_000514,Customer 514,20518.18,USD,2026-09-04,INV-000514
txn_000515,Customer 515,20655.55,USD,2026-09-05,INV-000515
txn_000516,Customer 516,20792.92,USD,2026-09-06,INV-000516
txn_000517,Customer 517,20929.29,USD,2026-09-07,INV-000517
txn_000518,Customer 518,21066.66,USD,2026-09-08,INV-000518
txn_000519,Customer 519,21203.03,USD,2026-09-09,INV-000519
txn_000520,Customer 520,21340.40,USD,2026-09-10,INV-000520
txn_000521,Customer 521,21477.77,USD,2026-09-11,INV-000521
txn_000522,Customer 522,21614.14,USD,2026-09-12,INV-000522
txn_000523,Customer 523,21751.51,USD,2026-09-13,INV-000523
txn_000524,Customer 524,21888.88,USD,2026-09-14,INV-000524
txn_000525,Customer 525,22025.25,USD,2026-09-15,INV-000525
txn_000526,Customer 526,22162.62,USD,2026-09-16,INV-000526
txn_000527,Customer 527,22299.99,USD,2026-09-17,INV-000527
txn_000528,Customer 528,22436.36,USD,2026-09-18,INV-000528
txn_000529,Customer 529,22573.73,USD,2026-09-19,INV-000529
txn_000530,Customer 530,22710.10,USD,2026-09-20,INV-000530
txn_000531,Customer 531,22847.47,USD,2026-09-21,INV-000531
txn_000532,Customer 532,22984.84,USD,2026-09-22,INV-000532
txn_000533,Customer 533,23121.21,USD,2026-09-23,INV-000533
txn_000534,Customer 534,23258.58,USD,2026-09-24,INV-000534
txn_000535,Customer 535,23395.95,USD,2026-09-25,INV-000535
txn_000536,Customer 536,23532.32,USD,2026-09-26,INV-000536
txn_000537,Customer 537,23669.69,USD,2026-09-27,INV-000537
txn_000538,Customer 538,23806.06,USD,2026-09-28,INV-000538
txn_000539,Customer 539,23943.43,USD,2026-09-29,INV-000539
txn_000540,Customer 540,24080.80,USD,2026-09-30,INV-000540
txn_000541,Customer 541,24217.17,USD,2026-09-01,INV-000541
txn_000542,Customer 542,24354.54,USD,2026-09-02,INV-000542
txn_000543,Customer 543,24491.91,USD,2026-09-03,INV-000543
txn_000544,Customer 544,24628.28,USD,2026-09-04,INV-000544
txn_000545,Customer 545,24765.65,USD,2026-09-05,INV-000545
txn_000546,Customer 546,24902.02,USD,2026-09-06,INV-000546
txn_000547,Customer 547,25039.39,USD,2026-09-07,INV-000547
txn_000548,Customer 548,176.76,USD,2026-09-08,INV-000548
txn_000549,Customer 549,313.13,USD,2026-09-09,INV-000549
txn_000550,Customer 550,450.50,USD,2026-09-10,INV-000550
txn_000551,Customer 551,587.87,USD,2026-09-11,INV-000551
txn_000552,Customer 552,724.24,USD,2026-09-12,INV-000552
txn_000553,Customer 553,861.61,USD,2026-09-13,INV-000553
txn_000554,Customer 554,998.98,USD,2026-09-14,INV-000554
txn_000555,Customer 555,1135.35,USD,2026-09-15,INV-000555
txn_000556,Customer 556,1272.72,USD,2026-09-16,INV-000556
txn_000557,Customer 557,1409.09,USD,2026-09-17,INV-000557
txn_000558,Customer 558,1546.46,USD,2026-09-18,INV-000558
txn_000559,Customer 559,1683.83,USD,2026-09-19,INV-000559
txn_000560,Customer 560,1820.20,USD,2026-09-20,INV-000560
txn_000561,Customer 561,1957.57,USD,2026-09-21,INV-000561
txn_000562,Customer 562,2094.94,USD,2026-09-22,INV-000562
txn_000563,Customer 563,2231.31,USD,2026-09-23,INV-000563
txn_000564,Customer 564,2368.68,USD,2026-09-24,INV-000564
txn_000565,Customer 565,2505.05,USD,2026-09-25,INV-000565
txn_000566,Customer 566,2642.42,USD,2026-09-26,INV-000566
txn_000567,Customer 567,2779.79,USD,2026-09-27,INV-000567
txn_000568,Customer 568,2916.16,USD,2026-09-28,INV-000568
txn_000569,Customer 569,3053.53,USD,2026-09-29,INV-000569
txn_000570,Customer 570,3190.90,USD,2026-09-30,INV-000570
txn_000571,Customer 571,3327.27,USD,2026-09-01,INV-000571
txn_000572,Customer 572,3464.64,USD,2026-09-02,INV-000572
txn_000573,Customer 573,3601.01,USD,2026-09-03,INV-000573
txn_000574,Customer 574,3738.38,USD,2026-09-04,INV-000574
txn_000575,Customer 575,3875.75,USD,2026-09-05,INV-000575
txn_000576,Customer 576,4012.12,USD,2026-09-06,INV-000576
txn_000577,Customer 577,4149.49,USD,2026-09-07,INV-000577
txn_000578,Customer 578,4286.86,USD,2026-09-08,INV-000578
txn_000579,Customer 579,4423.23,USD,2026-09-09,INV-000579
txn_000580,Customer 580,4560.60,USD,2026-09-10,INV-000580
txn_000581,Customer 581,4697.97,USD,2026-09-11,INV-000581
txn_000582,Customer 582,4834.34,USD,2026-09-12,INV-000582
txn_000583,Customer 583,4971.71,USD,2026-09-13,INV-000583
txn_000584,Customer 584,5108.08,USD,2026-09-14,INV-000584
txn_000585,Customer 585,5245.45,USD,2026-09-15,INV-000585
txn_000586,Customer 586,5382.82,USD,2026-09-16,INV-000586
txn_000587,Customer 587,5519.19,USD,2026-09-17,INV-000587
txn_000588,Customer 588,5656.56,USD,2026-09-18,INV-000588
txn_000589,Customer 589,5793.93,USD,2026-09-19,INV-000589
txn_000590,Customer 590,5930.30,USD,2026-09-20,INV-000590
txn_000591,Customer 591,6067.67,USD,2026-09-21,INV-000591
txn_000592,Customer 592,6204.04,USD,2026-09-22,INV-000592
txn_000593,Customer 593,6341.41,USD,2026-09-23,INV-000593
txn_000594,Customer 594,6478.78,USD,2026-09-24,INV-000594
txn_000595,Customer 595,6615.15,USD,2026-09-25,INV-000595
txn_000596,Customer 596,6752.52,USD,2026-09-26,INV-000596
txn_000597,Customer 597,6889.89,USD,2026-09-27,INV-000597
txn_000598,Customer 598,7026.26,USD,2026-09-28,INV-000598
txn_000599,Customer 599,7163.63,USD,2026-09-29,INV-000599
txn_000600,Customer 600,7300.00,USD,2026-09-30,INV-000600
txn_000601,Customer 601,7437.37,USD,2026-09-01,INV-000601
txn_000602,Customer 602,7574.74,USD,2026-09-02,INV-000602
txn_000603,Customer 603,7711.11,USD,2026-09-03,INV-000603
txn_000604,Customer 604,7848.48,USD,2026-09-04,INV-000604
txn_000605,Customer 605,7985.85,USD,2026-09-05,INV-000605
txn_000606,Customer 606,8122.22,USD,2026-09-06,INV-000606
txn_000607,Customer 607,8259.59,USD,2026-09-07,INV-000607
txn_000608,Customer 608,8396.96,USD,2026-09-08,INV-000608
txn_000609,Customer 609,8533.33,USD,2026-09-09,INV-000609
txn_000610,Customer 610,8670.70,USD,2026-09-10,INV-000610
txn_000611,Customer 611,8807.07,USD,2026-09-11,INV-000611
txn_000612,Customer 612,8944.44,USD,2026-09-12,INV-000612
txn_000613,Customer 613,9081.81,USD,2026-09-13,INV-000613
txn_000614,Customer 614,9218.18,USD,2026-09-14,INV-000614
txn_000615,Customer 615,9355.55,USD,2026-09-15,INV-000615
txn_000616,Customer 616,9492.92,USD,2026-09-16,INV-000616
txn_000617,Customer 617,9629.29,USD,2026-09-17,INV-000617
txn_000618,Customer 618,9766.66,USD,2026-09-18,INV-000618
txn_000619,Customer 619,9903.03,USD,2026-09-19,INV-000619
txn_000620,Customer 620,10040.40,USD,2026-09-20,INV-000620
txn_000621,Customer 621,10177.77,USD,2026-09-21,INV-000621
txn_000622,Customer 622,10314.14,USD,2026-09-22,INV-000622
txn_000623,Customer 623,10451.51,USD,2026-09-23,INV-000623
txn_000624,Customer 624,10588.88,USD,2026-09-24,INV-000624
txn_000625,Customer 625,10725.25,USD,2026-09-25,INV-000625
txn_000626,Customer 626,10862.62,USD,2026-09-26,INV-000626
txn_000627,Customer 627,10999.99,USD,2026-09-27,INV-000627
txn_000628,Customer 628,11136.36,USD,2026-09-28,INV-000628
txn_000629,Customer 629,11273.73,USD,2026-09-29,INV-000629
txn_000630,Customer 630,11410.10,USD,2026-09-30,INV-000630
txn_000631,Customer 631,11547.47,USD,2026-09-01,INV-000631
txn_000632,Customer 632,11684.84,USD,2026-09-02,INV-000632
txn_000633,Customer 633,11821.21,USD,2026-09-03,INV-000633
txn_000634,Customer 634,11958.58,USD,2026-09-04,INV-000634
txn_000635,Customer 635,12095.95,USD,2026-09-05,INV-000635
txn_000636,Customer 636,12232.32,USD,2026-09-06,INV-000636
txn_000637,Customer 637,12369.69,USD,2026-09-07,INV-000637
txn_000638,Customer 638,12506.06,USD,2026-09-08,INV-000638
txn_000639,Customer 639,12643.43,USD,2026-09-09,INV-000639
txn_000640,Customer 640,12780.80,USD,2026-09-10,INV-000640
txn_000641,Customer 641,12917.17,USD,2026-09-11,INV-000641
txn_000642,Customer 642,13054.54,USD,2026-09-12,INV-000642
txn_000643,Customer 643,13191.91,USD,2026-09-13,INV-000643
txn_000644,Customer 644,13328.28,USD,2026-09-14,INV-000644
txn_000645,Customer 645,13465.65,USD,2026-09-15,INV-000645
txn_000646,Customer 646,13602.02,USD,2026-09-16,INV-000646
txn_000647,Customer 647,13739.39,USD,2026-09-17,INV-000647
txn_000648,Customer 648,13876.76,USD,2026-09-18,INV-000648
txn_000649,Customer 649,14013.13,USD,2026-09-19,INV-000649
txn_000650,Customer 650,14150.50,USD,2026-09-20,INV-000650
txn_000651,Customer 651,14287.87,USD,2026-09-21,INV-000651
txn_000652,Customer 652,14424.24,USD,2026-09-22,INV-000652
txn_000653,Customer 653,14561.61,USD,2026-09-23,INV-000653
txn_000654,Customer 654,14698.98,USD,2026-09-24,INV-000654
txn_000655,Customer 655,14835.35,USD,2026-09-25,INV-000655
txn_000656,Customer 656,14972.72,USD,2026-09-26,INV-000656
txn_000657,Customer 657,15109.09,USD,2026-09-27,INV-000657
txn_000658,Customer 658,15246.46,USD,2026-09-28,INV-000658
txn_000659,Customer 659,15383.83,USD,2026-09-29,INV-000659
txn_000660,Customer 660,15520.20,USD,2026-09-30,INV-000660
txn_000661,Customer 661,15657.57,USD,2026-09-01,INV-000661
txn_000662,Customer 662,15794.94,USD,2026-09-02,INV-000662
txn_000663,Customer 663,15931.31,USD,2026-09-03,INV-000663
txn_000664,Customer 664,16068.68,USD,2026-09-04,INV-000664
txn_000665,Customer 665,16205.05,USD,2026-09-05,INV-000665
txn_000666,Customer 666,16342.42,USD,2026-09-06,INV-000666
txn_000667,Customer 667,16479.79,USD,2026-09-07,INV-000667
txn_000668,Customer 668,16616.16,USD,2026-09-08,INV-000668
txn_000669,Customer 669,16753.53,USD,2026-09-09,INV-000669
txn_000670,Customer 670,16890.90,USD,2026-09-10,INV-000670
txn_000671,Customer 671,17027.27,USD,2026-09-11,INV-000671
txn_000672,Customer 672,17164.64,USD,2026-09-12,INV-000672
txn_000673,Customer 673,17301.01,USD,2026-09-13,INV-000673
txn_000674,Customer 674,17438.38,USD,2026-09-14,INV-000674
txn_000675,Customer 675,17575.75,USD,2026-09-15,INV-000675
txn_000676,Customer 676,17712.12,USD,2026-09-16,INV-000676
txn_000677,Customer 677,17849.49,USD,2026-09-17,INV-000677
txn_000678,Customer 678,17986.86,USD,2026-09-18,INV-000678
txn_000679,Customer 679,18123.23,USD,2026-09-19,INV-000679
txn_000680,Customer 680,18260.60,USD,2026-09-20,INV-000680
txn_000681,Customer 681,18397.97,USD,2026-09-21,INV-000681
txn_000682,Customer 682,18534.34,USD,2026-09-22,INV-000682
txn_000683,Customer 683,18671.71,USD,2026-09-23,INV-000683
txn_000684,Customer 684,18808.08,USD,2026-09-24,INV-000684
txn_000685,Customer 685,18945.45,USD,2026-09-25,INV-000685
txn_000686,Customer 686,19082.82,USD,2026-09-26,INV-000686
txn_000687,Customer 687,19219.19,USD,2026-09-27,INV-000687
txn_000688,Customer 688,19356.56,USD,2026-09-28,INV-000688
txn_000689,Customer 689,19493.93,USD,2026-09-29,INV-000689
txn_000690,Customer 690,19630.30,USD,2026-09-30,INV-000690
txn_000691,Customer 691,19767.67,USD,2026-09-01,INV-000691
txn_000692,Customer 692,19904.04,USD,2026-09-02,INV-000692
txn_000693,Customer 693,20041.41,USD,2026-09-03,INV-000693
txn_000694,Customer 694,20178.78,USD,2026-09-04,INV-000694
txn_000695,Customer 695,20315.15,USD,2026-09-05,INV-000695
txn_000696,Customer 696,20452.52,USD,2026-09-06,INV-000696
txn_000697,Customer 697,20589.89,USD,2026-09-07,INV-000697
txn_000698,Customer 698,20726.26,USD,2026-09-08,INV-000698
txn_000699,Customer 699,20863.63,USD,2026-09-09,INV-000699
txn_000700,Customer 700,21000.00,USD,2026-09-10,INV-000700
txn_000701,Customer 701,21137.37,USD,2026-09-11,INV-000701
txn_000702,Customer 702,21274.74,USD,2026-09-12,INV-000702
txn_000703,Customer 703,21411.11,USD,2026-09-13,INV-000703
txn_000704,Customer 704,21548.48,USD,2026-09-14,INV-000704
txn_000705,Customer 705,21685.85,USD,2026-09-15,INV-000705
txn_000706,Customer 706,21822.22,USD,2026-09-16,INV-000706
txn_000707,Customer 707,21959.59,USD,2026-09-17,INV-000707
txn_000708,Customer 708,22096.96,USD,2026-09-18,INV-000708
txn_000709,Customer 709,22233.33,USD,2026-09-19,INV-000709
txn_000710,Customer 710,22370.70,USD,2026-09-20,INV-000710
txn_000711,Customer 711,22507.07,USD,2026-09-21,INV-000711
txn_000712,Customer 712,22644.44,USD,2026-09-22,INV-000712
txn_000713,Customer 713,22781.81,USD,2026-09-23,INV-000713
txn_000714,Customer 714,22918.18,USD,2026-09-24,INV-000714
txn_000715,Customer 715,23055.55,USD,2026-09-25,INV-000715
txn_000716,Customer 716,23192.92,USD,2026-09-26,INV-000716
txn_000717,Customer 717,23329.29,USD,2026-09-27,INV-000717
txn_000718,Customer 718,23466.66,USD,2026-09-28,INV-000718
txn_000719,Customer 719,23603.03,USD,2026-09-29,INV-000719
txn_000720,Customer 720,23740.40,USD,2026-09-30,INV-000720
txn_000721,Customer 721,23877.77,USD,2026-09-01,INV-000721
txn_000722,Customer 722,24014.14,USD,2026-09-02,INV-000722
txn_000723,Customer 723,24151.51,USD,2026-09-03,INV-000723
txn_000724,Customer 724,24288.88,USD,2026-09-04,INV-000724
txn_000725,Customer 725,24425.25,USD,2026-09-05,INV-000725
txn_000726,Customer 726,24562.62,USD,2026-09-06,INV-000726
txn_000727,Customer 727,24699.99,USD,2026-09-07,INV-000727
txn_000728,Customer 728,24836.36,USD,2026-09-08,INV-000728
txn_000729,Customer 729,24973.73,USD,2026-09-09,INV-000729
txn_000730,Customer 730,110.10,USD,2026-09-10,INV-000730
txn_000731,Customer 731,247.47,USD,2026-09-11,INV-000731
txn_000732,Customer 732,384.84,USD,2026-09-12,INV-000732
txn_000733,Customer 733,521.21,USD,2026-09-13,INV-000733
txn_000734,Customer 734,658.58,USD,2026-09-14,INV-000734
txn_000735,Customer 735,795.95,USD,2026-09-15,INV-000735
txn_000736,Customer 736,932.32,USD,2026-09-16,INV-000736
txn_000737,Customer 737,1069.69,USD,2026-09-17,INV-000737
txn_000738,Customer 738,1206.06,USD,2026-09-18,INV-000738
txn_000739,Customer 739,1343.43,USD,2026-09-19,INV-000739
txn_000740,Customer 740,1480.80,USD,2026-09-20,INV-000740
txn_000741,Customer 741,1617.17,USD,2026-09-21,INV-000741
txn_000742,Customer 742,1754.54,USD,2026-09-22,INV-000742
txn_000743,Customer 743,1891.91,USD,2026-09-23,INV-000743
txn_000744,Customer 744,2028.28,USD,2026-09-24,INV-000744
txn_000745,Customer 745,2165.65,USD,2026-09-25,INV-000745
txn_000746,Customer 746,2302.02,USD,2026-09-26,INV-000746
txn_000747,Customer 747,2439.39,USD,2026-09-27,INV-000747
txn_000748,Customer 748,2576.76,USD,2026-09-28,INV-000748
txn_000749,Customer 749,2713.13,USD,2026-09-29,INV-000749
txn_000750,Customer 750,2850.50,USD,2026-09-30,INV-000750
txn_000751,Customer 001,2987.87,USD,2026-09-01,INV-000751
txn_000752,Customer 002,3124.24,USD,2026-09-02,INV-000752
txn_000753,Customer 003,3261.61,USD,2026-09-03,INV-000753
txn_000754,Customer 004,3398.98,USD,2026-09-04,INV-000754
txn_000755,Customer 005,3535.35,USD,2026-09-05,INV-000755
txn_000756,Customer 006,3672.72,USD,2026-09-06,INV-000756
txn_000757,Customer 007,3809.09,USD,2026-09-07,INV-000757
txn_000758,Customer 008,3946.46,USD,2026-09-08,INV-000758
txn_000759,Customer 009,4083.83,USD,2026-09-09,INV-000759
txn_000760,Customer 010,4220.20,USD,2026-09-10,INV-000760
txn_000761,Customer 011,4357.57,USD,2026-09-11,INV-000761
txn_000762,Customer 012,4494.94,USD,2026-09-12,INV-000762
txn_000763,Customer 013,4631.31,USD,2026-09-13,INV-000763
txn_000764,Customer 014,4768.68,USD,2026-09-14,INV-000764
txn_000765,Customer 015,4905.05,USD,2026-09-15,INV-000765
txn_000766,Customer 016,5042.42,USD,2026-09-16,INV-000766
txn_000767,Customer 017,5179.79,USD,2026-09-17,INV-000767
txn_000768,Customer 018,5316.16,USD,2026-09-18,INV-000768
txn_000769,Customer 019,5453.53,USD,2026-09-19,INV-000769
txn_000770,Customer 020,5590.90,USD,2026-09-20,INV-000770
txn_000771,Customer 021,5727.27,USD,2026-09-21,INV-000771
txn_000772,Customer 022,5864.64,USD,2026-09-22,INV-000772
txn_000773,Customer 023,6001.01,USD,2026-09-23,INV-000773
txn_000774,Customer 024,6138.38,USD,2026-09-24,INV-000774
txn_000775,Customer 025,6275.75,USD,2026-09-25,INV-000775
txn_000776,Customer 026,6412.12,USD,2026-09-26,INV-000776
txn_000777,Customer 027,6549.49,USD,2026-09-27,INV-000777
txn_000778,Customer 028,6686.86,USD,2026-09-28,INV-000778
txn_000779,Customer 029,6823.23,USD,2026-09-29,INV-000779
txn_000780,Customer 030,6960.60,USD,2026-09-30,INV-000780
txn_000781,Customer 031,7097.97,USD,2026-09-01,INV-000781
txn_000782,Customer 032,7234.34,USD,2026-09-02,INV-000782
txn_000783,Customer 033,7371.71,USD,2026-09-03,INV-000783
txn_000784,Customer 034,7508.08,USD,2026-09-04,INV-000784
txn_000785,Customer 035,7645.45,USD,2026-09-05,INV-000785
txn_000786,Customer 036,7782.82,USD,2026-09-06,INV-000786
txn_000787,Customer 037,7919.19,USD,2026-09-07,INV-000787
txn_000788,Customer 038,8056.56,USD,2026-09-08,INV-000788
txn_000789,Customer 039,8193.93,USD,2026-09-09,INV-000789
txn_000790,Customer 040,8330.30,USD,2026-09-10,INV-000790
txn_000791,Customer 041,8467.67,USD,2026-09-11,INV-000791
txn_000792,Customer 042,8604.04,USD,2026-09-12,INV-000792
txn_000793,Customer 043,8741.41,USD,2026-09-13,INV-000793
txn_000794,Customer 044,8878.78,USD,2026-09-14,INV-000794
txn_000795,Customer 045,9015.15,USD,2026-09-15,INV-000795
txn_000796,Customer 046,9152.52,USD,2026-09-16,INV-000796
txn_000797,Customer 047,9289.89,USD,2026-09-17,INV-000797
txn_000798,Customer 048,9426.26,USD,2026-09-18,INV-000798
txn_000799,Customer 049,9563.63,USD,2026-09-19,INV-000799
txn_000800,Customer 050,9700.00,USD,2026-09-20,INV-000800
txn_000801,Customer 051,9837.37,USD,2026-09-21,INV-000801
txn_000802,Customer 052,9974.74,USD,2026-09-22,INV-000802
txn_000803,Customer 053,10111.11,USD,2026-09-23,INV-000803
txn_000804,Customer 054,10248.48,USD,2026-09-24,INV-000804
txn_000805,Customer 055,10385.85,USD,2026-09-25,INV-000805
txn_000806,Customer 056,10522.22,USD,2026-09-26,INV-000806
txn_000807,Customer 057,10659.59,USD,2026-09-27,INV-000807
txn_000808,Customer 058,10796.96,USD,2026-09-28,INV-000808
txn_000809,Customer 059,10933.33,USD,2026-09-29,INV-000809
txn_000810,Customer 060,11070.70,USD,2026-09-30,INV-000810
txn_000811,Customer 061,11207.07,USD,2026-09-01,INV-000811
txn_000812,Customer 062,11344.44,USD,2026-09-02,INV-000812
txn_000813,Customer 063,11481.81,USD,2026-09-03,INV-000813
txn_000814,Customer 064,11618.18,USD,2026-09-04,INV-000814
txn_000815,Customer 065,11755.55,USD,2026-09-05,INV-000815
txn_000816,Customer 066,11892.92,USD,2026-09-06,INV-000816
txn_000817,Customer 067,12029.29,USD,2026-09-07,INV-000817
txn_000818,Customer 068,12166.66,USD,2026-09-08,INV-000818
txn_000819,Customer 069,12303.03,USD,2026-09-09,INV-000819
txn_000820,Customer 070,12440.40,USD,2026-09-10,INV-000820
txn_000821,Customer 071,12577.77,USD,2026-09-11,INV-000821
txn_000822,Customer 072,12714.14,USD,2026-09-12,INV-000822
txn_000823,Customer 073,12851.51,USD,2026-09-13,INV-000823
txn_000824,Customer 074,12988.88,USD,2026-09-14,INV-000824
txn_000825,Customer 075,13125.25,USD,2026-09-15,INV-000825
txn_000826,Customer 076,13262.62,USD,2026-09-16,INV-000826
txn_000827,Customer 077,13399.99,USD,2026-09-17,INV-000827
txn_000828,Customer 078,13536.36,USD,2026-09-18,INV-000828
txn_000829,Customer 079,13673.73,USD,2026-09-19,INV-000829
txn_000830,Customer 080,13810.10,USD,2026-09-20,INV-000830
txn_000831,Customer 081,13947.47,USD,2026-09-21,INV-000831
txn_000832,Customer 082,14084.84,USD,2026-09-22,INV-000832
txn_000833,Customer 083,14221.21,USD,2026-09-23,INV-000833
txn_000834,Customer 084,14358.58,USD,2026-09-24,INV-000834
txn_000835,Customer 085,14495.95,USD,2026-09-25,INV-000835
txn_000836,Customer 086,14632.32,USD,2026-09-26,INV-000836
txn_000837,Customer 087,14769.69,USD,2026-09-27,INV-000837
txn_000838,Customer 088,14906.06,USD,2026-09-28,INV-000838
txn_000839,Customer 089,15043.43,USD,2026-09-29,INV-000839
txn_000840,Customer 090,15180.80,USD,2026-09-30,INV-000840
txn_000841,Customer 091,15317.17,USD,2026-09-01,INV-000841
txn_000842,Customer 092,15454.54,USD,2026-09-02,INV-000842
txn_000843,Customer 093,15591.91,USD,2026-09-03,INV-000843
txn_000844,Customer 094,15728.28,USD,2026-09-04,INV-000844
txn_000845,Customer 095,15865.65,USD,2026-09-05,INV-000845
txn_000846,Customer 096,16002.02,USD,2026-09-06,INV-000846
txn_000847,Customer 097,16139.39,USD,2026-09-07,INV-000847
txn_000848,Customer 098,16276.76,USD,2026-09-08,INV-000848
txn_000849,Customer 099,16413.13,USD,2026-09-09,INV-000849
txn_000850,Customer 100,16550.50,USD,2026-09-10,INV-000850
txn_000851,Customer 101,16687.87,USD,2026-09-11,INV-000851
txn_000852,Customer 102,16824.24,USD,2026-09-12,INV-000852
txn_000853,Customer 103,16961.61,USD,2026-09-13,INV-000853
txn_000854,Customer 104,17098.98,USD,2026-09-14,INV-000854
txn_000855,Customer 105,17235.35,USD,2026-09-15,INV-000855
txn_000856,Customer 106,17372.72,USD,2026-09-16,INV-000856
txn_000857,Customer 107,17509.09,USD,2026-09-17,INV-000857
txn_000858,Customer 108,17646.46,USD,2026-09-18,INV-000858
txn_000859,Customer 109,17783.83,USD,2026-09-19,INV-000859
txn_000860,Customer 110,17920.20,USD,2026-09-20,INV-000860
txn_000861,Customer 111,18057.57,USD,2026-09-21,INV-000861
txn_000862,Customer 112,18194.94,USD,2026-09-22,INV-000862
txn_000863,Customer 113,18331.31,USD,2026-09-23,INV-000863
txn_000864,Customer 114,18468.68,USD,2026-09-24,INV-000864
txn_000865,Customer 115,18605.05,USD,2026-09-25,INV-000865
txn_000866,Customer 116,18742.42,USD,2026-09-26,INV-000866
txn_000867,Customer 117,18879.79,USD,2026-09-27,INV-000867
txn_000868,Customer 118,19016.16,USD,2026-09-28,INV-000868
txn_000869,Customer 119,19153.53,USD,2026-09-29,INV-000869
txn_000870,Customer 120,19290.90,USD,2026-09-30,INV-000870
txn_000871,Customer 121,19427.27,USD,2026-09-01,INV-000871
txn_000872,Customer 122,19564.64,USD,2026-09-02,INV-000872
txn_000873,Customer 123,19701.01,USD,2026-09-03,INV-000873
txn_000874,Customer 124,19838.38,USD,2026-09-04,INV-000874
txn_000875,Customer 125,19975.75,USD,2026-09-05,INV-000875
txn_000876,Customer 126,20112.12,USD,2026-09-06,INV-000876
txn_000877,Customer 127,20249.49,USD,2026-09-07,INV-000877
txn_000878,Customer 128,20386.86,USD,2026-09-08,INV-000878
txn_000879,Customer 129,20523.23,USD,2026-09-09,INV-000879
txn_000880,Customer 130,20660.60,USD,2026-09-10,INV-000880
txn_000881,Customer 131,20797.97,USD,2026-09-11,INV-000881
txn_000882,Customer 132,20934.34,USD,2026-09-12,INV-000882
txn_000883,Customer 133,21071.71,USD,2026-09-13,INV-000883
txn_000884,Customer 134,21208.08,USD,2026-09-14,INV-000884
txn_000885,Customer 135,21345.45,USD,2026-09-15,INV-000885
txn_000886,Customer 136,21482.82,USD,2026-09-16,INV-000886
txn_000887,Customer 137,21619.19,USD,2026-09-17,INV-000887
txn_000888,Customer 138,21756.56,USD,2026-09-18,INV-000888
txn_000889,Customer 139,21893.93,USD,2026-09-19,INV-000889
txn_000890,Customer 140,22030.30,USD,2026-09-20,INV-000890
txn_000891,Customer 141,22167.67,USD,2026-09-21,INV-000891
txn_000892,Customer 142,22304.04,USD,2026-09-22,INV-000892
txn_000893,Customer 143,22441.41,USD,2026-09-23,INV-000893
txn_000894,Customer 144,22578.78,USD,2026-09-24,INV-000894
txn_000895,Customer 145,22715.15,USD,2026-09-25,INV-000895
txn_000896,Customer 146,22852.52,USD,2026-09-26,INV-000896
txn_000897,Customer 147,22989.89,USD,2026-09-27,INV-000897
txn_000898,Customer 148,23126.26,USD,2026-09-28,INV-000898
txn_000899,Customer 149,23263.63,USD,2026-09-29,INV-000899
txn_000900,Customer 150,23400.00,USD,2026-09-30,INV-000900
txn_000901,Customer 151,23537.37,USD,2026-09-01,INV-000901
txn_000902,Customer 152,23674.74,USD,2026-09-02,INV-000902
txn_000903,Customer 153,23811.11,USD,2026-09-03,INV-000903
txn_000904,Customer 154,23948.48,USD,2026-09-04,INV-000904
txn_000905,Customer 155,24085.85,USD,2026-09-05,INV-000905
txn_000906,Customer 156,24222.22,USD,2026-09-06,INV-000906
txn_000907,Customer 157,24359.59,USD,2026-09-07,INV-000907
txn_000908,Customer 158,24496.96,USD,2026-09-08,INV-000908
txn_000909,Customer 159,24633.33,USD,2026-09-09,INV-000909
txn_000910,Customer 160,24770.70,USD,2026-09-10,INV-000910
txn_000911,Customer 161,24907.07,USD,2026-09-11,INV-000911
txn_000912,Customer 162,25044.44,USD,2026-09-12,INV-000912
txn_000913,Customer 163,181.81,USD,2026-09-13,INV-000913
txn_000914,Customer 164,318.18,USD,2026-09-14,INV-000914
txn_000915,Customer 165,455.55,USD,2026-09-15,INV-000915
txn_000916,Customer 166,592.92,USD,2026-09-16,INV-000916
txn_000917,Customer 167,729.29,USD,2026-09-17,INV-000917
txn_000918,Customer 168,866.66,USD,2026-09-18,INV-000918
txn_000919,Customer 169,1003.03,USD,2026-09-19,INV-000919
txn_000920,Customer 170,1140.40,USD,2026-09-20,INV-000920
txn_000921,Customer 171,1277.77,USD,2026-09-21,INV-000921
txn_000922,Customer 172,1414.14,USD,2026-09-22,INV-000922
txn_000923,Customer 173,1551.51,USD,2026-09-23,INV-000923
txn_000924,Customer 174,1688.88,USD,2026-09-24,INV-000924
txn_000925,Customer 175,1825.25,USD,2026-09-25,INV-000925
txn_000926,Customer 176,1962.62,USD,2026-09-26,INV-000926
txn_000927,Customer 177,2099.99,USD,2026-09-27,INV-000927
txn_000928,Customer 178,2236.36,USD,2026-09-28,INV-000928
txn_000929,Customer 179,2373.73,USD,2026-09-29,INV-000929
txn_000930,Customer 180,2510.10,USD,2026-09-30,INV-000930
txn_000931,Customer 181,2647.47,USD,2026-09-01,INV-000931
txn_000932,Customer 182,2784.84,USD,2026-09-02,INV-000932
txn_000933,Customer 183,2921.21,USD,2026-09-03,INV-000933
txn_000934,Customer 184,3058.58,USD,2026-09-04,INV-000934
txn_000935,Customer 185,3195.95,USD,2026-09-05,INV-000935
txn_000936,Customer 186,3332.32,USD,2026-09-06,INV-000936
txn_000937,Customer 187,3469.69,USD,2026-09-07,INV-000937
txn_000938,Customer 188,3606.06,USD,2026-09-08,INV-000938
txn_000939,Customer 189,3743.43,USD,2026-09-09,INV-000939
txn_000940,Customer 190,3880.80,USD,2026-09-10,INV-000940
txn_000941,Customer 191,4017.17,USD,2026-09-11,INV-000941
txn_000942,Customer 192,4154.54,USD,2026-09-12,INV-000942
txn_000943,Customer 193,4291.91,USD,2026-09-13,INV-000943
txn_000944,Customer 194,4428.28,USD,2026-09-14,INV-000944
txn_000945,Customer 195,4565.65,USD,2026-09-15,INV-000945
txn_000946,Customer 196,4702.02,USD,2026-09-16,INV-000946
txn_000947,Customer 197,4839.39,USD,2026-09-17,INV-000947
txn_000948,Customer 198,4976.76,USD,2026-09-18,INV-000948
txn_000949,Customer 199,5113.13,USD,2026-09-19,INV-000949
txn_000950,Customer 200,5250.50,USD,2026-09-20,INV-000950
txn_000951,Customer 201,5387.87,USD,2026-09-21,INV-000951
txn_000952,Customer 202,5524.24,USD,2026-09-22,INV-000952
txn_000953,Customer 203,5661.61,USD,2026-09-23,INV-000953
txn_000954,Customer 204,5798.98,USD,2026-09-24,INV-000954
txn_000955,Customer 205,5935.35,USD,2026-09-25,INV-000955
txn_000956,Customer 206,6072.72,USD,2026-09-26,INV-000956
txn_000957,Customer 207,6209.09,USD,2026-09-27,INV-000957
txn_000958,Customer 208,6346.46,USD,2026-09-28,INV-000958
txn_000959,Customer 209,6483.83,USD,2026-09-29,INV-000959
txn_000960,Customer 210,6620.20,USD,2026-09-30,INV-000960
txn_000961,Customer 211,6757.57,USD,2026-09-01,INV-000961
txn_000962,Customer 212,6894.94,USD,2026-09-02,INV-000962
txn_000963,Customer 213,7031.31,USD,2026-09-03,INV-000963
txn_000964,Customer 214,7168.68,USD,2026-09-04,INV-000964
txn_000965,Customer 215,7305.05,USD,2026-09-05,INV-000965
txn_000966,Customer 216,7442.42,USD,2026-09-06,INV-000966
txn_000967,Customer 217,7579.79,USD,2026-09-07,INV-000967
txn_000968,Customer 218,7716.16,USD,2026-09-08,INV-000968
txn_000969,Customer 219,7853.53,USD,2026-09-09,INV-000969
txn_000970,Customer 220,7990.90,USD,2026-09-10,INV-000970
txn_000971,Customer 221,8127.27,USD,2026-09-11,INV-000971
txn_000972,Customer 222,8264.64,USD,2026-09-12,INV-000972
txn_000973,Customer 223,8401.01,USD,2026-09-13,INV-000973
txn_000974,Customer 224,8538.38,USD,2026-09-14,INV-000974
txn_000975,Customer 225,8675.75,USD,2026-09-15,INV-000975
txn_000976,Customer 226,8812.12,USD,2026-09-16,INV-000976
txn_000977,Customer 227,8949.49,USD,2026-09-17,INV-000977
txn_000978,Customer 228,9086.86,USD,2026-09-18,INV-000978
txn_000979,Customer 229,9223.23,USD,2026-09-19,INV-000979
txn_000980,Customer 230,9360.60,USD,2026-09-20,INV-000980
txn_000981,Customer 231,9497.97,USD,2026-09-21,INV-000981
txn_000982,Customer 232,9634.34,USD,2026-09-22,INV-000982
txn_000983,Customer 233,9771.71,USD,2026-09-23,INV-000983
txn_000984,Customer 234,9908.08,USD,2026-09-24,INV-000984
txn_000985,Customer 235,10045.45,USD,2026-09-25,INV-000985
txn_000986,Customer 236,10182.82,USD,2026-09-26,INV-000986
txn_000987,Customer 237,10319.19,USD,2026-09-27,INV-000987
txn_000988,Customer 238,10456.56,USD,2026-09-28,INV-000988
txn_000989,Customer 239,10593.93,USD,2026-09-29,INV-000989
txn_000990,Customer 240,10730.30,USD,2026-09-30,INV-000990
txn_000991,Customer 241,10867.67,USD,2026-09-01,INV-000991
txn_000992,Customer 242,11004.04,USD,2026-09-02,INV-000992
txn_000993,Customer 243,11141.41,USD,2026-09-03,INV-000993
txn_000994,Customer 244,11278.78,USD,2026-09-04,INV-000994
txn_000995,Customer 245,11415.15,USD,2026-09-05,INV-000995
txn_000996,Customer 246,11552.52,USD,2026-09-06,INV-000996
txn_000997,Customer 247,11689.89,USD,2026-09-07,INV-000997
txn_000998,Customer 248,11826.26,USD,2026-09-08,INV-000998
txn_000999,Customer 249,11963.63,USD,2026-09-09,INV-000999
txn_001000,Customer 250,12100.00,USD,2026-09-10,INV-001000
txn_001001,Customer 251,12237.37,USD,2026-09-11,INV-001001
txn_001002,Customer 252,12374.74,USD,2026-09-12,INV-001002
txn_001003,Customer 253,12511.11,USD,2026-09-13,INV-001003
txn_001004,Customer 254,12648.48,USD,2026-09-14,INV-001004
txn_001005,Customer 255,12785.85,USD,2026-09-15,INV-001005
txn_001006,Customer 256,12922.22,USD,2026-09-16,INV-001006
txn_001007,Customer 257,13059.59,USD,2026-09-17,INV-001007
txn_001008,Customer 258,13196.96,USD,2026-09-18,INV-001008
txn_001009,Customer 259,13333.33,USD,2026-09-19,INV-001009
txn_001010,Customer 260,13470.70,USD,2026-09-20,INV-001010
txn_001011,Customer 261,13607.07,USD,2026-09-21,INV-001011
txn_001012,Customer 262,13744.44,USD,2026-09-22,INV-001012
txn_001013,Customer 263,13881.81,USD,2026-09-23,INV-001013
txn_001014,Customer 264,14018.18,USD,2026-09-24,INV-001014
txn_001015,Customer 265,14155.55,USD,2026-09-25,INV-001015
txn_001016,Customer 266,14292.92,USD,2026-09-26,INV-001016
txn_001017,Customer 267,14429.29,USD,2026-09-27,INV-001017
txn_001018,Customer 268,14566.66,USD,2026-09-28,INV-001018
txn_001019,Customer 269,14703.03,USD,2026-09-29,INV-001019
txn_001020,Customer 270,14840.40,USD,2026-09-30,INV-001020
txn_001021,Customer 271,14977.77,USD,2026-09-01,INV-001021
txn_001022,Customer 272,15114.14,USD,2026-09-02,INV-001022
txn_001023,Customer 273,15251.51,USD,2026-09-03,INV-001023
txn_001024,Customer 274,15388.88,USD,2026-09-04,INV-001024
txn_001025,Customer 275,15525.25,USD,2026-09-05,INV-001025
txn_001026,Customer 276,15662.62,USD,2026-09-06,INV-001026
txn_001027,Customer 277,15799.99,USD,2026-09-07,INV-001027
txn_001028,Customer 278,15936.36,USD,2026-09-08,INV-001028
txn_001029,Customer 279,16073.73,USD,2026-09-09,INV-001029
txn_001030,Customer 280,16210.10,USD,2026-09-10,INV-001030
txn_001031,Customer 281,16347.47,USD,2026-09-11,INV-001031
txn_001032,Customer 282,16484.84,USD,2026-09-12,INV-001032
txn_001033,Customer 283,16621.21,USD,2026-09-13,INV-001033
txn_001034,Customer 284,16758.58,USD,2026-09-14,INV-001034
txn_001035,Customer 285,16895.95,USD,2026-09-15,INV-001035
txn_001036,Customer 286,17032.32,USD,2026-09-16,INV-001036
txn_001037,Customer 287,17169.69,USD,2026-09-17,INV-001037
txn_001038,Customer 288,17306.06,USD,2026-09-18,INV-001038
txn_001039,Customer 289,17443.43,USD,2026-09-19,INV-001039
txn_001040,Customer 290,17580.80,USD,2026-09-20,INV-001040
txn_001041,Customer 291,17717.17,USD,2026-09-21,INV-001041
txn_001042,Customer 292,17854.54,USD,2026-09-22,INV-001042
txn_001043,Customer 293,17991.91,USD,2026-09-23,INV-001043
txn_001044,Customer 294,18128.28,USD,2026-09-24,INV-001044
txn_001045,Customer 295,18265.65,USD,2026-09-25,INV-001045
txn_001046,Customer 296,18402.02,USD,2026-09-26,INV-001046
txn_001047,Customer 297,18539.39,USD,2026-09-27,INV-001047
txn_001048,Customer 298,18676.76,USD,2026-09-28,INV-001048
txn_001049,Customer 299,18813.13,USD,2026-09-29,INV-001049
txn_001050,Customer 300,18950.50,USD,2026-09-30,INV-001050
txn_001051,Customer 301,19087.87,USD,2026-09-01,INV-001051
txn_001052,Customer 302,19224.24,USD,2026-09-02,INV-001052
txn_001053,Customer 303,19361.61,USD,2026-09-03,INV-001053
txn_001054,Customer 304,19498.98,USD,2026-09-04,INV-001054
txn_001055,Customer 305,19635.35,USD,2026-09-05,INV-001055
txn_001056,Customer 306,19772.72,USD,2026-09-06,INV-001056
txn_001057,Customer 307,19909.09,USD,2026-09-07,INV-001057
txn_001058,Customer 308,20046.46,USD,2026-09-08,INV-001058
txn_001059,Customer 309,20183.83,USD,2026-09-09,INV-001059
txn_001060,Customer 310,20320.20,USD,2026-09-10,INV-001060
txn_001061,Customer 311,20457.57,USD,2026-09-11,INV-001061
txn_001062,Customer 312,20594.94,USD,2026-09-12,INV-001062
txn_001063,Customer 313,20731.31,USD,2026-09-13,INV-001063
txn_001064,Customer 314,20868.68,USD,2026-09-14,INV-001064
txn_001065,Customer 315,21005.05,USD,2026-09-15,INV-001065
txn_001066,Customer 316,21142.42,USD,2026-09-16,INV-001066
txn_001067,Customer 317,21279.79,USD,2026-09-17,INV-001067
txn_001068,Customer 318,21416.16,USD,2026-09-18,INV-001068
txn_001069,Customer 319,21553.53,USD,2026-09-19,INV-001069
txn_001070,Customer 320,21690.90,USD,2026-09-20,INV-001070
txn_001071,Customer 321,21827.27,USD,2026-09-21,INV-001071
txn_001072,Customer 322,21964.64,USD,2026-09-22,INV-001072
txn_001073,Customer 323,22101.01,USD,2026-09-23,INV-001073
txn_001074,Customer 324,22238.38,USD,2026-09-24,INV-001074
txn_001075,Customer 325,22375.75,USD,2026-09-25,INV-001075
txn_001076,Customer 326,22512.12,USD,2026-09-26,INV-001076
txn_001077,Customer 327,22649.49,USD,2026-09-27,INV-001077
txn_001078,Customer 328,22786.86,USD,2026-09-28,INV-001078
txn_001079,Customer 329,22923.23,USD,2026-09-29,INV-001079
txn_001080,Customer 330,23060.60,USD,2026-09-30,INV-001080
txn_001081,Customer 331,23197.97,USD,2026-09-01,INV-001081
txn_001082,Customer 332,23334.34,USD,2026-09-02,INV-001082
txn_001083,Customer 333,23471.71,USD,2026-09-03,INV-001083
txn_001084,Customer 334,23608.08,USD,2026-09-04,INV-001084
txn_001085,Customer 335,23745.45,USD,2026-09-05,INV-001085
txn_001086,Customer 336,23882.82,USD,2026-09-06,INV-001086
txn_001087,Customer 337,24019.19,USD,2026-09-07,INV-001087
txn_001088,Customer 338,24156.56,USD,2026-09-08,INV-001088
txn_001089,Customer 339,24293.93,USD,2026-09-09,INV-001089
txn_001090,Customer 340,24430.30,USD,2026-09-10,INV-001090
txn_001091,Customer 341,24567.67,USD,2026-09-11,INV-001091
txn_001092,Customer 342,24704.04,USD,2026-09-12,INV-001092
txn_001093,Customer 343,24841.41,USD,2026-09-13,INV-001093
txn_001094,Customer 344,24978.78,USD,2026-09-14,INV-001094
txn_001095,Customer 345,115.15,USD,2026-09-15,INV-001095
txn_001096,Customer 346,252.52,USD,2026-09-16,INV-001096
txn_001097,Customer 347,389.89,USD,2026-09-17,INV-001097
txn_001098,Customer 348,526.26,USD,2026-09-18,INV-001098
txn_001099,Customer 349,663.63,USD,2026-09-19,INV-001099
txn_001100,Customer 350,800.00,USD,2026-09-20,INV-001100
txn_001101,Customer 351,937.37,USD,2026-09-21,INV-001101
txn_001102,Customer 352,1074.74,USD,2026-09-22,INV-001102
txn_001103,Customer 353,1211.11,USD,2026-09-23,INV-001103
txn_001104,Customer 354,1348.48,USD,2026-09-24,INV-001104
txn_001105,Customer 355,1485.85,USD,2026-09-25,INV-001105
txn_001106,Customer 356,1622.22,USD,2026-09-26,INV-001106
txn_001107,Customer 357,1759.59,USD,2026-09-27,INV-001107
txn_001108,Customer 358,1896.96,USD,2026-09-28,INV-001108
txn_001109,Customer 359,2033.33,USD,2026-09-29,INV-001109
txn_001110,Customer 360,2170.70,USD,2026-09-30,INV-001110
txn_001111,Customer 361,2307.07,USD,2026-09-01,INV-001111
txn_001112,Customer 362,2444.44,USD,2026-09-02,INV-001112
txn_001113,Customer 363,2581.81,USD,2026-09-03,INV-001113
txn_001114,Customer 364,2718.18,USD,2026-09-04,INV-001114
txn_001115,Customer 365,2855.55,USD,2026-09-05,INV-001115
txn_001116,Customer 366,2992.92,USD,2026-09-06,INV-001116
txn_001117,Customer 367,3129.29,USD,2026-09-07,INV-001117
txn_001118,Customer 368,3266.66,USD,2026-09-08,INV-001118
txn_001119,Customer 369,3403.03,USD,2026-09-09,INV-001119
txn_001120,Customer 370,3540.40,USD,2026-09-10,INV-001120
txn_001121,Customer 371,3677.77,USD,2026-09-11,INV-001121
txn_001122,Customer 372,3814.14,USD,2026-09-12,INV-001122
txn_001123,Customer 373,3951.51,USD,2026-09-13,INV-001123
txn_001124,Customer 374,4088.88,USD,2026-09-14,INV-001124
txn_001125,Customer 375,4225.25,USD,2026-09-15,INV-001125
txn_001126,Customer 376,4362.62,USD,2026-09-16,INV-001126
txn_001127,Customer 377,4499.99,USD,2026-09-17,INV-001127
txn_001128,Customer 378,4636.36,USD,2026-09-18,INV-001128
txn_001129,Customer 379,4773.73,USD,2026-09-19,INV-001129
txn_001130,Customer 380,4910.10,USD,2026-09-20,INV-001130
txn_001131,Customer 381,5047.47,USD,2026-09-21,INV-001131
txn_001132,Customer 382,5184.84,USD,2026-09-22,INV-001132
txn_001133,Customer 383,5321.21,USD,2026-09-23,INV-001133
txn_001134,Customer 384,5458.58,USD,2026-09-24,INV-001134
txn_001135,Customer 385,5595.95,USD,2026-09-25,INV-001135
txn_001136,Customer 386,5732.32,USD,2026-09-26,INV-001136
txn_001137,Customer 387,5869.69,USD,2026-09-27,INV-001137
txn_001138,Customer 388,6006.06,USD,2026-09-28,INV-001138
txn_001139,Customer 389,6143.43,USD,2026-09-29,INV-001139
txn_001140,Customer 390,6280.80,USD,2026-09-30,INV-001140
txn_001141,Customer 391,6417.17,USD,2026-09-01,INV-001141
txn_001142,Customer 392,6554.54,USD,2026-09-02,INV-001142
txn_001143,Customer 393,6691.91,USD,2026-09-03,INV-001143
txn_001144,Customer 394,6828.28,USD,2026-09-04,INV-001144
txn_001145,Customer 395,6965.65,USD,2026-09-05,INV-001145
txn_001146,Customer 396,7102.02,USD,2026-09-06,INV-001146
txn_001147,Customer 397,7239.39,USD,2026-09-07,INV-001147
txn_001148,Customer 398,7376.76,USD,2026-09-08,INV-001148
txn_001149,Customer 399,7513.13,USD,2026-09-09,INV-001149
txn_001150,Customer 400,7650.50,USD,2026-09-10,INV-001150
txn_001151,Customer 401,7787.87,USD,2026-09-11,INV-001151
txn_001152,Customer 402,7924.24,USD,2026-09-12,INV-001152
txn_001153,Customer 403,8061.61,USD,2026-09-13,INV-001153
txn_001154,Customer 404,8198.98,USD,2026-09-14,INV-001154
txn_001155,Customer 405,8335.35,USD,2026-09-15,INV-001155
txn_001156,Customer 406,8472.72,USD,2026-09-16,INV-001156
txn_001157,Customer 407,8609.09,USD,2026-09-17,INV-001157
txn_001158,Customer 408,8746.46,USD,2026-09-18,INV-001158
txn_001159,Customer 409,8883.83,USD,2026-09-19,INV-001159
txn_001160,Customer 410,9020.20,USD,2026-09-20,INV-001160
txn_001161,Customer 411,9157.57,USD,2026-09-21,INV-001161
txn_001162,Customer 412,9294.94,USD,2026-09-22,INV-001162
txn_001163,Customer 413,9431.31,USD,2026-09-23,INV-001163
txn_001164,Customer 414,9568.68,USD,2026-09-24,INV-001164
txn_001165,Customer 415,9705.05,USD,2026-09-25,INV-001165
txn_001166,Customer 416,9842.42,USD,2026-09-26,INV-001166
txn_001167,Customer 417,9979.79,USD,2026-09-27,INV-001167
txn_001168,Customer 418,10116.16,USD,2026-09-28,INV-001168
txn_001169,Customer 419,10253.53,USD,2026-09-29,INV-001169
txn_001170,Customer 420,10390.90,USD,2026-09-30,INV-001170
txn_001171,Customer 421,10527.27,USD,2026-09-01,INV-001171
txn_001172,Customer 422,10664.64,USD,2026-09-02,INV-001172
txn_001173,Customer 423,10801.01,USD,2026-09-03,INV-001173
txn_001174,Customer 424,10938.38,USD,2026-09-04,INV-001174
txn_001175,Customer 425,11075.75,USD,2026-09-05,INV-001175
txn_001176,Customer 426,11212.12,USD,2026-09-06,INV-001176
txn_001177,Customer 427,11349.49,USD,2026-09-07,INV-001177
txn_001178,Customer 428,11486.86,USD,2026-09-08,INV-001178
txn_001179,Customer 429,11623.23,USD,2026-09-09,INV-001179
txn_001180,Customer 430,11760.60,USD,2026-09-10,INV-001180
txn_001181,Customer 431,11897.97,USD,2026-09-11,INV-001181
txn_001182,Customer 432,12034.34,USD,2026-09-12,INV-001182
txn_001183,Customer 433,12171.71,USD,2026-09-13,INV-001183
txn_001184,Customer 434,12308.08,USD,2026-09-14,INV-001184
txn_001185,Customer 435,12445.45,USD,2026-09-15,INV-001185
txn_001186,Customer 436,12582.82,USD,2026-09-16,INV-001186
txn_001187,Customer 437,12719.19,USD,2026-09-17,INV-001187
txn_001188,Customer 438,12856.56,USD,2026-09-18,INV-001188
txn_001189,Customer 439,12993.93,USD,2026-09-19,INV-001189
txn_001190,Customer 440,13130.30,USD,2026-09-20,INV-001190
txn_001191,Customer 441,13267.67,USD,2026-09-21,INV-001191
txn_001192,Customer 442,13404.04,USD,2026-09-22,INV-001192
txn_001193,Customer 443,13541.41,USD,2026-09-23,INV-001193
txn_001194,Customer 444,13678.78,USD,2026-09-24,INV-001194
txn_001195,Customer 445,13815.15,USD,2026-09-25,INV-001195
txn_001196,Customer 446,13952.52,USD,2026-09-26,INV-001196
txn_001197,Customer 447,14089.89,USD,2026-09-27,INV-001197
txn_001198,Customer 448,14226.26,USD,2026-09-28,INV-001198
txn_001199,Customer 449,14363.63,USD,2026-09-29,INV-001199
txn_001200,Customer 450,14500.00,USD,2026-09-30,INV-001200
txn_001201,Customer 451,14637.37,USD,2026-09-01,INV-001201
txn_001202,Customer 452,14774.74,USD,2026-09-02,INV-001202
txn_001203,Customer 453,14911.11,USD,2026-09-03,INV-001203
txn_001204,Customer 454,15048.48,USD,2026-09-04,INV-001204
txn_001205,Customer 455,15185.85,USD,2026-09-05,INV-001205
txn_001206,Customer 456,15322.22,USD,2026-09-06,INV-001206
txn_001207,Customer 457,15459.59,USD,2026-09-07,INV-001207
txn_001208,Customer 458,15596.96,USD,2026-09-08,INV-001208
txn_001209,Customer 459,15733.33,USD,2026-09-09,INV-001209
txn_001210,Customer 460,15870.70,USD,2026-09-10,INV-001210
txn_001211,Customer 461,16007.07,USD,2026-09-11,INV-001211
txn_001212,Customer 462,16144.44,USD,2026-09-12,INV-001212
txn_001213,Customer 463,16281.81,USD,2026-09-13,INV-001213
txn_001214,Customer 464,16418.18,USD,2026-09-14,INV-001214
txn_001215,Customer 465,16555.55,USD,2026-09-15,INV-001215
txn_001216,Customer 466,16692.92,USD,2026-09-16,INV-001216
txn_001217,Customer 467,16829.29,USD,2026-09-17,INV-001217
txn_001218,Customer 468,16966.66,USD,2026-09-18,INV-001218
txn_001219,Customer 469,17103.03,USD,2026-09-19,INV-001219
txn_001220,Customer 470,17240.40,USD,2026-09-20,INV-001220
txn_001221,Customer 471,17377.77,USD,2026-09-21,INV-001221
txn_001222,Customer 472,17514.14,USD,2026-09-22,INV-001222
txn_001223,Customer 473,17651.51,USD,2026-09-23,INV-001223
txn_001224,Customer 474,17788.88,USD,2026-09-24,INV-001224
txn_001225,Customer 475,17925.25,USD,2026-09-25,INV-001225
txn_001226,Customer 476,18062.62,USD,2026-09-26,INV-001226
txn_001227,Customer 477,18199.99,USD,2026-09-27,INV-001227
txn_001228,Customer 478,18336.36,USD,2026-09-28,INV-001228
txn_001229,Customer 479,18473.73,USD,2026-09-29,INV-001229
txn_001230,Customer 480,18610.10,USD,2026-09-30,INV-001230
txn_001231,Customer 481,18747.47,USD,2026-09-01,INV-001231
txn_001232,Customer 482,18884.84,USD,2026-09-02,INV-001232
txn_001233,Customer 483,19021.21,USD,2026-09-03,INV-001233
txn_001234,Customer 484,19158.58,USD,2026-09-04,INV-001234
txn_001235,Customer 485,19295.95,USD,2026-09-05,INV-001235
txn_001236,Customer 486,19432.32,USD,2026-09-06,INV-001236
txn_001237,Customer 487,19569.69,USD,2026-09-07,INV-001237
txn_001238,Customer 488,19706.06,USD,2026-09-08,INV-001238
txn_001239,Customer 489,19843.43,USD,2026-09-09,INV-001239
txn_001240,Customer 490,19980.80,USD,2026-09-10,INV-001240
txn_001241,Customer 491,20117.17,USD,2026-09-11,INV-001241
txn_001242,Customer 492,20254.54,USD,2026-09-12,INV-001242
txn_001243,Customer 493,20391.91,USD,2026-09-13,INV-001243
txn_001244,Customer 494,20528.28,USD,2026-09-14,INV-001244
txn_001245,Customer 495,20665.65,USD,2026-09-15,INV-001245
txn_001246,Customer 496,20802.02,USD,2026-09-16,INV-001246
txn_001247,Customer 497,20939.39,USD,2026-09-17,INV-001247
txn_001248,Customer 498,21076.76,USD,2026-09-18,INV-001248
txn_001249,Customer 499,21213.13,USD,2026-09-19,INV-001249
txn_001250,Customer 500,21350.50,USD,2026-09-20,INV-001250
txn_001251,Customer 501,21487.87,USD,2026-09-21,INV-001251
txn_001252,Customer 502,21624.24,USD,2026-09-22,INV-001252
txn_001253,Customer 503,21761.61,USD,2026-09-23,INV-001253
txn_001254,Customer 504,21898.98,USD,2026-09-24,INV-001254
txn_001255,Customer 505,22035.35,USD,2026-09-25,INV-001255
txn_001256,Customer 506,22172.72,USD,2026-09-26,INV-001256
txn_001257,Customer 507,22309.09,USD,2026-09-27,INV-001257
txn_001258,Customer 508,22446.46,USD,2026-09-28,INV-001258
txn_001259,Customer 509,22583.83,USD,2026-09-29,INV-001259
txn_001260,Customer 510,22720.20,USD,2026-09-30,INV-001260
txn_001261,Customer 511,22857.57,USD,2026-09-01,INV-001261
txn_001262,Customer 512,22994.94,USD,2026-09-02,INV-001262
txn_001263,Customer 513,23131.31,USD,2026-09-03,INV-001263
txn_001264,Customer 514,23268.68,USD,2026-09-04,INV-001264
txn_001265,Customer 515,23405.05,USD,2026-09-05,INV-001265
txn_001266,Customer 516,23542.42,USD,2026-09-06,INV-001266
txn_001267,Customer 517,23679.79,USD,2026-09-07,INV-001267
txn_001268,Customer 518,23816.16,USD,2026-09-08,INV-001268
txn_001269,Customer 519,23953.53,USD,2026-09-09,INV-001269
txn_001270,Customer 520,24090.90,USD,2026-09-10,INV-001270
txn_001271,Customer 521,24227.27,USD,2026-09-11,INV-001271
txn_001272,Customer 522,24364.64,USD,2026-09-12,INV-001272
txn_001273,Customer 523,24501.01,USD,2026-09-13,INV-001273
txn_001274,Customer 524,24638.38,USD,2026-09-14,INV-001274
txn_001275,Customer 525,24775.75,USD,2026-09-15,INV-001275
txn_001276,Customer 526,24912.12,USD,2026-09-16,INV-001276
txn_001277,Customer 527,25049.49,USD,2026-09-17,INV-001277
txn_001278,Customer 528,186.86,USD,2026-09-18,INV-001278
txn_001279,Customer 529,323.23,USD,2026-09-19,INV-001279
txn_001280,Customer 530,460.60,USD,2026-09-20,INV-001280
txn_001281,Customer 531,597.97,USD,2026-09-21,INV-001281
txn_001282,Customer 532,734.34,USD,2026-09-22,INV-001282
txn_001283,Customer 533,871.71,USD,2026-09-23,INV-001283
txn_001284,Customer 534,1008.08,USD,2026-09-24,INV-001284
txn_001285,Customer 535,1145.45,USD,2026-09-25,INV-001285
txn_001286,Customer 536,1282.82,USD,2026-09-26,INV-001286
txn_001287,Customer 537,1419.19,USD,2026-09-27,INV-001287
txn_001288,Customer 538,1556.56,USD,2026-09-28,INV-001288
txn_001289,Customer 539,1693.93,USD,2026-09-29,INV-001289
txn_001290,Customer 540,1830.30,USD,2026-09-30,INV-001290
txn_001291,Customer 541,1967.67,USD,2026-09-01,INV-001291
txn_001292,Customer 542,2104.04,USD,2026-09-02,INV-001292
txn_001293,Customer 543,2241.41,USD,2026-09-03,INV-001293
txn_001294,Customer 544,2378.78,USD,2026-09-04,INV-001294
txn_001295,Customer 545,2515.15,USD,2026-09-05,INV-001295
txn_001296,Customer 546,2652.52,USD,2026-09-06,INV-001296
txn_001297,Customer 547,2789.89,USD,2026-09-07,INV-001297
txn_001298,Customer 548,2926.26,USD,2026-09-08,INV-001298
txn_001299,Customer 549,3063.63,USD,2026-09-09,INV-001299
txn_001300,Customer 550,3200.00,USD,2026-09-10,INV-001300
txn_001301,Customer 551,3337.37,USD,2026-09-11,INV-001301
txn_001302,Customer 552,3474.74,USD,2026-09-12,INV-001302
txn_001303,Customer 553,3611.11,USD,2026-09-13,INV-001303
txn_001304,Customer 554,3748.48,USD,2026-09-14,INV-001304
txn_001305,Customer 555,3885.85,USD,2026-09-15,INV-001305
txn_001306,Customer 556,4022.22,USD,2026-09-16,INV-001306
txn_001307,Customer 557,4159.59,USD,2026-09-17,INV-001307
txn_001308,Customer 558,4296.96,USD,2026-09-18,INV-001308
txn_001309,Customer 559,4433.33,USD,2026-09-19,INV-001309
txn_001310,Customer 560,4570.70,USD,2026-09-20,INV-001310
txn_001311,Customer 561,4707.07,USD,2026-09-21,INV-001311
txn_001312,Customer 562,4844.44,USD,2026-09-22,INV-001312
txn_001313,Customer 563,4981.81,USD,2026-09-23,INV-001313
txn_001314,Customer 564,5118.18,USD,2026-09-24,INV-001314
txn_001315,Customer 565,5255.55,USD,2026-09-25,INV-001315
txn_001316,Customer 566,5392.92,USD,2026-09-26,INV-001316
txn_001317,Customer 567,5529.29,USD,2026-09-27,INV-001317
txn_001318,Customer 568,5666.66,USD,2026-09-28,INV-001318
txn_001319,Customer 569,5803.03,USD,2026-09-29,INV-001319
txn_001320,Customer 570,5940.40,USD,2026-09-30,INV-001320
txn_001321,Customer 571,6077.77,USD,2026-09-01,INV-001321
txn_001322,Customer 572,6214.14,USD,2026-09-02,INV-001322
txn_001323,Customer 573,6351.51,USD,2026-09-03,INV-001323
txn_001324,Customer 574,6488.88,USD,2026-09-04,INV-001324
txn_001325,Customer 575,6625.25,USD,2026-09-05,INV-001325
txn_001326,Customer 576,6762.62,USD,2026-09-06,INV-001326
txn_001327,Customer 577,6899.99,USD,2026-09-07,INV-001327
txn_001328,Customer 578,7036.36,USD,2026-09-08,INV-001328
txn_001329,Customer 579,7173.73,USD,2026-09-09,INV-001329
txn_001330,Customer 580,7310.10,USD,2026-09-10,INV-001330
txn_001331,Customer 581,7447.47,USD,2026-09-11,INV-001331
txn_001332,Customer 582,7584.84,USD,2026-09-12,INV-001332
txn_001333,Customer 583,7721.21,USD,2026-09-13,INV-001333
txn_001334,Customer 584,7858.58,USD,2026-09-14,INV-001334
txn_001335,Customer 585,7995.95,USD,2026-09-15,INV-001335
txn_001336,Customer 586,8132.32,USD,2026-09-16,INV-001336
txn_001337,Customer 587,8269.69,USD,2026-09-17,INV-001337
txn_001338,Customer 588,8406.06,USD,2026-09-18,INV-001338
txn_001339,Customer 589,8543.43,USD,2026-09-19,INV-001339
txn_001340,Customer 590,8680.80,USD,2026-09-20,INV-001340
txn_001341,Customer 591,8817.17,USD,2026-09-21,INV-001341
txn_001342,Customer 592,8954.54,USD,2026-09-22,INV-001342
txn_001343,Customer 593,9091.91,USD,2026-09-23,INV-001343
txn_001344,Customer 594,9228.28,USD,2026-09-24,INV-001344
txn_001345,Customer 595,9365.65,USD,2026-09-25,INV-001345
txn_001346,Customer 596,9502.02,USD,2026-09-26,INV-001346
txn_001347,Customer 597,9639.39,USD,2026-09-27,INV-001347
txn_001348,Customer 598,9776.76,USD,2026-09-28,INV-001348
txn_001349,Customer 599,9913.13,USD,2026-09-29,INV-001349
txn_001350,Customer 600,10050.50,USD,2026-09-30,INV-001350
txn_001351,Customer 601,10187.87,USD,2026-09-01,INV-001351
txn_001352,Customer 602,10324.24,USD,2026-09-02,INV-001352
txn_001353,Customer 603,10461.61,USD,2026-09-03,INV-001353
txn_001354,Customer 604,10598.98,USD,2026-09-04,INV-001354
txn_001355,Customer 605,10735.35,USD,2026-09-05,INV-001355
txn_001356,Customer 606,10872.72,USD,2026-09-06,INV-001356
txn_001357,Customer 607,11009.09,USD,2026-09-07,INV-001357
txn_001358,Customer 608,11146.46,USD,2026-09-08,INV-001358
txn_001359,Customer 609,11283.83,USD,2026-09-09,INV-001359
txn_001360,Customer 610,11420.20,USD,2026-09-10,INV-001360
txn_001361,Customer 611,11557.57,USD,2026-09-11,INV-001361
txn_001362,Customer 612,11694.94,USD,2026-09-12,INV-001362
txn_001363,Customer 613,11831.31,USD,2026-09-13,INV-001363
txn_001364,Customer 614,11968.68,USD,2026-09-14,INV-001364
txn_001365,Customer 615,12105.05,USD,2026-09-15,INV-001365
txn_001366,Customer 616,12242.42,USD,2026-09-16,INV-001366
txn_001367,Customer 617,12379.79,USD,2026-09-17,INV-001367
txn_001368,Customer 618,12516.16,USD,2026-09-18,INV-001368
txn_001369,Customer 619,12653.53,USD,2026-09-19,INV-001369
txn_001370,Customer 620,12790.90,USD,2026-09-20,INV-001370
txn_001371,Customer 621,12927.27,USD,2026-09-21,INV-001371
txn_001372,Customer 622,13064.64,USD,2026-09-22,INV-001372
txn_001373,Customer 623,13201.01,USD,2026-09-23,INV-001373
txn_001374,Customer 624,13338.38,USD,2026-09-24,INV-001374
txn_001375,Customer 625,13475.75,USD,2026-09-25,INV-001375
txn_001376,Customer 626,13612.12,USD,2026-09-26,INV-001376
txn_001377,Customer 627,13749.49,USD,2026-09-27,INV-001377
txn_001378,Customer 628,13886.86,USD,2026-09-28,INV-001378
txn_001379,Customer 629,14023.23,USD,2026-09-29,INV-001379
txn_001380,Customer 630,14160.60,USD,2026-09-30,INV-001380
txn_001381,Customer 631,14297.97,USD,2026-09-01,INV-001381
txn_001382,Customer 632,14434.34,USD,2026-09-02,INV-001382
txn_001383,Customer 633,14571.71,USD,2026-09-03,INV-001383
txn_001384,Customer 634,14708.08,USD,2026-09-04,INV-001384
txn_001385,Customer 635,14845.45,USD,2026-09-05,INV-001385
txn_001386,Customer 636,14982.82,USD,2026-09-06,INV-001386
txn_001387,Customer 637,15119.19,USD,2026-09-07,INV-001387
txn_001388,Customer 638,15256.56,USD,2026-09-08,INV-001388
txn_001389,Customer 639,15393.93,USD,2026-09-09,INV-001389
txn_001390,Customer 640,15530.30,USD,2026-09-10,INV-001390
txn_001391,Customer 641,15667.67,USD,2026-09-11,INV-001391
txn_001392,Customer 642,15804.04,USD,2026-09-12,INV-001392
txn_001393,Customer 643,15941.41,USD,2026-09-13,INV-001393
txn_001394,Customer 644,16078.78,USD,2026-09-14,INV-001394
txn_001395,Customer 645,16215.15,USD,2026-09-15,INV-001395
txn_001396,Customer 646,16352.52,USD,2026-09-16,INV-001396
txn_001397,Customer 647,16489.89,USD,2026-09-17,INV-001397
txn_001398,Customer 648,16626.26,USD,2026-09-18,INV-001398
txn_001399,Customer 649,16763.63,USD,2026-09-19,INV-001399
txn_001400,Customer 650,16900.00,USD,2026-09-20,INV-001400
txn_001401,Customer 651,17037.37,USD,2026-09-21,INV-001401
txn_001402,Customer 652,17174.74,USD,2026-09-22,INV-001402
txn_001403,Customer 653,17311.11,USD,2026-09-23,INV-001403
txn_001404,Customer 654,17448.48,USD,2026-09-24,INV-001404
txn_001405,Customer 655,17585.85,USD,2026-09-25,INV-001405
txn_001406,Customer 656,17722.22,USD,2026-09-26,INV-001406
txn_001407,Customer 657,17859.59,USD,2026-09-27,INV-001407
txn_001408,Customer 658,17996.96,USD,2026-09-28,INV-001408
txn_001409,Customer 659,18133.33,USD,2026-09-29,INV-001409
txn_001410,Customer 660,18270.70,USD,2026-09-30,INV-001410
txn_001411,Customer 661,18407.07,USD,2026-09-01,INV-001411
txn_001412,Customer 662,18544.44,USD,2026-09-02,INV-001412
txn_001413,Customer 663,18681.81,USD,2026-09-03,INV-001413
txn_001414,Customer 664,18818.18,USD,2026-09-04,INV-001414
txn_001415,Customer 665,18955.55,USD,2026-09-05,INV-001415
txn_001416,Customer 666,19092.92,USD,2026-09-06,INV-001416
txn_001417,Customer 667,19229.29,USD,2026-09-07,INV-001417
txn_001418,Customer 668,19366.66,USD,2026-09-08,INV-001418
txn_001419,Customer 669,19503.03,USD,2026-09-09,INV-001419
txn_001420,Customer 670,19640.40,USD,2026-09-10,INV-001420
txn_001421,Customer 671,19777.77,USD,2026-09-11,INV-001421
txn_001422,Customer 672,19914.14,USD,2026-09-12,INV-001422
txn_001423,Customer 673,20051.51,USD,2026-09-13,INV-001423
txn_001424,Customer 674,20188.88,USD,2026-09-14,INV-001424
txn_001425,Customer 675,20325.25,USD,2026-09-15,INV-001425
txn_001426,Customer 676,20462.62,USD,2026-09-16,INV-001426
txn_001427,Customer 677,20599.99,USD,2026-09-17,INV-001427
txn_001428,Customer 678,20736.36,USD,2026-09-18,INV-001428
txn_001429,Customer 679,20873.73,USD,2026-09-19,INV-001429
txn_001430,Customer 680,21010.10,USD,2026-09-20,INV-001430
txn_001431,Customer 681,21147.47,USD,2026-09-21,INV-001431
txn_001432,Customer 682,21284.84,USD,2026-09-22,INV-001432
txn_001433,Customer 683,21421.21,USD,2026-09-23,INV-001433
txn_001434,Customer 684,21558.58,USD,2026-09-24,INV-001434
txn_001435,Customer 685,21695.95,USD,2026-09-25,INV-001435
txn_001436,Customer 686,21832.32,USD,2026-09-26,INV-001436
txn_001437,Customer 687,21969.69,USD,2026-09-27,INV-001437
txn_001438,Customer 688,22106.06,USD,2026-09-28,INV-001438
txn_001439,Customer 689,22243.43,USD,2026-09-29,INV-001439
txn_001440,Customer 690,22380.80,USD,2026-09-30,INV-001440
txn_001441,Customer 691,22517.17,USD,2026-09-01,INV-001441
txn_001442,Customer 692,22654.54,USD,2026-09-02,INV-001442
txn_001443,Customer 693,22791.91,USD,2026-09-03,INV-001443
txn_001444,Customer 694,22928.28,USD,2026-09-04,INV-001444
txn_001445,Customer 695,23065.65,USD,2026-09-05,INV-001445
txn_001446,Customer 696,23202.02,USD,2026-09-06,INV-001446
txn_001447,Customer 697,23339.39,USD,2026-09-07,INV-001447
txn_001448,Customer 698,23476.76,USD,2026-09-08,INV-001448
txn_001449,Customer 699,23613.13,USD,2026-09-09,INV-001449
txn_001450,Customer 700,23750.50,USD,2026-09-10,INV-001450
txn_001451,Customer 701,23887.87,USD,2026-09-11,INV-001451
txn_001452,Customer 702,24024.24,USD,2026-09-12,INV-001452
txn_001453,Customer 703,24161.61,USD,2026-09-13,INV-001453
txn_001454,Customer 704,24298.98,USD,2026-09-14,INV-001454
txn_001455,Customer 705,24435.35,USD,2026-09-15,INV-001455
txn_001456,Customer 706,24572.72,USD,2026-09-16,INV-001456
txn_001457,Customer 707,24709.09,USD,2026-09-17,INV-001457
txn_001458,Customer 708,24846.46,USD,2026-09-18,INV-001458
txn_001459,Customer 709,24983.83,USD,2026-09-19,INV-001459
txn_001460,Customer 710,120.20,USD,2026-09-20,INV-001460
txn_001461,Customer 711,257.57,USD,2026-09-21,INV-001461
txn_001462,Customer 712,394.94,USD,2026-09-22,INV-001462
txn_001463,Customer 713,531.31,USD,2026-09-23,INV-001463
txn_001464,Customer 714,668.68,USD,2026-09-24,INV-001464
txn_001465,Customer 715,805.05,USD,2026-09-25,INV-001465
txn_001466,Customer 716,942.42,USD,2026-09-26,INV-001466
txn_001467,Customer 717,1079.79,USD,2026-09-27,INV-001467
txn_001468,Customer 718,1216.16,USD,2026-09-28,INV-001468
txn_001469,Customer 719,1353.53,USD,2026-09-29,INV-001469
txn_001470,Customer 720,1490.90,USD,2026-09-30,INV-001470
txn_001471,Customer 721,1627.27,USD,2026-09-01,INV-001471
txn_001472,Customer 722,1764.64,USD,2026-09-02,INV-001472
txn_001473,Customer 723,1901.01,USD,2026-09-03,INV-001473
txn_001474,Customer 724,2038.38,USD,2026-09-04,INV-001474
txn_001475,Customer 725,2175.75,USD,2026-09-05,INV-001475
txn_001476,Customer 726,2312.12,USD,2026-09-06,INV-001476
txn_001477,Customer 727,2449.49,USD,2026-09-07,INV-001477
txn_001478,Customer 728,2586.86,USD,2026-09-08,INV-001478
txn_001479,Customer 729,2723.23,USD,2026-09-09,INV-001479
txn_001480,Customer 730,2860.60,USD,2026-09-10,INV-001480
txn_001481,Customer 731,2997.97,USD,2026-09-11,INV-001481
txn_001482,Customer 732,3134.34,USD,2026-09-12,INV-001482
txn_001483,Customer 733,3271.71,USD,2026-09-13,INV-001483
txn_001484,Customer 734,3408.08,USD,2026-09-14,INV-001484
txn_001485,Customer 735,3545.45,USD,2026-09-15,INV-001485
txn_001486,Customer 736,3682.82,USD,2026-09-16,INV-001486
txn_001487,Customer 737,3819.19,USD,2026-09-17,INV-001487
txn_001488,Customer 738,3956.56,USD,2026-09-18,INV-001488
txn_001489,Customer 739,4093.93,USD,2026-09-19,INV-001489
txn_001490,Customer 740,4230.30,USD,2026-09-20,INV-001490
txn_001491,Customer 741,4367.67,USD,2026-09-21,INV-001491
txn_001492,Customer 742,4504.04,USD,2026-09-22,INV-001492
txn_001493,Customer 743,4641.41,USD,2026-09-23,INV-001493
txn_001494,Customer 744,4778.78,USD,2026-09-24,INV-001494
txn_001495,Customer 745,4915.15,USD,2026-09-25,INV-001495
txn_001496,Customer 746,5052.52,USD,2026-09-26,INV-001496
txn_001497,Customer 747,5189.89,USD,2026-09-27,INV-001497
txn_001498,Customer 748,5326.26,USD,2026-09-28,INV-001498
txn_001499,Customer 749,5463.63,USD,2026-09-29,INV-001499
txn_001500,Customer 750,5600.00,USD,2026-09-30,INV-001500
txn_001501,Customer 001,5737.37,USD,2026-09-01,INV-001501
txn_001502,Customer 002,5874.74,USD,2026-09-02,INV-001502
txn_001503,Customer 003,6011.11,USD,2026-09-03,INV-001503
txn_001504,Customer 004,6148.48,USD,2026-09-04,INV-001504
txn_001505,Customer 005,6285.85,USD,2026-09-05,INV-001505
txn_001506,Customer 006,6422.22,USD,2026-09-06,INV-001506
txn_001507,Customer 007,6559.59,USD,2026-09-07,INV-001507
txn_001508,Customer 008,6696.96,USD,2026-09-08,INV-001508
txn_001509,Customer 009,6833.33,USD,2026-09-09,INV-001509
txn_001510,Customer 010,6970.70,USD,2026-09-10,INV-001510
txn_001511,Customer 011,7107.07,USD,2026-09-11,INV-001511
txn_001512,Customer 012,7244.44,USD,2026-09-12,INV-001512
txn_001513,Customer 013,7381.81,USD,2026-09-13,INV-001513
txn_001514,Customer 014,7518.18,USD,2026-09-14,INV-001514
txn_001515,Customer 015,7655.55,USD,2026-09-15,INV-001515
txn_001516,Customer 016,7792.92,USD,2026-09-16,INV-001516
txn_001517,Customer 017,7929.29,USD,2026-09-17,INV-001517
txn_001518,Customer 018,8066.66,USD,2026-09-18,INV-001518
txn_001519,Customer 019,8203.03,USD,2026-09-19,INV-001519
txn_001520,Customer 020,8340.40,USD,2026-09-20,INV-001520
txn_001521,Customer 021,8477.77,USD,2026-09-21,INV-001521
txn_001522,Customer 022,8614.14,USD,2026-09-22,INV-001522
txn_001523,Customer 023,8751.51,USD,2026-09-23,INV-001523
txn_001524,Customer 024,8888.88,USD,2026-09-24,INV-001524
txn_001525,Customer 025,9025.25,USD,2026-09-25,INV-001525
txn_001526,Customer 026,9162.62,USD,2026-09-26,INV-001526
txn_001527,Customer 027,9299.99,USD,2026-09-27,INV-001527
txn_001528,Customer 028,9436.36,USD,2026-09-28,INV-001528
txn_001529,Customer 029,9573.73,USD,2026-09-29,INV-001529
txn_001530,Customer 030,9710.10,USD,2026-09-30,INV-001530
txn_001531,Customer 031,9847.47,USD,2026-09-01,INV-001531
txn_001532,Customer 032,9984.84,USD,2026-09-02,INV-001532
txn_001533,Customer 033,10121.21,USD,2026-09-03,INV-001533
txn_001534,Customer 034,10258.58,USD,2026-09-04,INV-001534
txn_001535,Customer 035,10395.95,USD,2026-09-05,INV-001535
txn_001536,Customer 036,10532.32,USD,2026-09-06,INV-001536
txn_001537,Customer 037,10669.69,USD,2026-09-07,INV-001537
txn_001538,Customer 038,10806.06,USD,2026-09-08,INV-001538
txn_001539,Customer 039,10943.43,USD,2026-09-09,INV-001539
txn_001540,Customer 040,11080.80,USD,2026-09-10,INV-001540
txn_001541,Customer 041,11217.17,USD,2026-09-11,INV-001541
txn_001542,Customer 042,11354.54,USD,2026-09-12,INV-001542
txn_001543,Customer 043,11491.91,USD,2026-09-13,INV-001543
txn_001544,Customer 044,11628.28,USD,2026-09-14,INV-001544
txn_001545,Customer 045,11765.65,USD,2026-09-15,INV-001545
txn_001546,Customer 046,11902.02,USD,2026-09-16,INV-001546
txn_001547,Customer 047,12039.39,USD,2026-09-17,INV-001547
txn_001548,Customer 048,12176.76,USD,2026-09-18,INV-001548
txn_001549,Customer 049,12313.13,USD,2026-09-19,INV-001549
txn_001550,Customer 050,12450.50,USD,2026-09-20,INV-001550
txn_001551,Customer 051,12587.87,USD,2026-09-21,INV-001551
txn_001552,Customer 052,12724.24,USD,2026-09-22,INV-001552
txn_001553,Customer 053,12861.61,USD,2026-09-23,INV-001553
txn_001554,Customer 054,12998.98,USD,2026-09-24,INV-001554
txn_001555,Customer 055,13135.35,USD,2026-09-25,INV-001555
txn_001556,Customer 056,13272.72,USD,2026-09-26,INV-001556
txn_001557,Customer 057,13409.09,USD,2026-09-27,INV-001557
txn_001558,Customer 058,13546.46,USD,2026-09-28,INV-001558
txn_001559,Customer 059,13683.83,USD,2026-09-29,INV-001559
txn_001560,Customer 060,13820.20,USD,2026-09-30,INV-001560
txn_001561,Customer 061,13957.57,USD,2026-09-01,INV-001561
txn_001562,Customer 062,14094.94,USD,2026-09-02,INV-001562
txn_001563,Customer 063,14231.31,USD,2026-09-03,INV-001563
txn_001564,Customer 064,14368.68,USD,2026-09-04,INV-001564
txn_001565,Customer 065,14505.05,USD,2026-09-05,INV-001565
txn_001566,Customer 066,14642.42,USD,2026-09-06,INV-001566
txn_001567,Customer 067,14779.79,USD,2026-09-07,INV-001567
txn_001568,Customer 068,14916.16,USD,2026-09-08,INV-001568
txn_001569,Customer 069,15053.53,USD,2026-09-09,INV-001569
txn_001570,Customer 070,15190.90,USD,2026-09-10,INV-001570
txn_001571,Customer 071,15327.27,USD,2026-09-11,INV-001571
txn_001572,Customer 072,15464.64,USD,2026-09-12,INV-001572
txn_001573,Customer 073,15601.01,USD,2026-09-13,INV-001573
txn_001574,Customer 074,15738.38,USD,2026-09-14,INV-001574
txn_001575,Customer 075,15875.75,USD,2026-09-15,INV-001575
txn_001576,Customer 076,16012.12,USD,2026-09-16,INV-001576
txn_001577,Customer 077,16149.49,USD,2026-09-17,INV-001577
txn_001578,Customer 078,16286.86,USD,2026-09-18,INV-001578
txn_001579,Customer 079,16423.23,USD,2026-09-19,INV-001579
txn_001580,Customer 080,16560.60,USD,2026-09-20,INV-001580
txn_001581,Customer 081,16697.97,USD,2026-09-21,INV-001581
txn_001582,Customer 082,16834.34,USD,2026-09-22,INV-001582
txn_001583,Customer 083,16971.71,USD,2026-09-23,INV-001583
txn_001584,Customer 084,17108.08,USD,2026-09-24,INV-001584
txn_001585,Customer 085,17245.45,USD,2026-09-25,INV-001585
txn_001586,Customer 086,17382.82,USD,2026-09-26,INV-001586
txn_001587,Customer 087,17519.19,USD,2026-09-27,INV-001587
txn_001588,Customer 088,17656.56,USD,2026-09-28,INV-001588
txn_001589,Customer 089,17793.93,USD,2026-09-29,INV-001589
txn_001590,Customer 090,17930.30,USD,2026-09-30,INV-001590
txn_001591,Customer 091,18067.67,USD,2026-09-01,INV-001591
txn_001592,Customer 092,18204.04,USD,2026-09-02,INV-001592
txn_001593,Customer 093,18341.41,USD,2026-09-03,INV-001593
txn_001594,Customer 094,18478.78,USD,2026-09-04,INV-001594
txn_001595,Customer 095,18615.15,USD,2026-09-05,INV-001595
txn_001596,Customer 096,18752.52,USD,2026-09-06,INV-001596
txn_001597,Customer 097,18889.89,USD,2026-09-07,INV-001597
txn_001598,Customer 098,19026.26,USD,2026-09-08,INV-001598
txn_001599,Customer 099,19163.63,USD,2026-09-09,INV-001599
txn_001600,Customer 100,19300.00,USD,2026-09-10,INV-001600
txn_001601,Customer 101,19437.37,USD,2026-09-11,INV-001601
txn_001602,Customer 102,19574.74,USD,2026-09-12,INV-001602
txn_001603,Customer 103,19711.11,USD,2026-09-13,INV-001603
txn_001604,Customer 104,19848.48,USD,2026-09-14,INV-001604
txn_001605,Customer 105,19985.85,USD,2026-09-15,INV-001605
txn_001606,Customer 106,20122.22,USD,2026-09-16,INV-001606
txn_001607,Customer 107,20259.59,USD,2026-09-17,INV-001607
txn_001608,Customer 108,20396.96,USD,2026-09-18,INV-001608
txn_001609,Customer 109,20533.33,USD,2026-09-19,INV-001609
txn_001610,Customer 110,20670.70,USD,2026-09-20,INV-001610
txn_001611,Customer 111,20807.07,USD,2026-09-21,INV-001611
txn_001612,Customer 112,20944.44,USD,2026-09-22,INV-001612
txn_001613,Customer 113,21081.81,USD,2026-09-23,INV-001613
txn_001614,Customer 114,21218.18,USD,2026-09-24,INV-001614
txn_001615,Customer 115,21355.55,USD,2026-09-25,INV-001615
txn_001616,Customer 116,21492.92,USD,2026-09-26,INV-001616
txn_001617,Customer 117,21629.29,USD,2026-09-27,INV-001617
txn_001618,Customer 118,21766.66,USD,2026-09-28,INV-001618
txn_001619,Customer 119,21903.03,USD,2026-09-29,INV-001619
txn_001620,Customer 120,22040.40,USD,2026-09-30,INV-001620
txn_001621,Customer 121,22177.77,USD,2026-09-01,INV-001621
txn_001622,Customer 122,22314.14,USD,2026-09-02,INV-001622
txn_001623,Customer 123,22451.51,USD,2026-09-03,INV-001623
txn_001624,Customer 124,22588.88,USD,2026-09-04,INV-001624
txn_001625,Customer 125,22725.25,USD,2026-09-05,INV-001625
txn_001626,Customer 126,22862.62,USD,2026-09-06,INV-001626
txn_001627,Customer 127,22999.99,USD,2026-09-07,INV-001627
txn_001628,Customer 128,23136.36,USD,2026-09-08,INV-001628
txn_001629,Customer 129,23273.73,USD,2026-09-09,INV-001629
txn_001630,Customer 130,23410.10,USD,2026-09-10,INV-001630
txn_001631,Customer 131,23547.47,USD,2026-09-11,INV-001631
txn_001632,Customer 132,23684.84,USD,2026-09-12,INV-001632
txn_001633,Customer 133,23821.21,USD,2026-09-13,INV-001633
txn_001634,Customer 134,23958.58,USD,2026-09-14,INV-001634
txn_001635,Customer 135,24095.95,USD,2026-09-15,INV-001635
txn_001636,Customer 136,24232.32,USD,2026-09-16,INV-001636
txn_001637,Customer 137,24369.69,USD,2026-09-17,INV-001637
txn_001638,Customer 138,24506.06,USD,2026-09-18,INV-001638
txn_001639,Customer 139,24643.43,USD,2026-09-19,INV-001639
txn_001640,Customer 140,24780.80,USD,2026-09-20,INV-001640
txn_001641,Customer 141,24917.17,USD,2026-09-21,INV-001641
txn_001642,Customer 142,25054.54,USD,2026-09-22,INV-001642
txn_001643,Customer 143,191.91,USD,2026-09-23,INV-001643
txn_001644,Customer 144,328.28,USD,2026-09-24,INV-001644
txn_001645,Customer 145,465.65,USD,2026-09-25,INV-001645
txn_001646,Customer 146,602.02,USD,2026-09-26,INV-001646
txn_001647,Customer 147,739.39,USD,2026-09-27,INV-001647
txn_001648,Customer 148,876.76,USD,2026-09-28,INV-001648
txn_001649,Customer 149,1013.13,USD,2026-09-29,INV-001649
txn_001650,Customer 150,1150.50,USD,2026-09-30,INV-001650
txn_001651,Customer 151,1287.87,USD,2026-09-01,INV-001651
txn_001652,Customer 152,1424.24,USD,2026-09-02,INV-001652
txn_001653,Customer 153,1561.61,USD,2026-09-03,INV-001653
txn_001654,Customer 154,1698.98,USD,2026-09-04,INV-001654
txn_001655,Customer 155,1835.35,USD,2026-09-05,INV-001655
txn_001656,Customer 156,1972.72,USD,2026-09-06,INV-001656
txn_001657,Customer 157,2109.09,USD,2026-09-07,INV-001657
txn_001658,Customer 158,2246.46,USD,2026-09-08,INV-001658
txn_001659,Customer 159,2383.83,USD,2026-09-09,INV-001659
txn_001660,Customer 160,2520.20,USD,2026-09-10,INV-001660
txn_001661,Customer 161,2657.57,USD,2026-09-11,INV-001661
txn_001662,Customer 162,2794.94,USD,2026-09-12,INV-001662
txn_001663,Customer 163,2931.31,USD,2026-09-13,INV-001663
txn_001664,Customer 164,3068.68,USD,2026-09-14,INV-001664
txn_001665,Customer 165,3205.05,USD,2026-09-15,INV-001665
txn_001666,Customer 166,3342.42,USD,2026-09-16,INV-001666
txn_001667,Customer 167,3479.79,USD,2026-09-17,INV-001667
txn_001668,Customer 168,3616.16,USD,2026-09-18,INV-001668
txn_001669,Customer 169,3753.53,USD,2026-09-19,INV-001669
txn_001670,Customer 170,3890.90,USD,2026-09-20,INV-001670
txn_001671,Customer 171,4027.27,USD,2026-09-21,INV-001671
txn_001672,Customer 172,4164.64,USD,2026-09-22,INV-001672
txn_001673,Customer 173,4301.01,USD,2026-09-23,INV-001673
txn_001674,Customer 174,4438.38,USD,2026-09-24,INV-001674
txn_001675,Customer 175,4575.75,USD,2026-09-25,INV-001675
txn_001676,Customer 176,4712.12,USD,2026-09-26,INV-001676
txn_001677,Customer 177,4849.49,USD,2026-09-27,INV-001677
txn_001678,Customer 178,4986.86,USD,2026-09-28,INV-001678
txn_001679,Customer 179,5123.23,USD,2026-09-29,INV-001679
txn_001680,Customer 180,5260.60,USD,2026-09-30,INV-001680
txn_001681,Customer 181,5397.97,USD,2026-09-01,INV-001681
txn_001682,Customer 182,5534.34,USD,2026-09-02,INV-001682
txn_001683,Customer 183,5671.71,USD,2026-09-03,INV-001683
txn_001684,Customer 184,5808.08,USD,2026-09-04,INV-001684
txn_001685,Customer 185,5945.45,USD,2026-09-05,INV-001685
txn_001686,Customer 186,6082.82,USD,2026-09-06,INV-001686
txn_001687,Customer 187,6219.19,USD,2026-09-07,INV-001687
txn_001688,Customer 188,6356.56,USD,2026-09-08,INV-001688
txn_001689,Customer 189,6493.93,USD,2026-09-09,INV-001689
txn_001690,Customer 190,6630.30,USD,2026-09-10,INV-001690
txn_001691,Customer 191,6767.67,USD,2026-09-11,INV-001691
txn_001692,Customer 192,6904.04,USD,2026-09-12,INV-001692
txn_001693,Customer 193,7041.41,USD,2026-09-13,INV-001693
txn_001694,Customer 194,7178.78,USD,2026-09-14,INV-001694
txn_001695,Customer 195,7315.15,USD,2026-09-15,INV-001695
txn_001696,Customer 196,7452.52,USD,2026-09-16,INV-001696
txn_001697,Customer 197,7589.89,USD,2026-09-17,INV-001697
txn_001698,Customer 198,7726.26,USD,2026-09-18,INV-001698
txn_001699,Customer 199,7863.63,USD,2026-09-19,INV-001699
txn_001700,Customer 200,8000.00,USD,2026-09-20,INV-001700
txn_001701,Customer 201,8137.37,USD,2026-09-21,INV-001701
txn_001702,Customer 202,8274.74,USD,2026-09-22,INV-001702
txn_001703,Customer 203,8411.11,USD,2026-09-23,INV-001703
txn_001704,Customer 204,8548.48,USD,2026-09-24,INV-001704
txn_001705,Customer 205,8685.85,USD,2026-09-25,INV-001705
txn_001706,Customer 206,8822.22,USD,2026-09-26,INV-001706
txn_001707,Customer 207,8959.59,USD,2026-09-27,INV-001707
txn_001708,Customer 208,9096.96,USD,2026-09-28,INV-001708
txn_001709,Customer 209,9233.33,USD,2026-09-29,INV-001709
txn_001710,Customer 210,9370.70,USD,2026-09-30,INV-001710
txn_001711,Customer 211,9507.07,USD,2026-09-01,INV-001711
txn_001712,Customer 212,9644.44,USD,2026-09-02,INV-001712
txn_001713,Customer 213,9781.81,USD,2026-09-03,INV-001713
txn_001714,Customer 214,9918.18,USD,2026-09-04,INV-001714
txn_001715,Customer 215,10055.55,USD,2026-09-05,INV-001715
txn_001716,Customer 216,10192.92,USD,2026-09-06,INV-001716
txn_001717,Customer 217,10329.29,USD,2026-09-07,INV-001717
txn_001718,Customer 218,10466.66,USD,2026-09-08,INV-001718
txn_001719,Customer 219,10603.03,USD,2026-09-09,INV-001719
txn_001720,Customer 220,10740.40,USD,2026-09-10,INV-001720
txn_001721,Customer 221,10877.77,USD,2026-09-11,INV-001721
txn_001722,Customer 222,11014.14,USD,2026-09-12,INV-001722
txn_001723,Customer 223,11151.51,USD,2026-09-13,INV-001723
txn_001724,Customer 224,11288.88,USD,2026-09-14,INV-001724
txn_001725,Customer 225,11425.25,USD,2026-09-15,INV-001725
txn_001726,Customer 226,11562.62,USD,2026-09-16,INV-001726
txn_001727,Customer 227,11699.99,USD,2026-09-17,INV-001727
txn_001728,Customer 228,11836.36,USD,2026-09-18,INV-001728
txn_001729,Customer 229,11973.73,USD,2026-09-19,INV-001729
txn_001730,Customer 230,12110.10,USD,2026-09-20,INV-001730
txn_001731,Customer 231,12247.47,USD,2026-09-21,INV-001731
txn_001732,Customer 232,12384.84,USD,2026-09-22,INV-001732
txn_001733,Customer 233,12521.21,USD,2026-09-23,INV-001733
txn_001734,Customer 234,12658.58,USD,2026-09-24,INV-001734
txn_001735,Customer 235,12795.95,USD,2026-09-25,INV-001735
txn_001736,Customer 236,12932.32,USD,2026-09-26,INV-001736
txn_001737,Customer 237,13069.69,USD,2026-09-27,INV-001737
txn_001738,Customer 238,13206.06,USD,2026-09-28,INV-001738
txn_001739,Customer 239,13343.43,USD,2026-09-29,INV-001739
txn_001740,Customer 240,13480.80,USD,2026-09-30,INV-001740
txn_001741,Customer 241,13617.17,USD,2026-09-01,INV-001741
txn_001742,Customer 242,13754.54,USD,2026-09-02,INV-001742
txn_001743,Customer 243,13891.91,USD,2026-09-03,INV-001743
txn_001744,Customer 244,14028.28,USD,2026-09-04,INV-001744
txn_001745,Customer 245,14165.65,USD,2026-09-05,INV-001745
txn_001746,Customer 246,14302.02,USD,2026-09-06,INV-001746
txn_001747,Customer 247,14439.39,USD,2026-09-07,INV-001747
txn_001748,Customer 248,14576.76,USD,2026-09-08,INV-001748
txn_001749,Customer 249,14713.13,USD,2026-09-09,INV-001749
txn_001750,Customer 250,14850.50,USD,2026-09-10,INV-001750
txn_001751,Customer 251,14987.87,USD,2026-09-11,INV-001751
txn_001752,Customer 252,15124.24,USD,2026-09-12,INV-001752
txn_001753,Customer 253,15261.61,USD,2026-09-13,INV-001753
txn_001754,Customer 254,15398.98,USD,2026-09-14,INV-001754
txn_001755,Customer 255,15535.35,USD,2026-09-15,INV-001755
txn_001756,Customer 256,15672.72,USD,2026-09-16,INV-001756
txn_001757,Customer 257,15809.09,USD,2026-09-17,INV-001757
txn_001758,Customer 258,15946.46,USD,2026-09-18,INV-001758
txn_001759,Customer 259,16083.83,USD,2026-09-19,INV-001759
txn_001760,Customer 260,16220.20,USD,2026-09-20,INV-001760
txn_001761,Customer 261,16357.57,USD,2026-09-21,INV-001761
txn_001762,Customer 262,16494.94,USD,2026-09-22,INV-001762
txn_001763,Customer 263,16631.31,USD,2026-09-23,INV-001763
txn_001764,Customer 264,16768.68,USD,2026-09-24,INV-001764
txn_001765,Customer 265,16905.05,USD,2026-09-25,INV-001765
txn_001766,Customer 266,17042.42,USD,2026-09-26,INV-001766
txn_001767,Customer 267,17179.79,USD,2026-09-27,INV-001767
txn_001768,Customer 268,17316.16,USD,2026-09-28,INV-001768
txn_001769,Customer 269,17453.53,USD,2026-09-29,INV-001769
txn_001770,Customer 270,17590.90,USD,2026-09-30,INV-001770
txn_001771,Customer 271,17727.27,USD,2026-09-01,INV-001771
txn_001772,Customer 272,17864.64,USD,2026-09-02,INV-001772
txn_001773,Customer 273,18001.01,USD,2026-09-03,INV-001773
txn_001774,Customer 274,18138.38,USD,2026-09-04,INV-001774
txn_001775,Customer 275,18275.75,USD,2026-09-05,INV-001775
txn_001776,Customer 276,18412.12,USD,2026-09-06,INV-001776
txn_001777,Customer 277,18549.49,USD,2026-09-07,INV-001777
txn_001778,Customer 278,18686.86,USD,2026-09-08,INV-001778
txn_001779,Customer 279,18823.23,USD,2026-09-09,INV-001779
txn_001780,Customer 280,18960.60,USD,2026-09-10,INV-001780
txn_001781,Customer 281,19097.97,USD,2026-09-11,INV-001781
txn_001782,Customer 282,19234.34,USD,2026-09-12,INV-001782
txn_001783,Customer 283,19371.71,USD,2026-09-13,INV-001783
txn_001784,Customer 284,19508.08,USD,2026-09-14,INV-001784
txn_001785,Customer 285,19645.45,USD,2026-09-15,INV-001785
txn_001786,Customer 286,19782.82,USD,2026-09-16,INV-001786
txn_001787,Customer 287,19919.19,USD,2026-09-17,INV-001787
txn_001788,Customer 288,20056.56,USD,2026-09-18,INV-001788
txn_001789,Customer 289,20193.93,USD,2026-09-19,INV-001789
txn_001790,Customer 290,20330.30,USD,2026-09-20,INV-001790
txn_001791,Customer 291,20467.67,USD,2026-09-21,INV-001791
txn_001792,Customer 292,20604.04,USD,2026-09-22,INV-001792
txn_001793,Customer 293,20741.41,USD,2026-09-23,INV-001793
txn_001794,Customer 294,20878.78,USD,2026-09-24,INV-001794
txn_001795,Customer 295,21015.15,USD,2026-09-25,INV-001795
txn_001796,Customer 296,21152.52,USD,2026-09-26,INV-001796
txn_001797,Customer 297,21289.89,USD,2026-09-27,INV-001797
txn_001798,Customer 298,21426.26,USD,2026-09-28,INV-001798
txn_001799,Customer 299,21563.63,USD,2026-09-29,INV-001799
txn_001800,Customer 300,21700.00,USD,2026-09-30,INV-001800
txn_001801,Customer 301,21837.37,USD,2026-09-01,INV-001801
txn_001802,Customer 302,21974.74,USD,2026-09-02,INV-001802
txn_001803,Customer 303,22111.11,USD,2026-09-03,INV-001803
txn_001804,Customer 304,22248.48,USD,2026-09-04,INV-001804
txn_001805,Customer 305,22385.85,USD,2026-09-05,INV-001805
txn_001806,Customer 306,22522.22,USD,2026-09-06,INV-001806
txn_001807,Customer 307,22659.59,USD,2026-09-07,INV-001807
txn_001808,Customer 308,22796.96,USD,2026-09-08,INV-001808
txn_001809,Customer 309,22933.33,USD,2026-09-09,INV-001809
txn_001810,Customer 310,23070.70,USD,2026-09-10,INV-001810
txn_001811,Customer 311,23207.07,USD,2026-09-11,INV-001811
txn_001812,Customer 312,23344.44,USD,2026-09-12,INV-001812
txn_001813,Customer 313,23481.81,USD,2026-09-13,INV-001813
txn_001814,Customer 314,23618.18,USD,2026-09-14,INV-001814
txn_001815,Customer 315,23755.55,USD,2026-09-15,INV-001815
txn_001816,Customer 316,23892.92,USD,2026-09-16,INV-001816
txn_001817,Customer 317,24029.29,USD,2026-09-17,INV-001817
txn_001818,Customer 318,24166.66,USD,2026-09-18,INV-001818
txn_001819,Customer 319,24303.03,USD,2026-09-19,INV-001819
txn_001820,Customer 320,24440.40,USD,2026-09-20,INV-001820
txn_001821,Customer 321,24577.77,USD,2026-09-21,INV-001821
txn_001822,Customer 322,24714.14,USD,2026-09-22,INV-001822
txn_001823,Customer 323,24851.51,USD,2026-09-23,INV-001823
txn_001824,Customer 324,24988.88,USD,2026-09-24,INV-001824
txn_001825,Customer 325,125.25,USD,2026-09-25,INV-001825
txn_001826,Customer 326,262.62,USD,2026-09-26,INV-001826
txn_001827,Customer 327,399.99,USD,2026-09-27,INV-001827
txn_001828,Customer 328,536.36,USD,2026-09-28,INV-001828
txn_001829,Customer 329,673.73,USD,2026-09-29,INV-001829
txn_001830,Customer 330,810.10,USD,2026-09-30,INV-001830
txn_001831,Customer 331,947.47,USD,2026-09-01,INV-001831
txn_001832,Customer 332,1084.84,USD,2026-09-02,INV-001832
txn_001833,Customer 333,1221.21,USD,2026-09-03,INV-001833
txn_001834,Customer 334,1358.58,USD,2026-09-04,INV-001834
txn_001835,Customer 335,1495.95,USD,2026-09-05,INV-001835
txn_001836,Customer 336,1632.32,USD,2026-09-06,INV-001836
txn_001837,Customer 337,1769.69,USD,2026-09-07,INV-001837
txn_001838,Customer 338,1906.06,USD,2026-09-08,INV-001838
txn_001839,Customer 339,2043.43,USD,2026-09-09,INV-001839
txn_001840,Customer 340,2180.80,USD,2026-09-10,INV-001840
txn_001841,Customer 341,2317.17,USD,2026-09-11,INV-001841
txn_001842,Customer 342,2454.54,USD,2026-09-12,INV-001842
txn_001843,Customer 343,2591.91,USD,2026-09-13,INV-001843
txn_001844,Customer 344,2728.28,USD,2026-09-14,INV-001844
txn_001845,Customer 345,2865.65,USD,2026-09-15,INV-001845
txn_001846,Customer 346,3002.02,USD,2026-09-16,INV-001846
txn_001847,Customer 347,3139.39,USD,2026-09-17,INV-001847
txn_001848,Customer 348,3276.76,USD,2026-09-18,INV-001848
txn_001849,Customer 349,3413.13,USD,2026-09-19,INV-001849
txn_001850,Customer 350,3550.50,USD,2026-09-20,INV-001850
txn_001851,Customer 351,3687.87,USD,2026-09-21,INV-001851
txn_001852,Customer 352,3824.24,USD,2026-09-22,INV-001852
txn_001853,Customer 353,3961.61,USD,2026-09-23,INV-001853
txn_001854,Customer 354,4098.98,USD,2026-09-24,INV-001854
txn_001855,Customer 355,4235.35,USD,2026-09-25,INV-001855
txn_001856,Customer 356,4372.72,USD,2026-09-26,INV-001856
txn_001857,Customer 357,4509.09,USD,2026-09-27,INV-001857
txn_001858,Customer 358,4646.46,USD,2026-09-28,INV-001858
txn_001859,Customer 359,4783.83,USD,2026-09-29,INV-001859
txn_001860,Customer 360,4920.20,USD,2026-09-30,INV-001860
txn_001861,Customer 361,5057.57,USD,2026-09-01,INV-001861
txn_001862,Customer 362,5194.94,USD,2026-09-02,INV-001862
txn_001863,Customer 363,5331.31,USD,2026-09-03,INV-001863
txn_001864,Customer 364,5468.68,USD,2026-09-04,INV-001864
txn_001865,Customer 365,5605.05,USD,2026-09-05,INV-001865
txn_001866,Customer 366,5742.42,USD,2026-09-06,INV-001866
txn_001867,Customer 367,5879.79,USD,2026-09-07,INV-001867
txn_001868,Customer 368,6016.16,USD,2026-09-08,INV-001868
txn_001869,Customer 369,6153.53,USD,2026-09-09,INV-001869
txn_001870,Customer 370,6290.90,USD,2026-09-10,INV-001870
txn_001871,Customer 371,6427.27,USD,2026-09-11,INV-001871
txn_001872,Customer 372,6564.64,USD,2026-09-12,INV-001872
txn_001873,Customer 373,6701.01,USD,2026-09-13,INV-001873
txn_001874,Customer 374,6838.38,USD,2026-09-14,INV-001874
txn_001875,Customer 375,6975.75,USD,2026-09-15,INV-001875
txn_001876,Customer 376,7112.12,USD,2026-09-16,INV-001876
txn_001877,Customer 377,7249.49,USD,2026-09-17,INV-001877
txn_001878,Customer 378,7386.86,USD,2026-09-18,INV-001878
txn_001879,Customer 379,7523.23,USD,2026-09-19,INV-001879
txn_001880,Customer 380,7660.60,USD,2026-09-20,INV-001880
txn_001881,Customer 381,7797.97,USD,2026-09-21,INV-001881
txn_001882,Customer 382,7934.34,USD,2026-09-22,INV-001882
txn_001883,Customer 383,8071.71,USD,2026-09-23,INV-001883
txn_001884,Customer 384,8208.08,USD,2026-09-24,INV-001884
txn_001885,Customer 385,8345.45,USD,2026-09-25,INV-001885
txn_001886,Customer 386,8482.82,USD,2026-09-26,INV-001886
txn_001887,Customer 387,8619.19,USD,2026-09-27,INV-001887
txn_001888,Customer 388,8756.56,USD,2026-09-28,INV-001888
txn_001889,Customer 389,8893.93,USD,2026-09-29,INV-001889
txn_001890,Customer 390,9030.30,USD,2026-09-30,INV-001890
txn_001891,Customer 391,9167.67,USD,2026-09-01,INV-001891
txn_001892,Customer 392,9304.04,USD,2026-09-02,INV-001892
txn_001893,Customer 393,9441.41,USD,2026-09-03,INV-001893
txn_001894,Customer 394,9578.78,USD,2026-09-04,INV-001894
txn_001895,Customer 395,9715.15,USD,2026-09-05,INV-001895
txn_001896,Customer 396,9852.52,USD,2026-09-06,INV-001896
txn_001897,Customer 397,9989.89,USD,2026-09-07,INV-001897
txn_001898,Customer 398,10126.26,USD,2026-09-08,INV-001898
txn_001899,Customer 399,10263.63,USD,2026-09-09,INV-001899
txn_001900,Customer 400,10400.00,USD,2026-09-10,INV-001900
txn_001901,Customer 401,10537.37,USD,2026-09-11,INV-001901
txn_001902,Customer 402,10674.74,USD,2026-09-12,INV-001902
txn_001903,Customer 403,10811.11,USD,2026-09-13,INV-001903
txn_001904,Customer 404,10948.48,USD,2026-09-14,INV-001904
txn_001905,Customer 405,11085.85,USD,2026-09-15,INV-001905
txn_001906,Customer 406,11222.22,USD,2026-09-16,INV-001906
txn_001907,Customer 407,11359.59,USD,2026-09-17,INV-001907
txn_001908,Customer 408,11496.96,USD,2026-09-18,INV-001908
txn_001909,Customer 409,11633.33,USD,2026-09-19,INV-001909
txn_001910,Customer 410,11770.70,USD,2026-09-20,INV-001910
txn_001911,Customer 411,11907.07,USD,2026-09-21,INV-001911
txn_001912,Customer 412,12044.44,USD,2026-09-22,INV-001912
txn_001913,Customer 413,12181.81,USD,2026-09-23,INV-001913
txn_001914,Customer 414,12318.18,USD,2026-09-24,INV-001914
txn_001915,Customer 415,12455.55,USD,2026-09-25,INV-001915
txn_001916,Customer 416,12592.92,USD,2026-09-26,INV-001916
txn_001917,Customer 417,12729.29,USD,2026-09-27,INV-001917
txn_001918,Customer 418,12866.66,USD,2026-09-28,INV-001918
txn_001919,Customer 419,13003.03,USD,2026-09-29,INV-001919
txn_001920,Customer 420,13140.40,USD,2026-09-30,INV-001920
txn_001921,Customer 421,13277.77,USD,2026-09-01,INV-001921
txn_001922,Customer 422,13414.14,USD,2026-09-02,INV-001922
txn_001923,Customer 423,13551.51,USD,2026-09-03,INV-001923
txn_001924,Customer 424,13688.88,USD,2026-09-04,INV-001924
txn_001925,Customer 425,13825.25,USD,2026-09-05,INV-001925
txn_001926,Customer 426,13962.62,USD,2026-09-06,INV-001926
txn_001927,Customer 427,14099.99,USD,2026-09-07,INV-001927
txn_001928,Customer 428,14236.36,USD,2026-09-08,INV-001928
txn_001929,Customer 429,14373.73,USD,2026-09-09,INV-001929
txn_001930,Customer 430,14510.10,USD,2026-09-10,INV-001930
txn_001931,Customer 431,14647.47,USD,2026-09-11,INV-001931
txn_001932,Customer 432,14784.84,USD,2026-09-12,INV-001932
txn_001933,Customer 433,14921.21,USD,2026-09-13,INV-001933
txn_001934,Customer 434,15058.58,USD,2026-09-14,INV-001934
txn_001935,Customer 435,15195.95,USD,2026-09-15,INV-001935
txn_001936,Customer 436,15332.32,USD,2026-09-16,INV-001936
txn_001937,Customer 437,15469.69,USD,2026-09-17,INV-001937
txn_001938,Customer 438,15606.06,USD,2026-09-18,INV-001938
txn_001939,Customer 439,15743.43,USD,2026-09-19,INV-001939
txn_001940,Customer 440,15880.80,USD,2026-09-20,INV-001940
txn_001941,Customer 441,16017.17,USD,2026-09-21,INV-001941
txn_001942,Customer 442,16154.54,USD,2026-09-22,INV-001942
txn_001943,Customer 443,16291.91,USD,2026-09-23,INV-001943
txn_001944,Customer 444,16428.28,USD,2026-09-24,INV-001944
txn_001945,Customer 445,16565.65,USD,2026-09-25,INV-001945
txn_001946,Customer 446,16702.02,USD,2026-09-26,INV-001946
txn_001947,Customer 447,16839.39,USD,2026-09-27,INV-001947
txn_001948,Customer 448,16976.76,USD,2026-09-28,INV-001948
txn_001949,Customer 449,17113.13,USD,2026-09-29,INV-001949
txn_001950,Customer 450,17250.50,USD,2026-09-30,INV-001950
txn_001951,Customer 451,17387.87,USD,2026-09-01,INV-001951
txn_001952,Customer 452,17524.24,USD,2026-09-02,INV-001952
txn_001953,Customer 453,17661.61,USD,2026-09-03,INV-001953
txn_001954,Customer 454,17798.98,USD,2026-09-04,INV-001954
txn_001955,Customer 455,17935.35,USD,2026-09-05,INV-001955
txn_001956,Customer 456,18072.72,USD,2026-09-06,INV-001956
txn_001957,Customer 457,18209.09,USD,2026-09-07,INV-001957
txn_001958,Customer 458,18346.46,USD,2026-09-08,INV-001958
txn_001959,Customer 459,18483.83,USD,2026-09-09,INV-001959
txn_001960,Customer 460,18620.20,USD,2026-09-10,INV-001960
txn_001961,Customer 461,18757.57,USD,2026-09-11,INV-001961
txn_001962,Customer 462,18894.94,USD,2026-09-12,INV-001962
txn_001963,Customer 463,19031.31,USD,2026-09-13,INV-001963
txn_001964,Customer 464,19168.68,USD,2026-09-14,INV-001964
txn_001965,Customer 465,19305.05,USD,2026-09-15,INV-001965
txn_001966,Customer 466,19442.42,USD,2026-09-16,INV-001966
txn_001967,Customer 467,19579.79,USD,2026-09-17,INV-001967
txn_001968,Customer 468,19716.16,USD,2026-09-18,INV-001968
txn_001969,Customer 469,19853.53,USD,2026-09-19,INV-001969
txn_001970,Customer 470,19990.90,USD,2026-09-20,INV-001970
txn_001971,Customer 471,20127.27,USD,2026-09-21,INV-001971
txn_001972,Customer 472,20264.64,USD,2026-09-22,INV-001972
txn_001973,Customer 473,20401.01,USD,2026-09-23,INV-001973
txn_001974,Customer 474,20538.38,USD,2026-09-24,INV-001974
txn_001975,Customer 475,20675.75,USD,2026-09-25,INV-001975
txn_001976,Customer 476,20812.12,USD,2026-09-26,INV-001976
txn_001977,Customer 477,20949.49,USD,2026-09-27,INV-001977
txn_001978,Customer 478,21086.86,USD,2026-09-28,INV-001978
txn_001979,Customer 479,21223.23,USD,2026-09-29,INV-001979
txn_001980,Customer 480,21360.60,USD,2026-09-30,INV-001980
txn_001981,Customer 481,21497.97,USD,2026-09-01,INV-001981
txn_001982,Customer 482,21634.34,USD,2026-09-02,INV-001982
txn_001983,Customer 483,21771.71,USD,2026-09-03,INV-001983
txn_001984,Customer 484,21908.08,USD,2026-09-04,INV-001984
txn_001985,Customer 485,22045.45,USD,2026-09-05,INV-001985
txn_001986,Customer 486,22182.82,USD,2026-09-06,INV-001986
txn_001987,Customer 487,22319.19,USD,2026-09-07,INV-001987
txn_001988,Customer 488,22456.56,USD,2026-09-08,INV-001988
txn_001989,Customer 489,22593.93,USD,2026-09-09,INV-001989
txn_001990,Customer 490,22730.30,USD,2026-09-10,INV-001990
txn_001991,Customer 491,22867.67,USD,2026-09-11,INV-001991
txn_001992,Customer 492,23004.04,USD,2026-09-12,INV-001992
txn_001993,Customer 493,23141.41,USD,2026-09-13,INV-001993
txn_001994,Customer 494,23278.78,USD,2026-09-14,INV-001994
txn_001995,Customer 495,23415.15,USD,2026-09-15,INV-001995
txn_001996,Customer 496,23552.52,USD,2026-09-16,INV-001996
txn_001997,Customer 497,23689.89,USD,2026-09-17,INV-001997
txn_001998,Customer 498,23826.26,USD,2026-09-18,INV-001998
txn_001999,Customer 499,23963.63,USD,2026-09-19,INV-001999
txn_002000,Customer 500,24100.00,USD,2026-09-20,INV-002000
txn_002001,Customer 501,24237.37,USD,2026-09-21,INV-002001
txn_002002,Customer 502,24374.74,USD,2026-09-22,INV-002002
txn_002003,Customer 503,24511.11,USD,2026-09-23,INV-002003
txn_002004,Customer 504,24648.48,USD,2026-09-24,INV-002004
txn_002005,Customer 505,24785.85,USD,2026-09-25,INV-002005
txn_002006,Customer 506,24922.22,USD,2026-09-26,INV-002006
txn_002007,Customer 507,25059.59,USD,2026-09-27,INV-002007
txn_002008,Customer 508,196.96,USD,2026-09-28,INV-002008
txn_002009,Customer 509,333.33,USD,2026-09-29,INV-002009
txn_002010,Customer 510,470.70,USD,2026-09-30,INV-002010
txn_002011,Customer 511,607.07,USD,2026-09-01,INV-002011
txn_002012,Customer 512,744.44,USD,2026-09-02,INV-002012
txn_002013,Customer 513,881.81,USD,2026-09-03,INV-002013
txn_002014,Customer 514,1018.18,USD,2026-09-04,INV-002014
txn_002015,Customer 515,1155.55,USD,2026-09-05,INV-002015
txn_002016,Customer 516,1292.92,USD,2026-09-06,INV-002016
txn_002017,Customer 517,1429.29,USD,2026-09-07,INV-002017
txn_002018,Customer 518,1566.66,USD,2026-09-08,INV-002018
txn_002019,Customer 519,1703.03,USD,2026-09-09,INV-002019
txn_002020,Customer 520,1840.40,USD,2026-09-10,INV-002020
txn_002021,Customer 521,1977.77,USD,2026-09-11,INV-002021
txn_002022,Customer 522,2114.14,USD,2026-09-12,INV-002022
txn_002023,Customer 523,2251.51,USD,2026-09-13,INV-002023
txn_002024,Customer 524,2388.88,USD,2026-09-14,INV-002024
txn_002025,Customer 525,2525.25,USD,2026-09-15,INV-002025
txn_002026,Customer 526,2662.62,USD,2026-09-16,INV-002026
txn_002027,Customer 527,2799.99,USD,2026-09-17,INV-002027
txn_002028,Customer 528,2936.36,USD,2026-09-18,INV-002028
txn_002029,Customer 529,3073.73,USD,2026-09-19,INV-002029
txn_002030,Customer 530,3210.10,USD,2026-09-20,INV-002030
txn_002031,Customer 531,3347.47,USD,2026-09-21,INV-002031
txn_002032,Customer 532,3484.84,USD,2026-09-22,INV-002032
txn_002033,Customer 533,3621.21,USD,2026-09-23,INV-002033
txn_002034,Customer 534,3758.58,USD,2026-09-24,INV-002034
txn_002035,Customer 535,3895.95,USD,2026-09-25,INV-002035
txn_002036,Customer 536,4032.32,USD,2026-09-26,INV-002036
txn_002037,Customer 537,4169.69,USD,2026-09-27,INV-002037
txn_002038,Customer 538,4306.06,USD,2026-09-28,INV-002038
txn_002039,Customer 539,4443.43,USD,2026-09-29,INV-002039
txn_002040,Customer 540,4580.80,USD,2026-09-30,INV-002040
txn_002041,Customer 541,4717.17,USD,2026-09-01,INV-002041
txn_002042,Customer 542,4854.54,USD,2026-09-02,INV-002042
txn_002043,Customer 543,4991.91,USD,2026-09-03,INV-002043
txn_002044,Customer 544,5128.28,USD,2026-09-04,INV-002044
txn_002045,Customer 545,5265.65,USD,2026-09-05,INV-002045
txn_002046,Customer 546,5402.02,USD,2026-09-06,INV-002046
txn_002047,Customer 547,5539.39,USD,2026-09-07,INV-002047
txn_002048,Customer 548,5676.76,USD,2026-09-08,INV-002048
txn_002049,Customer 549,5813.13,USD,2026-09-09,INV-002049
txn_002050,Customer 550,5950.50,USD,2026-09-10,INV-002050
txn_002051,Customer 551,6087.87,USD,2026-09-11,INV-002051
txn_002052,Customer 552,6224.24,USD,2026-09-12,INV-002052
txn_002053,Customer 553,6361.61,USD,2026-09-13,INV-002053
txn_002054,Customer 554,6498.98,USD,2026-09-14,INV-002054
txn_002055,Customer 555,6635.35,USD,2026-09-15,INV-002055
txn_002056,Customer 556,6772.72,USD,2026-09-16,INV-002056
txn_002057,Customer 557,6909.09,USD,2026-09-17,INV-002057
txn_002058,Customer 558,7046.46,USD,2026-09-18,INV-002058
txn_002059,Customer 559,7183.83,USD,2026-09-19,INV-002059
txn_002060,Customer 560,7320.20,USD,2026-09-20,INV-002060
txn_002061,Customer 561,7457.57,USD,2026-09-21,INV-002061
txn_002062,Customer 562,7594.94,USD,2026-09-22,INV-002062
txn_002063,Customer 563,7731.31,USD,2026-09-23,INV-002063
txn_002064,Customer 564,7868.68,USD,2026-09-24,INV-002064
txn_002065,Customer 565,8005.05,USD,2026-09-25,INV-002065
txn_002066,Customer 566,8142.42,USD,2026-09-26,INV-002066
txn_002067,Customer 567,8279.79,USD,2026-09-27,INV-002067
txn_002068,Customer 568,8416.16,USD,2026-09-28,INV-002068
txn_002069,Customer 569,8553.53,USD,2026-09-29,INV-002069
txn_002070,Customer 570,8690.90,USD,2026-09-30,INV-002070
txn_002071,Customer 571,8827.27,USD,2026-09-01,INV-002071
txn_002072,Customer 572,8964.64,USD,2026-09-02,INV-002072
txn_002073,Customer 573,9101.01,USD,2026-09-03,INV-002073
txn_002074,Customer 574,9238.38,USD,2026-09-04,INV-002074
txn_002075,Customer 575,9375.75,USD,2026-09-05,INV-002075
txn_002076,Customer 576,9512.12,USD,2026-09-06,INV-002076
txn_002077,Customer 577,9649.49,USD,2026-09-07,INV-002077
txn_002078,Customer 578,9786.86,USD,2026-09-08,INV-002078
txn_002079,Customer 579,9923.23,USD,2026-09-09,INV-002079
txn_002080,Customer 580,10060.60,USD,2026-09-10,INV-002080
txn_002081,Customer 581,10197.97,USD,2026-09-11,INV-002081
txn_002082,Customer 582,10334.34,USD,2026-09-12,INV-002082
txn_002083,Customer 583,10471.71,USD,2026-09-13,INV-002083
txn_002084,Customer 584,10608.08,USD,2026-09-14,INV-002084
txn_002085,Customer 585,10745.45,USD,2026-09-15,INV-002085
txn_002086,Customer 586,10882.82,USD,2026-09-16,INV-002086
txn_002087,Customer 587,11019.19,USD,2026-09-17,INV-002087
txn_002088,Customer 588,11156.56,USD,2026-09-18,INV-002088
txn_002089,Customer 589,11293.93,USD,2026-09-19,INV-002089
txn_002090,Customer 590,11430.30,USD,2026-09-20,INV-002090
txn_002091,Customer 591,11567.67,USD,2026-09-21,INV-002091
txn_002092,Customer 592,11704.04,USD,2026-09-22,INV-002092
txn_002093,Customer 593,11841.41,USD,2026-09-23,INV-002093
txn_002094,Customer 594,11978.78,USD,2026-09-24,INV-002094
txn_002095,Customer 595,12115.15,USD,2026-09-25,INV-002095
txn_002096,Customer 596,12252.52,USD,2026-09-26,INV-002096
txn_002097,Customer 597,12389.89,USD,2026-09-27,INV-002097
txn_002098,Customer 598,12526.26,USD,2026-09-28,INV-002098
txn_002099,Customer 599,12663.63,USD,2026-09-29,INV-002099
txn_002100,Customer 600,12800.00,USD,2026-09-30,INV-002100
txn_002101,Customer 601,12937.37,USD,2026-09-01,INV-002101
txn_002102,Customer 602,13074.74,USD,2026-09-02,INV-002102
txn_002103,Customer 603,13211.11,USD,2026-09-03,INV-002103
txn_002104,Customer 604,13348.48,USD,2026-09-04,INV-002104
txn_002105,Customer 605,13485.85,USD,2026-09-05,INV-002105
txn_002106,Customer 606,13622.22,USD,2026-09-06,INV-002106
txn_002107,Customer 607,13759.59,USD,2026-09-07,INV-002107
txn_002108,Customer 608,13896.96,USD,2026-09-08,INV-002108
txn_002109,Customer 609,14033.33,USD,2026-09-09,INV-002109
txn_002110,Customer 610,14170.70,USD,2026-09-10,INV-002110
txn_002111,Customer 611,14307.07,USD,2026-09-11,INV-002111
txn_002112,Customer 612,14444.44,USD,2026-09-12,INV-002112
txn_002113,Customer 613,14581.81,USD,2026-09-13,INV-002113
txn_002114,Customer 614,14718.18,USD,2026-09-14,INV-002114
txn_002115,Customer 615,14855.55,USD,2026-09-15,INV-002115
txn_002116,Customer 616,14992.92,USD,2026-09-16,INV-002116
txn_002117,Customer 617,15129.29,USD,2026-09-17,INV-002117
txn_002118,Customer 618,15266.66,USD,2026-09-18,INV-002118
txn_002119,Customer 619,15403.03,USD,2026-09-19,INV-002119
txn_002120,Customer 620,15540.40,USD,2026-09-20,INV-002120
txn_002121,Customer 621,15677.77,USD,2026-09-21,INV-002121
txn_002122,Customer 622,15814.14,USD,2026-09-22,INV-002122
txn_002123,Customer 623,15951.51,USD,2026-09-23,INV-002123
txn_002124,Customer 624,16088.88,USD,2026-09-24,INV-002124
txn_002125,Customer 625,16225.25,USD,2026-09-25,INV-002125
txn_002126,Customer 626,16362.62,USD,2026-09-26,INV-002126
txn_002127,Customer 627,16499.99,USD,2026-09-27,INV-002127
txn_002128,Customer 628,16636.36,USD,2026-09-28,INV-002128
txn_002129,Customer 629,16773.73,USD,2026-09-29,INV-002129
txn_002130,Customer 630,16910.10,USD,2026-09-30,INV-002130
txn_002131,Customer 631,17047.47,USD,2026-09-01,INV-002131
txn_002132,Customer 632,17184.84,USD,2026-09-02,INV-002132
txn_002133,Customer 633,17321.21,USD,2026-09-03,INV-002133
txn_002134,Customer 634,17458.58,USD,2026-09-04,INV-002134
txn_002135,Customer 635,17595.95,USD,2026-09-05,INV-002135
txn_002136,Customer 636,17732.32,USD,2026-09-06,INV-002136
txn_002137,Customer 637,17869.69,USD,2026-09-07,INV-002137
txn_002138,Customer 638,18006.06,USD,2026-09-08,INV-002138
txn_002139,Customer 639,18143.43,USD,2026-09-09,INV-002139
txn_002140,Customer 640,18280.80,USD,2026-09-10,INV-002140
txn_002141,Customer 641,18417.17,USD,2026-09-11,INV-002141
txn_002142,Customer 642,18554.54,USD,2026-09-12,INV-002142
txn_002143,Customer 643,18691.91,USD,2026-09-13,INV-002143
txn_002144,Customer 644,18828.28,USD,2026-09-14,INV-002144
txn_002145,Customer 645,18965.65,USD,2026-09-15,INV-002145
txn_002146,Customer 646,19102.02,USD,2026-09-16,INV-002146
txn_002147,Customer 647,19239.39,USD,2026-09-17,INV-002147
txn_002148,Customer 648,19376.76,USD,2026-09-18,INV-002148
txn_002149,Customer 649,19513.13,USD,2026-09-19,INV-002149
txn_002150,Customer 650,19650.50,USD,2026-09-20,INV-002150
txn_002151,Customer 651,19787.87,USD,2026-09-21,INV-002151
txn_002152,Customer 652,19924.24,USD,2026-09-22,INV-002152
txn_002153,Customer 653,20061.61,USD,2026-09-23,INV-002153
txn_002154,Customer 654,20198.98,USD,2026-09-24,INV-002154
txn_002155,Customer 655,20335.35,USD,2026-09-25,INV-002155
txn_002156,Customer 656,20472.72,USD,2026-09-26,INV-002156
txn_002157,Customer 657,20609.09,USD,2026-09-27,INV-002157
txn_002158,Customer 658,20746.46,USD,2026-09-28,INV-002158
txn_002159,Customer 659,20883.83,USD,2026-09-29,INV-002159
txn_002160,Customer 660,21020.20,USD,2026-09-30,INV-002160
txn_002161,Customer 661,21157.57,USD,2026-09-01,INV-002161
txn_002162,Customer 662,21294.94,USD,2026-09-02,INV-002162
txn_002163,Customer 663,21431.31,USD,2026-09-03,INV-002163
txn_002164,Customer 664,21568.68,USD,2026-09-04,INV-002164
txn_002165,Customer 665,21705.05,USD,2026-09-05,INV-002165
txn_002166,Customer 666,21842.42,USD,2026-09-06,INV-002166
txn_002167,Customer 667,21979.79,USD,2026-09-07,INV-002167
txn_002168,Customer 668,22116.16,USD,2026-09-08,INV-002168
txn_002169,Customer 669,22253.53,USD,2026-09-09,INV-002169
txn_002170,Customer 670,22390.90,USD,2026-09-10,INV-002170
txn_002171,Customer 671,22527.27,USD,2026-09-11,INV-002171
txn_002172,Customer 672,22664.64,USD,2026-09-12,INV-002172
txn_002173,Customer 673,22801.01,USD,2026-09-13,INV-002173
txn_002174,Customer 674,22938.38,USD,2026-09-14,INV-002174
txn_002175,Customer 675,23075.75,USD,2026-09-15,INV-002175
txn_002176,Customer 676,23212.12,USD,2026-09-16,INV-002176
txn_002177,Customer 677,23349.49,USD,2026-09-17,INV-002177
txn_002178,Customer 678,23486.86,USD,2026-09-18,INV-002178
txn_002179,Customer 679,23623.23,USD,2026-09-19,INV-002179
txn_002180,Customer 680,23760.60,USD,2026-09-20,INV-002180
txn_002181,Customer 681,23897.97,USD,2026-09-21,INV-002181
txn_002182,Customer 682,24034.34,USD,2026-09-22,INV-002182
txn_002183,Customer 683,24171.71,USD,2026-09-23,INV-002183
txn_002184,Customer 684,24308.08,USD,2026-09-24,INV-002184
txn_002185,Customer 685,24445.45,USD,2026-09-25,INV-002185
txn_002186,Customer 686,24582.82,USD,2026-09-26,INV-002186
txn_002187,Customer 687,24719.19,USD,2026-09-27,INV-002187
txn_002188,Customer 688,24856.56,USD,2026-09-28,INV-002188
txn_002189,Customer 689,24993.93,USD,2026-09-29,INV-002189
txn_002190,Customer 690,130.30,USD,2026-09-30,INV-002190
txn_002191,Customer 691,267.67,USD,2026-09-01,INV-002191
txn_002192,Customer 692,404.04,USD,2026-09-02,INV-002192
txn_002193,Customer 693,541.41,USD,2026-09-03,INV-002193
txn_002194,Customer 694,678.78,USD,2026-09-04,INV-002194
txn_002195,Customer 695,815.15,USD,2026-09-05,INV-002195
txn_002196,Customer 696,952.52,USD,2026-09-06,INV-002196
txn_002197,Customer 697,1089.89,USD,2026-09-07,INV-002197
txn_002198,Customer 698,1226.26,USD,2026-09-08,INV-002198
txn_002199,Customer 699,1363.63,USD,2026-09-09,INV-002199
txn_002200,Customer 700,1500.00,USD,2026-09-10,INV-002200
txn_002201,Customer 701,1637.37,USD,2026-09-11,INV-002201
txn_002202,Customer 702,1774.74,USD,2026-09-12,INV-002202
txn_002203,Customer 703,1911.11,USD,2026-09-13,INV-002203
txn_002204,Customer 704,2048.48,USD,2026-09-14,INV-002204
txn_002205,Customer 705,2185.85,USD,2026-09-15,INV-002205
txn_002206,Customer 706,2322.22,USD,2026-09-16,INV-002206
txn_002207,Customer 707,2459.59,USD,2026-09-17,INV-002207
txn_002208,Customer 708,2596.96,USD,2026-09-18,INV-002208
txn_002209,Customer 709,2733.33,USD,2026-09-19,INV-002209
txn_002210,Customer 710,2870.70,USD,2026-09-20,INV-002210
txn_002211,Customer 711,3007.07,USD,2026-09-21,INV-002211
txn_002212,Customer 712,3144.44,USD,2026-09-22,INV-002212
txn_002213,Customer 713,3281.81,USD,2026-09-23,INV-002213
txn_002214,Customer 714,3418.18,USD,2026-09-24,INV-002214
txn_002215,Customer 715,3555.55,USD,2026-09-25,INV-002215
txn_002216,Customer 716,3692.92,USD,2026-09-26,INV-002216
txn_002217,Customer 717,3829.29,USD,2026-09-27,INV-002217
txn_002218,Customer 718,3966.66,USD,2026-09-28,INV-002218
txn_002219,Customer 719,4103.03,USD,2026-09-29,INV-002219
txn_002220,Customer 720,4240.40,USD,2026-09-30,INV-002220
txn_002221,Customer 721,4377.77,USD,2026-09-01,INV-002221
txn_002222,Customer 722,4514.14,USD,2026-09-02,INV-002222
txn_002223,Customer 723,4651.51,USD,2026-09-03,INV-002223
txn_002224,Customer 724,4788.88,USD,2026-09-04,INV-002224
txn_002225,Customer 725,4925.25,USD,2026-09-05,INV-002225
txn_002226,Customer 726,5062.62,USD,2026-09-06,INV-002226
txn_002227,Customer 727,5199.99,USD,2026-09-07,INV-002227
txn_002228,Customer 728,5336.36,USD,2026-09-08,INV-002228
txn_002229,Customer 729,5473.73,USD,2026-09-09,INV-002229
txn_002230,Customer 730,5610.10,USD,2026-09-10,INV-002230
txn_002231,Customer 731,5747.47,USD,2026-09-11,INV-002231
txn_002232,Customer 732,5884.84,USD,2026-09-12,INV-002232
txn_002233,Customer 733,6021.21,USD,2026-09-13,INV-002233
txn_002234,Customer 734,6158.58,USD,2026-09-14,INV-002234
txn_002235,Customer 735,6295.95,USD,2026-09-15,INV-002235
txn_002236,Customer 736,6432.32,USD,2026-09-16,INV-002236
txn_002237,Customer 737,6569.69,USD,2026-09-17,INV-002237
txn_002238,Customer 738,6706.06,USD,2026-09-18,INV-002238
txn_002239,Customer 739,6843.43,USD,2026-09-19,INV-002239
txn_002240,Customer 740,6980.80,USD,2026-09-20,INV-002240
txn_002241,Customer 741,7117.17,USD,2026-09-21,INV-002241
txn_002242,Customer 742,7254.54,USD,2026-09-22,INV-002242
txn_002243,Customer 743,7391.91,USD,2026-09-23,INV-002243
txn_002244,Customer 744,7528.28,USD,2026-09-24,INV-002244
txn_002245,Customer 745,7665.65,USD,2026-09-25,INV-002245
txn_002246,Customer 746,7802.02,USD,2026-09-26,INV-002246
txn_002247,Customer 747,7939.39,USD,2026-09-27,INV-002247
txn_002248,Customer 748,8076.76,USD,2026-09-28,INV-002248
txn_002249,Customer 749,8213.13,USD,2026-09-29,INV-002249
txn_002250,Customer 750,8350.50,USD,2026-09-30,INV-002250
txn_002251,Customer 001,8487.87,USD,2026-09-01,INV-002251
txn_002252,Customer 002,8624.24,USD,2026-09-02,INV-002252
txn_002253,Customer 003,8761.61,USD,2026-09-03,INV-002253
txn_002254,Customer 004,8898.98,USD,2026-09-04,INV-002254
txn_002255,Customer 005,9035.35,USD,2026-09-05,INV-002255
txn_002256,Customer 006,9172.72,USD,2026-09-06,INV-002256
txn_002257,Customer 007,9309.09,USD,2026-09-07,INV-002257
txn_002258,Customer 008,9446.46,USD,2026-09-08,INV-002258
txn_002259,Customer 009,9583.83,USD,2026-09-09,INV-002259
txn_002260,Customer 010,9720.20,USD,2026-09-10,INV-002260
txn_002261,Customer 011,9857.57,USD,2026-09-11,INV-002261
txn_002262,Customer 012,9994.94,USD,2026-09-12,INV-002262
txn_002263,Customer 013,10131.31,USD,2026-09-13,INV-002263
txn_002264,Customer 014,10268.68,USD,2026-09-14,INV-002264
txn_002265,Customer 015,10405.05,USD,2026-09-15,INV-002265
txn_002266,Customer 016,10542.42,USD,2026-09-16,INV-002266
txn_002267,Customer 017,10679.79,USD,2026-09-17,INV-002267
txn_002268,Customer 018,10816.16,USD,2026-09-18,INV-002268
txn_002269,Customer 019,10953.53,USD,2026-09-19,INV-002269
txn_002270,Customer 020,11090.90,USD,2026-09-20,INV-002270
txn_002271,Customer 021,11227.27,USD,2026-09-21,INV-002271
txn_002272,Customer 022,11364.64,USD,2026-09-22,INV-002272
txn_002273,Customer 023,11501.01,USD,2026-09-23,INV-002273
txn_002274,Customer 024,11638.38,USD,2026-09-24,INV-002274
txn_002275,Customer 025,11775.75,USD,2026-09-25,INV-002275
txn_002276,Customer 026,11912.12,USD,2026-09-26,INV-002276
txn_002277,Customer 027,12049.49,USD,2026-09-27,INV-002277
txn_002278,Customer 028,12186.86,USD,2026-09-28,INV-002278
txn_002279,Customer 029,12323.23,USD,2026-09-29,INV-002279
txn_002280,Customer 030,12460.60,USD,2026-09-30,INV-002280
txn_002281,Customer 031,12597.97,USD,2026-09-01,INV-002281
txn_002282,Customer 032,12734.34,USD,2026-09-02,INV-002282
txn_002283,Customer 033,12871.71,USD,2026-09-03,INV-002283
txn_002284,Customer 034,13008.08,USD,2026-09-04,INV-002284
txn_002285,Customer 035,13145.45,USD,2026-09-05,INV-002285
txn_002286,Customer 036,13282.82,USD,2026-09-06,INV-002286
txn_002287,Customer 037,13419.19,USD,2026-09-07,INV-002287
txn_002288,Customer 038,13556.56,USD,2026-09-08,INV-002288
txn_002289,Customer 039,13693.93,USD,2026-09-09,INV-002289
txn_002290,Customer 040,13830.30,USD,2026-09-10,INV-002290
txn_002291,Customer 041,13967.67,USD,2026-09-11,INV-002291
txn_002292,Customer 042,14104.04,USD,2026-09-12,INV-002292
txn_002293,Customer 043,14241.41,USD,2026-09-13,INV-002293
txn_002294,Customer 044,14378.78,USD,2026-09-14,INV-002294
txn_002295,Customer 045,14515.15,USD,2026-09-15,INV-002295
txn_002296,Customer 046,14652.52,USD,2026-09-16,INV-002296
txn_002297,Customer 047,14789.89,USD,2026-09-17,INV-002297
txn_002298,Customer 048,14926.26,USD,2026-09-18,INV-002298
txn_002299,Customer 049,15063.63,USD,2026-09-19,INV-002299
txn_002300,Customer 050,15200.00,USD,2026-09-20,INV-002300
txn_002301,Customer 051,15337.37,USD,2026-09-21,INV-002301
txn_002302,Customer 052,15474.74,USD,2026-09-22,INV-002302
txn_002303,Customer 053,15611.11,USD,2026-09-23,INV-002303
txn_002304,Customer 054,15748.48,USD,2026-09-24,INV-002304
txn_002305,Customer 055,15885.85,USD,2026-09-25,INV-002305
txn_002306,Customer 056,16022.22,USD,2026-09-26,INV-002306
txn_002307,Customer 057,16159.59,USD,2026-09-27,INV-002307
txn_002308,Customer 058,16296.96,USD,2026-09-28,INV-002308
txn_002309,Customer 059,16433.33,USD,2026-09-29,INV-002309
txn_002310,Customer 060,16570.70,USD,2026-09-30,INV-002310
txn_002311,Customer 061,16707.07,USD,2026-09-01,INV-002311
txn_002312,Customer 062,16844.44,USD,2026-09-02,INV-002312
txn_002313,Customer 063,16981.81,USD,2026-09-03,INV-002313
txn_002314,Customer 064,17118.18,USD,2026-09-04,INV-002314
txn_002315,Customer 065,17255.55,USD,2026-09-05,INV-002315
txn_002316,Customer 066,17392.92,USD,2026-09-06,INV-002316
txn_002317,Customer 067,17529.29,USD,2026-09-07,INV-002317
txn_002318,Customer 068,17666.66,USD,2026-09-08,INV-002318
txn_002319,Customer 069,17803.03,USD,2026-09-09,INV-002319
txn_002320,Customer 070,17940.40,USD,2026-09-10,INV-002320
txn_002321,Customer 071,18077.77,USD,2026-09-11,INV-002321
txn_002322,Customer 072,18214.14,USD,2026-09-12,INV-002322
txn_002323,Customer 073,18351.51,USD,2026-09-13,INV-002323
txn_002324,Customer 074,18488.88,USD,2026-09-14,INV-002324
txn_002325,Customer 075,18625.25,USD,2026-09-15,INV-002325
txn_002326,Customer 076,18762.62,USD,2026-09-16,INV-002326
txn_002327,Customer 077,18899.99,USD,2026-09-17,INV-002327
txn_002328,Customer 078,19036.36,USD,2026-09-18,INV-002328
txn_002329,Customer 079,19173.73,USD,2026-09-19,INV-002329
txn_002330,Customer 080,19310.10,USD,2026-09-20,INV-002330
txn_002331,Customer 081,19447.47,USD,2026-09-21,INV-002331
txn_002332,Customer 082,19584.84,USD,2026-09-22,INV-002332
txn_002333,Customer 083,19721.21,USD,2026-09-23,INV-002333
txn_002334,Customer 084,19858.58,USD,2026-09-24,INV-002334
txn_002335,Customer 085,19995.95,USD,2026-09-25,INV-002335
txn_002336,Customer 086,20132.32,USD,2026-09-26,INV-002336
txn_002337,Customer 087,20269.69,USD,2026-09-27,INV-002337
txn_002338,Customer 088,20406.06,USD,2026-09-28,INV-002338
txn_002339,Customer 089,20543.43,USD,2026-09-29,INV-002339
txn_002340,Customer 090,20680.80,USD,2026-09-30,INV-002340
txn_002341,Customer 091,20817.17,USD,2026-09-01,INV-002341
txn_002342,Customer 092,20954.54,USD,2026-09-02,INV-002342
txn_002343,Customer 093,21091.91,USD,2026-09-03,INV-002343
txn_002344,Customer 094,21228.28,USD,2026-09-04,INV-002344
txn_002345,Customer 095,21365.65,USD,2026-09-05,INV-002345
txn_002346,Customer 096,21502.02,USD,2026-09-06,INV-002346
txn_002347,Customer 097,21639.39,USD,2026-09-07,INV-002347
txn_002348,Customer 098,21776.76,USD,2026-09-08,INV-002348
txn_002349,Customer 099,21913.13,USD,2026-09-09,INV-002349
txn_002350,Customer 100,22050.50,USD,2026-09-10,INV-002350
txn_002351,Customer 101,22187.87,USD,2026-09-11,INV-002351
txn_002352,Customer 102,22324.24,USD,2026-09-12,INV-002352
txn_002353,Customer 103,22461.61,USD,2026-09-13,INV-002353
txn_002354,Customer 104,22598.98,USD,2026-09-14,INV-002354
txn_002355,Customer 105,22735.35,USD,2026-09-15,INV-002355
txn_002356,Customer 106,22872.72,USD,2026-09-16,INV-002356
txn_002357,Customer 107,23009.09,USD,2026-09-17,INV-002357
txn_002358,Customer 108,23146.46,USD,2026-09-18,INV-002358
txn_002359,Customer 109,23283.83,USD,2026-09-19,INV-002359
txn_002360,Customer 110,23420.20,USD,2026-09-20,INV-002360
txn_002361,Customer 111,23557.57,USD,2026-09-21,INV-002361
txn_002362,Customer 112,23694.94,USD,2026-09-22,INV-002362
txn_002363,Customer 113,23831.31,USD,2026-09-23,INV-002363
txn_002364,Customer 114,23968.68,USD,2026-09-24,INV-002364
txn_002365,Customer 115,24105.05,USD,2026-09-25,INV-002365
txn_002366,Customer 116,24242.42,USD,2026-09-26,INV-002366
txn_002367,Customer 117,24379.79,USD,2026-09-27,INV-002367
txn_002368,Customer 118,24516.16,USD,2026-09-28,INV-002368
txn_002369,Customer 119,24653.53,USD,2026-09-29,INV-002369
txn_002370,Customer 120,24790.90,USD,2026-09-30,INV-002370
txn_002371,Customer 121,24927.27,USD,2026-09-01,INV-002371
txn_002372,Customer 122,25064.64,USD,2026-09-02,INV-002372
txn_002373,Customer 123,201.01,USD,2026-09-03,INV-002373
txn_002374,Customer 124,338.38,USD,2026-09-04,INV-002374
txn_002375,Customer 125,475.75,USD,2026-09-05,INV-002375
txn_002376,Customer 126,612.12,USD,2026-09-06,INV-002376
txn_002377,Customer 127,749.49,USD,2026-09-07,INV-002377
txn_002378,Customer 128,886.86,USD,2026-09-08,INV-002378
txn_002379,Customer 129,1023.23,USD,2026-09-09,INV-002379
txn_002380,Customer 130,1160.60,USD,2026-09-10,INV-002380
txn_002381,Customer 131,1297.97,USD,2026-09-11,INV-002381
txn_002382,Customer 132,1434.34,USD,2026-09-12,INV-002382
txn_002383,Customer 133,1571.71,USD,2026-09-13,INV-002383
txn_002384,Customer 134,1708.08,USD,2026-09-14,INV-002384
txn_002385,Customer 135,1845.45,USD,2026-09-15,INV-002385
txn_002386,Customer 136,1982.82,USD,2026-09-16,INV-002386
txn_002387,Customer 137,2119.19,USD,2026-09-17,INV-002387
txn_002388,Customer 138,2256.56,USD,2026-09-18,INV-002388
txn_002389,Customer 139,2393.93,USD,2026-09-19,INV-002389
txn_002390,Customer 140,2530.30,USD,2026-09-20,INV-002390
txn_002391,Customer 141,2667.67,USD,2026-09-21,INV-002391
txn_002392,Customer 142,2804.04,USD,2026-09-22,INV-002392
txn_002393,Customer 143,2941.41,USD,2026-09-23,INV-002393
txn_002394,Customer 144,3078.78,USD,2026-09-24,INV-002394
txn_002395,Customer 145,3215.15,USD,2026-09-25,INV-002395
txn_002396,Customer 146,3352.52,USD,2026-09-26,INV-002396
txn_002397,Customer 147,3489.89,USD,2026-09-27,INV-002397
txn_002398,Customer 148,3626.26,USD,2026-09-28,INV-002398
txn_002399,Customer 149,3763.63,USD,2026-09-29,INV-002399
txn_002400,Customer 150,3900.00,USD,2026-09-30,INV-002400
txn_002401,Customer 151,4037.37,USD,2026-09-01,INV-002401
txn_002402,Customer 152,4174.74,USD,2026-09-02,INV-002402
txn_002403,Customer 153,4311.11,USD,2026-09-03,INV-002403
txn_002404,Customer 154,4448.48,USD,2026-09-04,INV-002404
txn_002405,Customer 155,4585.85,USD,2026-09-05,INV-002405
txn_002406,Customer 156,4722.22,USD,2026-09-06,INV-002406
txn_002407,Customer 157,4859.59,USD,2026-09-07,INV-002407
txn_002408,Customer 158,4996.96,USD,2026-09-08,INV-002408
txn_002409,Customer 159,5133.33,USD,2026-09-09,INV-002409
txn_002410,Customer 160,5270.70,USD,2026-09-10,INV-002410
txn_002411,Customer 161,5407.07,USD,2026-09-11,INV-002411
txn_002412,Customer 162,5544.44,USD,2026-09-12,INV-002412
txn_002413,Customer 163,5681.81,USD,2026-09-13,INV-002413
txn_002414,Customer 164,5818.18,USD,2026-09-14,INV-002414
txn_002415,Customer 165,5955.55,USD,2026-09-15,INV-002415
txn_002416,Customer 166,6092.92,USD,2026-09-16,INV-002416
txn_002417,Customer 167,6229.29,USD,2026-09-17,INV-002417
txn_002418,Customer 168,6366.66,USD,2026-09-18,INV-002418
txn_002419,Customer 169,6503.03,USD,2026-09-19,INV-002419
txn_002420,Customer 170,6640.40,USD,2026-09-20,INV-002420
txn_002421,Customer 171,6777.77,USD,2026-09-21,INV-002421
txn_002422,Customer 172,6914.14,USD,2026-09-22,INV-002422
txn_002423,Customer 173,7051.51,USD,2026-09-23,INV-002423
txn_002424,Customer 174,7188.88,USD,2026-09-24,INV-002424
txn_002425,Customer 175,7325.25,USD,2026-09-25,INV-002425
txn_002426,Customer 176,7462.62,USD,2026-09-26,INV-002426
txn_002427,Customer 177,7599.99,USD,2026-09-27,INV-002427
txn_002428,Customer 178,7736.36,USD,2026-09-28,INV-002428
txn_002429,Customer 179,7873.73,USD,2026-09-29,INV-002429
txn_002430,Customer 180,8010.10,USD,2026-09-30,INV-002430
txn_002431,Customer 181,8147.47,USD,2026-09-01,INV-002431
txn_002432,Customer 182,8284.84,USD,2026-09-02,INV-002432
txn_002433,Customer 183,8421.21,USD,2026-09-03,INV-002433
txn_002434,Customer 184,8558.58,USD,2026-09-04,INV-002434
txn_002435,Customer 185,8695.95,USD,2026-09-05,INV-002435
txn_002436,Customer 186,8832.32,USD,2026-09-06,INV-002436
txn_002437,Customer 187,8969.69,USD,2026-09-07,INV-002437
txn_002438,Customer 188,9106.06,USD,2026-09-08,INV-002438
txn_002439,Customer 189,9243.43,USD,2026-09-09,INV-002439
txn_002440,Customer 190,9380.80,USD,2026-09-10,INV-002440
txn_002441,Customer 191,9517.17,USD,2026-09-11,INV-002441
txn_002442,Customer 192,9654.54,USD,2026-09-12,INV-002442
txn_002443,Customer 193,9791.91,USD,2026-09-13,INV-002443
txn_002444,Customer 194,9928.28,USD,2026-09-14,INV-002444
txn_002445,Customer 195,10065.65,USD,2026-09-15,INV-002445
txn_002446,Customer 196,10202.02,USD,2026-09-16,INV-002446
txn_002447,Customer 197,10339.39,USD,2026-09-17,INV-002447
txn_002448,Customer 198,10476.76,USD,2026-09-18,INV-002448
txn_002449,Customer 199,10613.13,USD,2026-09-19,INV-002449
txn_002450,Customer 200,10750.50,USD,2026-09-20,INV-002450
txn_002451,Customer 201,10887.87,USD,2026-09-21,INV-002451
txn_002452,Customer 202,11024.24,USD,2026-09-22,INV-002452
txn_002453,Customer 203,11161.61,USD,2026-09-23,INV-002453
txn_002454,Customer 204,11298.98,USD,2026-09-24,INV-002454
txn_002455,Customer 205,11435.35,USD,2026-09-25,INV-002455
txn_002456,Customer 206,11572.72,USD,2026-09-26,INV-002456
txn_002457,Customer 207,11709.09,USD,2026-09-27,INV-002457
txn_002458,Customer 208,11846.46,USD,2026-09-28,INV-002458
txn_002459,Customer 209,11983.83,USD,2026-09-29,INV-002459
txn_002460,Customer 210,12120.20,USD,2026-09-30,INV-002460
txn_002461,Customer 211,12257.57,USD,2026-09-01,INV-002461
txn_002462,Customer 212,12394.94,USD,2026-09-02,INV-002462
txn_002463,Customer 213,12531.31,USD,2026-09-03,INV-002463
txn_002464,Customer 214,12668.68,USD,2026-09-04,INV-002464
txn_002465,Customer 215,12805.05,USD,2026-09-05,INV-002465
txn_002466,Customer 216,12942.42,USD,2026-09-06,INV-002466
txn_002467,Customer 217,13079.79,USD,2026-09-07,INV-002467
txn_002468,Customer 218,13216.16,USD,2026-09-08,INV-002468
txn_002469,Customer 219,13353.53,USD,2026-09-09,INV-002469
txn_002470,Customer 220,13490.90,USD,2026-09-10,INV-002470
txn_002471,Customer 221,13627.27,USD,2026-09-11,INV-002471
txn_002472,Customer 222,13764.64,USD,2026-09-12,INV-002472
txn_002473,Customer 223,13901.01,USD,2026-09-13,INV-002473
txn_002474,Customer 224,14038.38,USD,2026-09-14,INV-002474
txn_002475,Customer 225,14175.75,USD,2026-09-15,INV-002475
txn_002476,Customer 226,14312.12,USD,2026-09-16,INV-002476
txn_002477,Customer 227,14449.49,USD,2026-09-17,INV-002477
txn_002478,Customer 228,14586.86,USD,2026-09-18,INV-002478
txn_002479,Customer 229,14723.23,USD,2026-09-19,INV-002479
txn_002480,Customer 230,14860.60,USD,2026-09-20,INV-002480
txn_002481,Customer 231,14997.97,USD,2026-09-21,INV-002481
txn_002482,Customer 232,15134.34,USD,2026-09-22,INV-002482
txn_002483,Customer 233,15271.71,USD,2026-09-23,INV-002483
txn_002484,Customer 234,15408.08,USD,2026-09-24,INV-002484
txn_002485,Customer 235,15545.45,USD,2026-09-25,INV-002485
txn_002486,Customer 236,15682.82,USD,2026-09-26,INV-002486
txn_002487,Customer 237,15819.19,USD,2026-09-27,INV-002487
txn_002488,Customer 238,15956.56,USD,2026-09-28,INV-002488
txn_002489,Customer 239,16093.93,USD,2026-09-29,INV-002489
txn_002490,Customer 240,16230.30,USD,2026-09-30,INV-002490
txn_002491,Customer 241,16367.67,USD,2026-09-01,INV-002491
txn_002492,Customer 242,16504.04,USD,2026-09-02,INV-002492
txn_002493,Customer 243,16641.41,USD,2026-09-03,INV-002493
txn_002494,Customer 244,16778.78,USD,2026-09-04,INV-002494
txn_002495,Customer 245,16915.15,USD,2026-09-05,INV-002495
txn_002496,Customer 246,17052.52,USD,2026-09-06,INV-002496
txn_002497,Customer 247,17189.89,USD,2026-09-07,INV-002497
txn_002498,Customer 248,17326.26,USD,2026-09-08,INV-002498
txn_002499,Customer 249,17463.63,USD,2026-09-09,INV-002499
txn_002500,Customer 250,17600.00,USD,2026-09-10,INV-002500
txn_002501,Customer 251,17737.37,USD,2026-09-11,INV-002501
txn_002502,Customer 252,17874.74,USD,2026-09-12,INV-002502
txn_002503,Customer 253,18011.11,USD,2026-09-13,INV-002503
txn_002504,Customer 254,18148.48,USD,2026-09-14,INV-002504
txn_002505,Customer 255,18285.85,USD,2026-09-15,INV-002505
txn_002506,Customer 256,18422.22,USD,2026-09-16,INV-002506
txn_002507,Customer 257,18559.59,USD,2026-09-17,INV-002507
txn_002508,Customer 258,18696.96,USD,2026-09-18,INV-002508
txn_002509,Customer 259,18833.33,USD,2026-09-19,INV-002509
txn_002510,Customer 260,18970.70,USD,2026-09-20,INV-002510
txn_002511,Customer 261,19107.07,USD,2026-09-21,INV-002511
txn_002512,Customer 262,19244.44,USD,2026-09-22,INV-002512
txn_002513,Customer 263,19381.81,USD,2026-09-23,INV-002513
txn_002514,Customer 264,19518.18,USD,2026-09-24,INV-002514
txn_002515,Customer 265,19655.55,USD,2026-09-25,INV-002515
txn_002516,Customer 266,19792.92,USD,2026-09-26,INV-002516
txn_002517,Customer 267,19929.29,USD,2026-09-27,INV-002517
txn_002518,Customer 268,20066.66,USD,2026-09-28,INV-002518
txn_002519,Customer 269,20203.03,USD,2026-09-29,INV-002519
txn_002520,Customer 270,20340.40,USD,2026-09-30,INV-002520
txn_002521,Customer 271,20477.77,USD,2026-09-01,INV-002521
txn_002522,Customer 272,20614.14,USD,2026-09-02,INV-002522
txn_002523,Customer 273,20751.51,USD,2026-09-03,INV-002523
txn_002524,Customer 274,20888.88,USD,2026-09-04,INV-002524
txn_002525,Customer 275,21025.25,USD,2026-09-05,INV-002525
txn_002526,Customer 276,21162.62,USD,2026-09-06,INV-002526
txn_002527,Customer 277,21299.99,USD,2026-09-07,INV-002527
txn_002528,Customer 278,21436.36,USD,2026-09-08,INV-002528
txn_002529,Customer 279,21573.73,USD,2026-09-09,INV-002529
txn_002530,Customer 280,21710.10,USD,2026-09-10,INV-002530
txn_002531,Customer 281,21847.47,USD,2026-09-11,INV-002531
txn_002532,Customer 282,21984.84,USD,2026-09-12,INV-002532
txn_002533,Customer 283,22121.21,USD,2026-09-13,INV-002533
txn_002534,Customer 284,22258.58,USD,2026-09-14,INV-002534
txn_002535,Customer 285,22395.95,USD,2026-09-15,INV-002535
txn_002536,Customer 286,22532.32,USD,2026-09-16,INV-002536
txn_002537,Customer 287,22669.69,USD,2026-09-17,INV-002537
txn_002538,Customer 288,22806.06,USD,2026-09-18,INV-002538
txn_002539,Customer 289,22943.43,USD,2026-09-19,INV-002539
txn_002540,Customer 290,23080.80,USD,2026-09-20,INV-002540
txn_002541,Customer 291,23217.17,USD,2026-09-21,INV-002541
txn_002542,Customer 292,23354.54,USD,2026-09-22,INV-002542
txn_002543,Customer 293,23491.91,USD,2026-09-23,INV-002543
txn_002544,Customer 294,23628.28,USD,2026-09-24,INV-002544
txn_002545,Customer 295,23765.65,USD,2026-09-25,INV-002545
txn_002546,Customer 296,23902.02,USD,2026-09-26,INV-002546
txn_002547,Customer 297,24039.39,USD,2026-09-27,INV-002547
txn_002548,Customer 298,24176.76,USD,2026-09-28,INV-002548
txn_002549,Customer 299,24313.13,USD,2026-09-29,INV-002549
txn_002550,Customer 300,24450.50,USD,2026-09-30,INV-002550
txn_002551,Customer 301,24587.87,USD,2026-09-01,INV-002551
txn_002552,Customer 302,24724.24,USD,2026-09-02,INV-002552
txn_002553,Customer 303,24861.61,USD,2026-09-03,INV-002553
txn_002554,Customer 304,24998.98,USD,2026-09-04,INV-002554
txn_002555,Customer 305,135.35,USD,2026-09-05,INV-002555
txn_002556,Customer 306,272.72,USD,2026-09-06,INV-002556
txn_002557,Customer 307,409.09,USD,2026-09-07,INV-002557
txn_002558,Customer 308,546.46,USD,2026-09-08,INV-002558
txn_002559,Customer 309,683.83,USD,2026-09-09,INV-002559
txn_002560,Customer 310,820.20,USD,2026-09-10,INV-002560
txn_002561,Customer 311,957.57,USD,2026-09-11,INV-002561
txn_002562,Customer 312,1094.94,USD,2026-09-12,INV-002562
txn_002563,Customer 313,1231.31,USD,2026-09-13,INV-002563
txn_002564,Customer 314,1368.68,USD,2026-09-14,INV-002564
txn_002565,Customer 315,1505.05,USD,2026-09-15,INV-002565
txn_002566,Customer 316,1642.42,USD,2026-09-16,INV-002566
txn_002567,Customer 317,1779.79,USD,2026-09-17,INV-002567
txn_002568,Customer 318,1916.16,USD,2026-09-18,INV-002568
txn_002569,Customer 319,2053.53,USD,2026-09-19,INV-002569
txn_002570,Customer 320,2190.90,USD,2026-09-20,INV-002570
txn_002571,Customer 321,2327.27,USD,2026-09-21,INV-002571
txn_002572,Customer 322,2464.64,USD,2026-09-22,INV-002572
txn_002573,Customer 323,2601.01,USD,2026-09-23,INV-002573
txn_002574,Customer 324,2738.38,USD,2026-09-24,INV-002574
txn_002575,Customer 325,2875.75,USD,2026-09-25,INV-002575
txn_002576,Customer 326,3012.12,USD,2026-09-26,INV-002576
txn_002577,Customer 327,3149.49,USD,2026-09-27,INV-002577
txn_002578,Customer 328,3286.86,USD,2026-09-28,INV-002578
txn_002579,Customer 329,3423.23,USD,2026-09-29,INV-002579
txn_002580,Customer 330,3560.60,USD,2026-09-30,INV-002580
txn_002581,Customer 331,3697.97,USD,2026-09-01,INV-002581
txn_002582,Customer 332,3834.34,USD,2026-09-02,INV-002582
txn_002583,Customer 333,3971.71,USD,2026-09-03,INV-002583
txn_002584,Customer 334,4108.08,USD,2026-09-04,INV-002584
txn_002585,Customer 335,4245.45,USD,2026-09-05,INV-002585
txn_002586,Customer 336,4382.82,USD,2026-09-06,INV-002586
txn_002587,Customer 337,4519.19,USD,2026-09-07,INV-002587
txn_002588,Customer 338,4656.56,USD,2026-09-08,INV-002588
txn_002589,Customer 339,4793.93,USD,2026-09-09,INV-002589
txn_002590,Customer 340,4930.30,USD,2026-09-10,INV-002590
txn_002591,Customer 341,5067.67,USD,2026-09-11,INV-002591
txn_002592,Customer 342,5204.04,USD,2026-09-12,INV-002592
txn_002593,Customer 343,5341.41,USD,2026-09-13,INV-002593
txn_002594,Customer 344,5478.78,USD,2026-09-14,INV-002594
txn_002595,Customer 345,5615.15,USD,2026-09-15,INV-002595
txn_002596,Customer 346,5752.52,USD,2026-09-16,INV-002596
txn_002597,Customer 347,5889.89,USD,2026-09-17,INV-002597
txn_002598,Customer 348,6026.26,USD,2026-09-18,INV-002598
txn_002599,Customer 349,6163.63,USD,2026-09-19,INV-002599
txn_002600,Customer 350,6300.00,USD,2026-09-20,INV-002600
txn_002601,Customer 351,6437.37,USD,2026-09-21,INV-002601
txn_002602,Customer 352,6574.74,USD,2026-09-22,INV-002602
txn_002603,Customer 353,6711.11,USD,2026-09-23,INV-002603
txn_002604,Customer 354,6848.48,USD,2026-09-24,INV-002604
txn_002605,Customer 355,6985.85,USD,2026-09-25,INV-002605
txn_002606,Customer 356,7122.22,USD,2026-09-26,INV-002606
txn_002607,Customer 357,7259.59,USD,2026-09-27,INV-002607
txn_002608,Customer 358,7396.96,USD,2026-09-28,INV-002608
txn_002609,Customer 359,7533.33,USD,2026-09-29,INV-002609
txn_002610,Customer 360,7670.70,USD,2026-09-30,INV-002610
txn_002611,Customer 361,7807.07,USD,2026-09-01,INV-002611
txn_002612,Customer 362,7944.44,USD,2026-09-02,INV-002612
txn_002613,Customer 363,8081.81,USD,2026-09-03,INV-002613
txn_002614,Customer 364,8218.18,USD,2026-09-04,INV-002614
txn_002615,Customer 365,8355.55,USD,2026-09-05,INV-002615
txn_002616,Customer 366,8492.92,USD,2026-09-06,INV-002616
txn_002617,Customer 367,8629.29,USD,2026-09-07,INV-002617
txn_002618,Customer 368,8766.66,USD,2026-09-08,INV-002618
txn_002619,Customer 369,8903.03,USD,2026-09-09,INV-002619
txn_002620,Customer 370,9040.40,USD,2026-09-10,INV-002620
txn_002621,Customer 371,9177.77,USD,2026-09-11,INV-002621
txn_002622,Customer 372,9314.14,USD,2026-09-12,INV-002622
txn_002623,Customer 373,9451.51,USD,2026-09-13,INV-002623
txn_002624,Customer 374,9588.88,USD,2026-09-14,INV-002624
txn_002625,Customer 375,9725.25,USD,2026-09-15,INV-002625
txn_002626,Customer 376,9862.62,USD,2026-09-16,INV-002626
txn_002627,Customer 377,9999.99,USD,2026-09-17,INV-002627
txn_002628,Customer 378,10136.36,USD,2026-09-18,INV-002628
txn_002629,Customer 379,10273.73,USD,2026-09-19,INV-002629
txn_002630,Customer 380,10410.10,USD,2026-09-20,INV-002630
txn_002631,Customer 381,10547.47,USD,2026-09-21,INV-002631
txn_002632,Customer 382,10684.84,USD,2026-09-22,INV-002632
txn_002633,Customer 383,10821.21,USD,2026-09-23,INV-002633
txn_002634,Customer 384,10958.58,USD,2026-09-24,INV-002634
txn_002635,Customer 385,11095.95,USD,2026-09-25,INV-002635
txn_002636,Customer 386,11232.32,USD,2026-09-26,INV-002636
txn_002637,Customer 387,11369.69,USD,2026-09-27,INV-002637
txn_002638,Customer 388,11506.06,USD,2026-09-28,INV-002638
txn_002639,Customer 389,11643.43,USD,2026-09-29,INV-002639
txn_002640,Customer 390,11780.80,USD,2026-09-30,INV-002640
txn_002641,Customer 391,11917.17,USD,2026-09-01,INV-002641
txn_002642,Customer 392,12054.54,USD,2026-09-02,INV-002642
txn_002643,Customer 393,12191.91,USD,2026-09-03,INV-002643
txn_002644,Customer 394,12328.28,USD,2026-09-04,INV-002644
txn_002645,Customer 395,12465.65,USD,2026-09-05,INV-002645
txn_002646,Customer 396,12602.02,USD,2026-09-06,INV-002646
txn_002647,Customer 397,12739.39,USD,2026-09-07,INV-002647
txn_002648,Customer 398,12876.76,USD,2026-09-08,INV-002648
txn_002649,Customer 399,13013.13,USD,2026-09-09,INV-002649
txn_002650,Customer 400,13150.50,USD,2026-09-10,INV-002650
txn_002651,Customer 401,13287.87,USD,2026-09-11,INV-002651
txn_002652,Customer 402,13424.24,USD,2026-09-12,INV-002652
txn_002653,Customer 403,13561.61,USD,2026-09-13,INV-002653
txn_002654,Customer 404,13698.98,USD,2026-09-14,INV-002654
txn_002655,Customer 405,13835.35,USD,2026-09-15,INV-002655
txn_002656,Customer 406,13972.72,USD,2026-09-16,INV-002656
txn_002657,Customer 407,14109.09,USD,2026-09-17,INV-002657
txn_002658,Customer 408,14246.46,USD,2026-09-18,INV-002658
txn_002659,Customer 409,14383.83,USD,2026-09-19,INV-002659
txn_002660,Customer 410,14520.20,USD,2026-09-20,INV-002660
txn_002661,Customer 411,14657.57,USD,2026-09-21,INV-002661
txn_002662,Customer 412,14794.94,USD,2026-09-22,INV-002662
txn_002663,Customer 413,14931.31,USD,2026-09-23,INV-002663
txn_002664,Customer 414,15068.68,USD,2026-09-24,INV-002664
txn_002665,Customer 415,15205.05,USD,2026-09-25,INV-002665
txn_002666,Customer 416,15342.42,USD,2026-09-26,INV-002666
txn_002667,Customer 417,15479.79,USD,2026-09-27,INV-002667
txn_002668,Customer 418,15616.16,USD,2026-09-28,INV-002668
txn_002669,Customer 419,15753.53,USD,2026-09-29,INV-002669
txn_002670,Customer 420,15890.90,USD,2026-09-30,INV-002670
txn_002671,Customer 421,16027.27,USD,2026-09-01,INV-002671
txn_002672,Customer 422,16164.64,USD,2026-09-02,INV-002672
txn_002673,Customer 423,16301.01,USD,2026-09-03,INV-002673
txn_002674,Customer 424,16438.38,USD,2026-09-04,INV-002674
txn_002675,Customer 425,16575.75,USD,2026-09-05,INV-002675
txn_002676,Customer 426,16712.12,USD,2026-09-06,INV-002676
txn_002677,Customer 427,16849.49,USD,2026-09-07,INV-002677
txn_002678,Customer 428,16986.86,USD,2026-09-08,INV-002678
txn_002679,Customer 429,17123.23,USD,2026-09-09,INV-002679
txn_002680,Customer 430,17260.60,USD,2026-09-10,INV-002680
txn_002681,Customer 431,17397.97,USD,2026-09-11,INV-002681
txn_002682,Customer 432,17534.34,USD,2026-09-12,INV-002682
txn_002683,Customer 433,17671.71,USD,2026-09-13,INV-002683
txn_002684,Customer 434,17808.08,USD,2026-09-14,INV-002684
txn_002685,Customer 435,17945.45,USD,2026-09-15,INV-002685
txn_002686,Customer 436,18082.82,USD,2026-09-16,INV-002686
txn_002687,Customer 437,18219.19,USD,2026-09-17,INV-002687
txn_002688,Customer 438,18356.56,USD,2026-09-18,INV-002688
txn_002689,Customer 439,18493.93,USD,2026-09-19,INV-002689
txn_002690,Customer 440,18630.30,USD,2026-09-20,INV-002690
txn_002691,Customer 441,18767.67,USD,2026-09-21,INV-002691
txn_002692,Customer 442,18904.04,USD,2026-09-22,INV-002692
txn_002693,Customer 443,19041.41,USD,2026-09-23,INV-002693
txn_002694,Customer 444,19178.78,USD,2026-09-24,INV-002694
txn_002695,Customer 445,19315.15,USD,2026-09-25,INV-002695
txn_002696,Customer 446,19452.52,USD,2026-09-26,INV-002696
txn_002697,Customer 447,19589.89,USD,2026-09-27,INV-002697
txn_002698,Customer 448,19726.26,USD,2026-09-28,INV-002698
txn_002699,Customer 449,19863.63,USD,2026-09-29,INV-002699
txn_002700,Customer 450,20000.00,USD,2026-09-30,INV-002700
txn_002701,Customer 451,20137.37,USD,2026-09-01,INV-002701
txn_002702,Customer 452,20274.74,USD,2026-09-02,INV-002702
txn_002703,Customer 453,20411.11,USD,2026-09-03,INV-002703
txn_002704,Customer 454,20548.48,USD,2026-09-04,INV-002704
txn_002705,Customer 455,20685.85,USD,2026-09-05,INV-002705
txn_002706,Customer 456,20822.22,USD,2026-09-06,INV-002706
txn_002707,Customer 457,20959.59,USD,2026-09-07,INV-002707
txn_002708,Customer 458,21096.96,USD,2026-09-08,INV-002708
txn_002709,Customer 459,21233.33,USD,2026-09-09,INV-002709
txn_002710,Customer 460,21370.70,USD,2026-09-10,INV-002710
txn_002711,Customer 461,21507.07,USD,2026-09-11,INV-002711
txn_002712,Customer 462,21644.44,USD,2026-09-12,INV-002712
txn_002713,Customer 463,21781.81,USD,2026-09-13,INV-002713
txn_002714,Customer 464,21918.18,USD,2026-09-14,INV-002714
txn_002715,Customer 465,22055.55,USD,2026-09-15,INV-002715
txn_002716,Customer 466,22192.92,USD,2026-09-16,INV-002716
txn_002717,Customer 467,22329.29,USD,2026-09-17,INV-002717
txn_002718,Customer 468,22466.66,USD,2026-09-18,INV-002718
txn_002719,Customer 469,22603.03,USD,2026-09-19,INV-002719
txn_002720,Customer 470,22740.40,USD,2026-09-20,INV-002720
txn_002721,Customer 471,22877.77,USD,2026-09-21,INV-002721
txn_002722,Customer 472,23014.14,USD,2026-09-22,INV-002722
txn_002723,Customer 473,23151.51,USD,2026-09-23,INV-002723
txn_002724,Customer 474,23288.88,USD,2026-09-24,INV-002724
txn_002725,Customer 475,23425.25,USD,2026-09-25,INV-002725
txn_002726,Customer 476,23562.62,USD,2026-09-26,INV-002726
txn_002727,Customer 477,23699.99,USD,2026-09-27,INV-002727
txn_002728,Customer 478,23836.36,USD,2026-09-28,INV-002728
txn_002729,Customer 479,23973.73,USD,2026-09-29,INV-002729
txn_002730,Customer 480,24110.10,USD,2026-09-30,INV-002730
txn_002731,Customer 481,24247.47,USD,2026-09-01,INV-002731
txn_002732,Customer 482,24384.84,USD,2026-09-02,INV-002732
txn_002733,Customer 483,24521.21,USD,2026-09-03,INV-002733
txn_002734,Customer 484,24658.58,USD,2026-09-04,INV-002734
txn_002735,Customer 485,24795.95,USD,2026-09-05,INV-002735
txn_002736,Customer 486,24932.32,USD,2026-09-06,INV-002736
txn_002737,Customer 487,25069.69,USD,2026-09-07,INV-002737
txn_002738,Customer 488,206.06,USD,2026-09-08,INV-002738
txn_002739,Customer 489,343.43,USD,2026-09-09,INV-002739
txn_002740,Customer 490,480.80,USD,2026-09-10,INV-002740
txn_002741,Customer 491,617.17,USD,2026-09-11,INV-002741
txn_002742,Customer 492,754.54,USD,2026-09-12,INV-002742
txn_002743,Customer 493,891.91,USD,2026-09-13,INV-002743
txn_002744,Customer 494,1028.28,USD,2026-09-14,INV-002744
txn_002745,Customer 495,1165.65,USD,2026-09-15,INV-002745
txn_002746,Customer 496,1302.02,USD,2026-09-16,INV-002746
txn_002747,Customer 497,1439.39,USD,2026-09-17,INV-002747
txn_002748,Customer 498,1576.76,USD,2026-09-18,INV-002748
txn_002749,Customer 499,1713.13,USD,2026-09-19,INV-002749
txn_002750,Customer 500,1850.50,USD,2026-09-20,INV-002750
txn_002751,Customer 501,1987.87,USD,2026-09-21,INV-002751
txn_002752,Customer 502,2124.24,USD,2026-09-22,INV-002752
txn_002753,Customer 503,2261.61,USD,2026-09-23,INV-002753
txn_002754,Customer 504,2398.98,USD,2026-09-24,INV-002754
txn_002755,Customer 505,2535.35,USD,2026-09-25,INV-002755
txn_002756,Customer 506,2672.72,USD,2026-09-26,INV-002756
txn_002757,Customer 507,2809.09,USD,2026-09-27,INV-002757
txn_002758,Customer 508,2946.46,USD,2026-09-28,INV-002758
txn_002759,Customer 509,3083.83,USD,2026-09-29,INV-002759
txn_002760,Customer 510,3220.20,USD,2026-09-30,INV-002760
txn_002761,Customer 511,3357.57,USD,2026-09-01,INV-002761
txn_002762,Customer 512,3494.94,USD,2026-09-02,INV-002762
txn_002763,Customer 513,3631.31,USD,2026-09-03,INV-002763
txn_002764,Customer 514,3768.68,USD,2026-09-04,INV-002764
txn_002765,Customer 515,3905.05,USD,2026-09-05,INV-002765
txn_002766,Customer 516,4042.42,USD,2026-09-06,INV-002766
txn_002767,Customer 517,4179.79,USD,2026-09-07,INV-002767
txn_002768,Customer 518,4316.16,USD,2026-09-08,INV-002768
txn_002769,Customer 519,4453.53,USD,2026-09-09,INV-002769
txn_002770,Customer 520,4590.90,USD,2026-09-10,INV-002770
txn_002771,Customer 521,4727.27,USD,2026-09-11,INV-002771
txn_002772,Customer 522,4864.64,USD,2026-09-12,INV-002772
txn_002773,Customer 523,5001.01,USD,2026-09-13,INV-002773
txn_002774,Customer 524,5138.38,USD,2026-09-14,INV-002774
txn_002775,Customer 525,5275.75,USD,2026-09-15,INV-002775
txn_002776,Customer 526,5412.12,USD,2026-09-16,INV-002776
txn_002777,Customer 527,5549.49,USD,2026-09-17,INV-002777
txn_002778,Customer 528,5686.86,USD,2026-09-18,INV-002778
txn_002779,Customer 529,5823.23,USD,2026-09-19,INV-002779
txn_002780,Customer 530,5960.60,USD,2026-09-20,INV-002780
txn_002781,Customer 531,6097.97,USD,2026-09-21,INV-002781
txn_002782,Customer 532,6234.34,USD,2026-09-22,INV-002782
txn_002783,Customer 533,6371.71,USD,2026-09-23,INV-002783
txn_002784,Customer 534,6508.08,USD,2026-09-24,INV-002784
txn_002785,Customer 535,6645.45,USD,2026-09-25,INV-002785
txn_002786,Customer 536,6782.82,USD,2026-09-26,INV-002786
txn_002787,Customer 537,6919.19,USD,2026-09-27,INV-002787
txn_002788,Customer 538,7056.56,USD,2026-09-28,INV-002788
txn_002789,Customer 539,7193.93,USD,2026-09-29,INV-002789
txn_002790,Customer 540,7330.30,USD,2026-09-30,INV-002790
txn_002791,Customer 541,7467.67,USD,2026-09-01,INV-002791
txn_002792,Customer 542,7604.04,USD,2026-09-02,INV-002792
txn_002793,Customer 543,7741.41,USD,2026-09-03,INV-002793
txn_002794,Customer 544,7878.78,USD,2026-09-04,INV-002794
txn_002795,Customer 545,8015.15,USD,2026-09-05,INV-002795
txn_002796,Customer 546,8152.52,USD,2026-09-06,INV-002796
txn_002797,Customer 547,8289.89,USD,2026-09-07,INV-002797
txn_002798,Customer 548,8426.26,USD,2026-09-08,INV-002798
txn_002799,Customer 549,8563.63,USD,2026-09-09,INV-002799
txn_002800,Customer 550,8700.00,USD,2026-09-10,INV-002800
txn_002801,Customer 551,8837.37,USD,2026-09-11,INV-002801
txn_002802,Customer 552,8974.74,USD,2026-09-12,INV-002802
txn_002803,Customer 553,9111.11,USD,2026-09-13,INV-002803
txn_002804,Customer 554,9248.48,USD,2026-09-14,INV-002804
txn_002805,Customer 555,9385.85,USD,2026-09-15,INV-002805
txn_002806,Customer 556,9522.22,USD,2026-09-16,INV-002806
txn_002807,Customer 557,9659.59,USD,2026-09-17,INV-002807
txn_002808,Customer 558,9796.96,USD,2026-09-18,INV-002808
txn_002809,Customer 559,9933.33,USD,2026-09-19,INV-002809
txn_002810,Customer 560,10070.70,USD,2026-09-20,INV-002810
txn_002811,Customer 561,10207.07,USD,2026-09-21,INV-002811
txn_002812,Customer 562,10344.44,USD,2026-09-22,INV-002812
txn_002813,Customer 563,10481.81,USD,2026-09-23,INV-002813
txn_002814,Customer 564,10618.18,USD,2026-09-24,INV-002814
txn_002815,Customer 565,10755.55,USD,2026-09-25,INV-002815
txn_002816,Customer 566,10892.92,USD,2026-09-26,INV-002816
txn_002817,Customer 567,11029.29,USD,2026-09-27,INV-002817
txn_002818,Customer 568,11166.66,USD,2026-09-28,INV-002818
txn_002819,Customer 569,11303.03,USD,2026-09-29,INV-002819
txn_002820,Customer 570,11440.40,USD,2026-09-30,INV-002820
txn_002821,Customer 571,11577.77,USD,2026-09-01,INV-002821
txn_002822,Customer 572,11714.14,USD,2026-09-02,INV-002822
txn_002823,Customer 573,11851.51,USD,2026-09-03,INV-002823
txn_002824,Customer 574,11988.88,USD,2026-09-04,INV-002824
txn_002825,Customer 575,12125.25,USD,2026-09-05,INV-002825
txn_002826,Customer 576,12262.62,USD,2026-09-06,INV-002826
txn_002827,Customer 577,12399.99,USD,2026-09-07,INV-002827
txn_002828,Customer 578,12536.36,USD,2026-09-08,INV-002828
txn_002829,Customer 579,12673.73,USD,2026-09-09,INV-002829
txn_002830,Customer 580,12810.10,USD,2026-09-10,INV-002830
txn_002831,Customer 581,12947.47,USD,2026-09-11,INV-002831
txn_002832,Customer 582,13084.84,USD,2026-09-12,INV-002832
txn_002833,Customer 583,13221.21,USD,2026-09-13,INV-002833
txn_002834,Customer 584,13358.58,USD,2026-09-14,INV-002834
txn_002835,Customer 585,13495.95,USD,2026-09-15,INV-002835
txn_002836,Customer 586,13632.32,USD,2026-09-16,INV-002836
txn_002837,Customer 587,13769.69,USD,2026-09-17,INV-002837
txn_002838,Customer 588,13906.06,USD,2026-09-18,INV-002838
txn_002839,Customer 589,14043.43,USD,2026-09-19,INV-002839
txn_002840,Customer 590,14180.80,USD,2026-09-20,INV-002840
txn_002841,Customer 591,14317.17,USD,2026-09-21,INV-002841
txn_002842,Customer 592,14454.54,USD,2026-09-22,INV-002842
txn_002843,Customer 593,14591.91,USD,2026-09-23,INV-002843
txn_002844,Customer 594,14728.28,USD,2026-09-24,INV-002844
txn_002845,Customer 595,14865.65,USD,2026-09-25,INV-002845
txn_002846,Customer 596,15002.02,USD,2026-09-26,INV-002846
txn_002847,Customer 597,15139.39,USD,2026-09-27,INV-002847
txn_002848,Customer 598,15276.76,USD,2026-09-28,INV-002848
txn_002849,Customer 599,15413.13,USD,2026-09-29,INV-002849
txn_002850,Customer 600,15550.50,USD,2026-09-30,INV-002850
txn_002851,Customer 601,15687.87,USD,2026-09-01,INV-002851
txn_002852,Customer 602,15824.24,USD,2026-09-02,INV-002852
txn_002853,Customer 603,15961.61,USD,2026-09-03,INV-002853
txn_002854,Customer 604,16098.98,USD,2026-09-04,INV-002854
txn_002855,Customer 605,16235.35,USD,2026-09-05,INV-002855
txn_002856,Customer 606,16372.72,USD,2026-09-06,INV-002856
txn_002857,Customer 607,16509.09,USD,2026-09-07,INV-002857
txn_002858,Customer 608,16646.46,USD,2026-09-08,INV-002858
txn_002859,Customer 609,16783.83,USD,2026-09-09,INV-002859
txn_002860,Customer 610,16920.20,USD,2026-09-10,INV-002860
txn_002861,Customer 611,17057.57,USD,2026-09-11,INV-002861
txn_002862,Customer 612,17194.94,USD,2026-09-12,INV-002862
txn_002863,Customer 613,17331.31,USD,2026-09-13,INV-002863
txn_002864,Customer 614,17468.68,USD,2026-09-14,INV-002864
txn_002865,Customer 615,17605.05,USD,2026-09-15,INV-002865
txn_002866,Customer 616,17742.42,USD,2026-09-16,INV-002866
txn_002867,Customer 617,17879.79,USD,2026-09-17,INV-002867
txn_002868,Customer 618,18016.16,USD,2026-09-18,INV-002868
txn_002869,Customer 619,18153.53,USD,2026-09-19,INV-002869
txn_002870,Customer 620,18290.90,USD,2026-09-20,INV-002870
txn_002871,Customer 621,18427.27,USD,2026-09-21,INV-002871
txn_002872,Customer 622,18564.64,USD,2026-09-22,INV-002872
txn_002873,Customer 623,18701.01,USD,2026-09-23,INV-002873
txn_002874,Customer 624,18838.38,USD,2026-09-24,INV-002874
txn_002875,Customer 625,18975.75,USD,2026-09-25,INV-002875
txn_002876,Customer 626,19112.12,USD,2026-09-26,INV-002876
txn_002877,Customer 627,19249.49,USD,2026-09-27,INV-002877
txn_002878,Customer 628,19386.86,USD,2026-09-28,INV-002878
txn_002879,Customer 629,19523.23,USD,2026-09-29,INV-002879
txn_002880,Customer 630,19660.60,USD,2026-09-30,INV-002880
txn_002881,Customer 631,19797.97,USD,2026-09-01,INV-002881
txn_002882,Customer 632,19934.34,USD,2026-09-02,INV-002882
txn_002883,Customer 633,20071.71,USD,2026-09-03,INV-002883
txn_002884,Customer 634,20208.08,USD,2026-09-04,INV-002884
txn_002885,Customer 635,20345.45,USD,2026-09-05,INV-002885
txn_002886,Customer 636,20482.82,USD,2026-09-06,INV-002886
txn_002887,Customer 637,20619.19,USD,2026-09-07,INV-002887
txn_002888,Customer 638,20756.56,USD,2026-09-08,INV-002888
txn_002889,Customer 639,20893.93,USD,2026-09-09,INV-002889
txn_002890,Customer 640,21030.30,USD,2026-09-10,INV-002890
txn_002891,Customer 641,21167.67,USD,2026-09-11,INV-002891
txn_002892,Customer 642,21304.04,USD,2026-09-12,INV-002892
txn_002893,Customer 643,21441.41,USD,2026-09-13,INV-002893
txn_002894,Customer 644,21578.78,USD,2026-09-14,INV-002894
txn_002895,Customer 645,21715.15,USD,2026-09-15,INV-002895
txn_002896,Customer 646,21852.52,USD,2026-09-16,INV-002896
txn_002897,Customer 647,21989.89,USD,2026-09-17,INV-002897
txn_002898,Customer 648,22126.26,USD,2026-09-18,INV-002898
txn_002899,Customer 649,22263.63,USD,2026-09-19,INV-002899
txn_002900,Customer 650,22400.00,USD,2026-09-20,INV-002900
txn_002901,Customer 651,22537.37,USD,2026-09-21,INV-002901
txn_002902,Customer 652,22674.74,USD,2026-09-22,INV-002902
txn_002903,Customer 653,22811.11,USD,2026-09-23,INV-002903
txn_002904,Customer 654,22948.48,USD,2026-09-24,INV-002904
txn_002905,Customer 655,23085.85,USD,2026-09-25,INV-002905
txn_002906,Customer 656,23222.22,USD,2026-09-26,INV-002906
txn_002907,Customer 657,23359.59,USD,2026-09-27,INV-002907
txn_002908,Customer 658,23496.96,USD,2026-09-28,INV-002908
txn_002909,Customer 659,23633.33,USD,2026-09-29,INV-002909
txn_002910,Customer 660,23770.70,USD,2026-09-30,INV-002910
txn_002911,Customer 661,23907.07,USD,2026-09-01,INV-002911
txn_002912,Customer 662,24044.44,USD,2026-09-02,INV-002912
txn_002913,Customer 663,24181.81,USD,2026-09-03,INV-002913
txn_002914,Customer 664,24318.18,USD,2026-09-04,INV-002914
txn_002915,Customer 665,24455.55,USD,2026-09-05,INV-002915
txn_002916,Customer 666,24592.92,USD,2026-09-06,INV-002916
txn_002917,Customer 667,24729.29,USD,2026-09-07,INV-002917
txn_002918,Customer 668,24866.66,USD,2026-09-08,INV-002918
txn_002919,Customer 669,25003.03,USD,2026-09-09,INV-002919
txn_002920,Customer 670,140.40,USD,2026-09-10,INV-002920
txn_002921,Customer 671,277.77,USD,2026-09-11,INV-002921
txn_002922,Customer 672,414.14,USD,2026-09-12,INV-002922
txn_002923,Customer 673,551.51,USD,2026-09-13,INV-002923
txn_002924,Customer 674,688.88,USD,2026-09-14,INV-002924
txn_002925,Customer 675,825.25,USD,2026-09-15,INV-002925
txn_002926,Customer 676,962.62,USD,2026-09-16,INV-002926
txn_002927,Customer 677,1099.99,USD,2026-09-17,INV-002927
txn_002928,Customer 678,1236.36,USD,2026-09-18,INV-002928
txn_002929,Customer 679,1373.73,USD,2026-09-19,INV-002929
txn_002930,Customer 680,1510.10,USD,2026-09-20,INV-002930
txn_002931,Customer 681,1647.47,USD,2026-09-21,INV-002931
txn_002932,Customer 682,1784.84,USD,2026-09-22,INV-002932
txn_002933,Customer 683,1921.21,USD,2026-09-23,INV-002933
txn_002934,Customer 684,2058.58,USD,2026-09-24,INV-002934
txn_002935,Customer 685,2195.95,USD,2026-09-25,INV-002935
txn_002936,Customer 686,2332.32,USD,2026-09-26,INV-002936
txn_002937,Customer 687,2469.69,USD,2026-09-27,INV-002937
txn_002938,Customer 688,2606.06,USD,2026-09-28,INV-002938
txn_002939,Customer 689,2743.43,USD,2026-09-29,INV-002939
txn_002940,Customer 690,2880.80,USD,2026-09-30,INV-002940
txn_002941,Customer 691,3017.17,USD,2026-09-01,INV-002941
txn_002942,Customer 692,3154.54,USD,2026-09-02,INV-002942
txn_002943,Customer 693,3291.91,USD,2026-09-03,INV-002943
txn_002944,Customer 694,3428.28,USD,2026-09-04,INV-002944
txn_002945,Customer 695,3565.65,USD,2026-09-05,INV-002945
txn_002946,Customer 696,3702.02,USD,2026-09-06,INV-002946
txn_002947,Customer 697,3839.39,USD,2026-09-07,INV-002947
txn_002948,Customer 698,3976.76,USD,2026-09-08,INV-002948
txn_002949,Customer 699,4113.13,USD,2026-09-09,INV-002949
txn_002950,Customer 700,4250.50,USD,2026-09-10,INV-002950
txn_002951,Customer 701,4387.87,USD,2026-09-11,INV-002951
txn_002952,Customer 702,4524.24,USD,2026-09-12,INV-002952
txn_002953,Customer 703,4661.61,USD,2026-09-13,INV-002953
txn_002954,Customer 704,4798.98,USD,2026-09-14,INV-002954
txn_002955,Customer 705,4935.35,USD,2026-09-15,INV-002955
txn_002956,Customer 706,5072.72,USD,2026-09-16,INV-002956
txn_002957,Customer 707,5209.09,USD,2026-09-17,INV-002957
txn_002958,Customer 708,5346.46,USD,2026-09-18,INV-002958
txn_002959,Customer 709,5483.83,USD,2026-09-19,INV-002959
txn_002960,Customer 710,5620.20,USD,2026-09-20,INV-002960
txn_002961,Customer 711,5757.57,USD,2026-09-21,INV-002961
txn_002962,Customer 712,5894.94,USD,2026-09-22,INV-002962
txn_002963,Customer 713,6031.31,USD,2026-09-23,INV-002963
txn_002964,Customer 714,6168.68,USD,2026-09-24,INV-002964
txn_002965,Customer 715,6305.05,USD,2026-09-25,INV-002965
txn_002966,Customer 716,6442.42,USD,2026-09-26,INV-002966
txn_002967,Customer 717,6579.79,USD,2026-09-27,INV-002967
txn_002968,Customer 718,6716.16,USD,2026-09-28,INV-002968
txn_002969,Customer 719,6853.53,USD,2026-09-29,INV-002969
txn_002970,Customer 720,6990.90,USD,2026-09-30,INV-002970
txn_002971,Customer 721,7127.27,USD,2026-09-01,INV-002971
txn_002972,Customer 722,7264.64,USD,2026-09-02,INV-002972
txn_002973,Customer 723,7401.01,USD,2026-09-03,INV-002973
txn_002974,Customer 724,7538.38,USD,2026-09-04,INV-002974
txn_002975,Customer 725,7675.75,USD,2026-09-05,INV-002975
txn_002976,Customer 726,7812.12,USD,2026-09-06,INV-002976
txn_002977,Customer 727,7949.49,USD,2026-09-07,INV-002977
txn_002978,Customer 728,8086.86,USD,2026-09-08,INV-002978
txn_002979,Customer 729,8223.23,USD,2026-09-09,INV-002979
txn_002980,Customer 730,8360.60,USD,2026-09-10,INV-002980
txn_002981,Customer 731,8497.97,USD,2026-09-11,INV-002981
txn_002982,Customer 732,8634.34,USD,2026-09-12,INV-002982
txn_002983,Customer 733,8771.71,USD,2026-09-13,INV-002983
txn_002984,Customer 734,8908.08,USD,2026-09-14,INV-002984
txn_002985,Customer 735,9045.45,USD,2026-09-15,INV-002985
txn_002986,Customer 736,9182.82,USD,2026-09-16,INV-002986
txn_002987,Customer 737,9319.19,USD,2026-09-17,INV-002987
txn_002988,Customer 738,9456.56,USD,2026-09-18,INV-002988
txn_002989,Customer 739,9593.93,USD,2026-09-19,INV-002989
txn_002990,Customer 740,9730.30,USD,2026-09-20,INV-002990
txn_002991,Customer 741,9867.67,USD,2026-09-21,INV-002991
txn_002992,Customer 742,10004.04,USD,2026-09-22,INV-002992
txn_002993,Customer 743,10141.41,USD,2026-09-23,INV-002993
txn_002994,Customer 744,10278.78,USD,2026-09-24,INV-002994
txn_002995,Customer 745,10415.15,USD,2026-09-25,INV-002995
txn_002996,Customer 746,10552.52,USD,2026-09-26,INV-002996
txn_002997,Customer 747,10689.89,USD,2026-09-27,INV-002997
txn_002998,Customer 748,10826.26,USD,2026-09-28,INV-002998
txn_002999,Customer 749,10963.63,USD,2026-09-29,INV-002999
txn_003000,Customer 750,11100.00,USD,2026-09-30,INV-003000
txn_003001,Customer 001,11237.37,USD,2026-09-01,INV-003001
txn_003002,Customer 002,11374.74,USD,2026-09-02,INV-003002
txn_003003,Customer 003,11511.11,USD,2026-09-03,INV-003003
txn_003004,Customer 004,11648.48,USD,2026-09-04,INV-003004
txn_003005,Customer 005,11785.85,USD,2026-09-05,INV-003005
txn_003006,Customer 006,11922.22,USD,2026-09-06,INV-003006
txn_003007,Customer 007,12059.59,USD,2026-09-07,INV-003007
txn_003008,Customer 008,12196.96,USD,2026-09-08,INV-003008
txn_003009,Customer 009,12333.33,USD,2026-09-09,INV-003009
txn_003010,Customer 010,12470.70,USD,2026-09-10,INV-003010
txn_003011,Customer 011,12607.07,USD,2026-09-11,INV-003011
txn_003012,Customer 012,12744.44,USD,2026-09-12,INV-003012
txn_003013,Customer 013,12881.81,USD,2026-09-13,INV-003013
txn_003014,Customer 014,13018.18,USD,2026-09-14,INV-003014
txn_003015,Customer 015,13155.55,USD,2026-09-15,INV-003015
txn_003016,Customer 016,13292.92,USD,2026-09-16,INV-003016
txn_003017,Customer 017,13429.29,USD,2026-09-17,INV-003017
txn_003018,Customer 018,13566.66,USD,2026-09-18,INV-003018
txn_003019,Customer 019,13703.03,USD,2026-09-19,INV-003019
txn_003020,Customer 020,13840.40,USD,2026-09-20,INV-003020
txn_003021,Customer 021,13977.77,USD,2026-09-21,INV-003021
txn_003022,Customer 022,14114.14,USD,2026-09-22,INV-003022
txn_003023,Customer 023,14251.51,USD,2026-09-23,INV-003023
txn_003024,Customer 024,14388.88,USD,2026-09-24,INV-003024
txn_003025,Customer 025,14525.25,USD,2026-09-25,INV-003025
txn_003026,Customer 026,14662.62,USD,2026-09-26,INV-003026
txn_003027,Customer 027,14799.99,USD,2026-09-27,INV-003027
txn_003028,Customer 028,14936.36,USD,2026-09-28,INV-003028
txn_003029,Customer 029,15073.73,USD,2026-09-29,INV-003029
txn_003030,Customer 030,15210.10,USD,2026-09-30,INV-003030
txn_003031,Customer 031,15347.47,USD,2026-09-01,INV-003031
txn_003032,Customer 032,15484.84,USD,2026-09-02,INV-003032
txn_003033,Customer 033,15621.21,USD,2026-09-03,INV-003033
txn_003034,Customer 034,15758.58,USD,2026-09-04,INV-003034
txn_003035,Customer 035,15895.95,USD,2026-09-05,INV-003035
txn_003036,Customer 036,16032.32,USD,2026-09-06,INV-003036
txn_003037,Customer 037,16169.69,USD,2026-09-07,INV-003037
txn_003038,Customer 038,16306.06,USD,2026-09-08,INV-003038
txn_003039,Customer 039,16443.43,USD,2026-09-09,INV-003039
txn_003040,Customer 040,16580.80,USD,2026-09-10,INV-003040
txn_003041,Customer 041,16717.17,USD,2026-09-11,INV-003041
txn_003042,Customer 042,16854.54,USD,2026-09-12,INV-003042
txn_003043,Customer 043,16991.91,USD,2026-09-13,INV-003043
txn_003044,Customer 044,17128.28,USD,2026-09-14,INV-003044
txn_003045,Customer 045,17265.65,USD,2026-09-15,INV-003045
txn_003046,Customer 046,17402.02,USD,2026-09-16,INV-003046
txn_003047,Customer 047,17539.39,USD,2026-09-17,INV-003047
txn_003048,Customer 048,17676.76,USD,2026-09-18,INV-003048
txn_003049,Customer 049,17813.13,USD,2026-09-19,INV-003049
txn_003050,Customer 050,17950.50,USD,2026-09-20,INV-003050
txn_003051,Customer 051,18087.87,USD,2026-09-21,INV-003051
txn_003052,Customer 052,18224.24,USD,2026-09-22,INV-003052
txn_003053,Customer 053,18361.61,USD,2026-09-23,INV-003053
txn_003054,Customer 054,18498.98,USD,2026-09-24,INV-003054
txn_003055,Customer 055,18635.35,USD,2026-09-25,INV-003055
txn_003056,Customer 056,18772.72,USD,2026-09-26,INV-003056
txn_003057,Customer 057,18909.09,USD,2026-09-27,INV-003057
txn_003058,Customer 058,19046.46,USD,2026-09-28,INV-003058
txn_003059,Customer 059,19183.83,USD,2026-09-29,INV-003059
txn_003060,Customer 060,19320.20,USD,2026-09-30,INV-003060
txn_003061,Customer 061,19457.57,USD,2026-09-01,INV-003061
txn_003062,Customer 062,19594.94,USD,2026-09-02,INV-003062
txn_003063,Customer 063,19731.31,USD,2026-09-03,INV-003063
txn_003064,Customer 064,19868.68,USD,2026-09-04,INV-003064
txn_003065,Customer 065,20005.05,USD,2026-09-05,INV-003065
txn_003066,Customer 066,20142.42,USD,2026-09-06,INV-003066
txn_003067,Customer 067,20279.79,USD,2026-09-07,INV-003067
txn_003068,Customer 068,20416.16,USD,2026-09-08,INV-003068
txn_003069,Customer 069,20553.53,USD,2026-09-09,INV-003069
txn_003070,Customer 070,20690.90,USD,2026-09-10,INV-003070
txn_003071,Customer 071,20827.27,USD,2026-09-11,INV-003071
txn_003072,Customer 072,20964.64,USD,2026-09-12,INV-003072
txn_003073,Customer 073,21101.01,USD,2026-09-13,INV-003073
txn_003074,Customer 074,21238.38,USD,2026-09-14,INV-003074
txn_003075,Customer 075,21375.75,USD,2026-09-15,INV-003075
txn_003076,Customer 076,21512.12,USD,2026-09-16,INV-003076
txn_003077,Customer 077,21649.49,USD,2026-09-17,INV-003077
txn_003078,Customer 078,21786.86,USD,2026-09-18,INV-003078
txn_003079,Customer 079,21923.23,USD,2026-09-19,INV-003079
txn_003080,Customer 080,22060.60,USD,2026-09-20,INV-003080
txn_003081,Customer 081,22197.97,USD,2026-09-21,INV-003081
txn_003082,Customer 082,22334.34,USD,2026-09-22,INV-003082
txn_003083,Customer 083,22471.71,USD,2026-09-23,INV-003083
txn_003084,Customer 084,22608.08,USD,2026-09-24,INV-003084
txn_003085,Customer 085,22745.45,USD,2026-09-25,INV-003085
txn_003086,Customer 086,22882.82,USD,2026-09-26,INV-003086
txn_003087,Customer 087,23019.19,USD,2026-09-27,INV-003087
txn_003088,Customer 088,23156.56,USD,2026-09-28,INV-003088
txn_003089,Customer 089,23293.93,USD,2026-09-29,INV-003089
txn_003090,Customer 090,23430.30,USD,2026-09-30,INV-003090
txn_003091,Customer 091,23567.67,USD,2026-09-01,INV-003091
txn_003092,Customer 092,23704.04,USD,2026-09-02,INV-003092
txn_003093,Customer 093,23841.41,USD,2026-09-03,INV-003093
txn_003094,Customer 094,23978.78,USD,2026-09-04,INV-003094
txn_003095,Customer 095,24115.15,USD,2026-09-05,INV-003095
txn_003096,Customer 096,24252.52,USD,2026-09-06,INV-003096
txn_003097,Customer 097,24389.89,USD,2026-09-07,INV-003097
txn_003098,Customer 098,24526.26,USD,2026-09-08,INV-003098
txn_003099,Customer 099,24663.63,USD,2026-09-09,INV-003099
txn_003100,Customer 100,24800.00,USD,2026-09-10,INV-003100
txn_003101,Customer 101,24937.37,USD,2026-09-11,INV-003101
txn_003102,Customer 102,25074.74,USD,2026-09-12,INV-003102
txn_003103,Customer 103,211.11,USD,2026-09-13,INV-003103
txn_003104,Customer 104,348.48,USD,2026-09-14,INV-003104
txn_003105,Customer 105,485.85,USD,2026-09-15,INV-003105
txn_003106,Customer 106,622.22,USD,2026-09-16,INV-003106
txn_003107,Customer 107,759.59,USD,2026-09-17,INV-003107
txn_003108,Customer 108,896.96,USD,2026-09-18,INV-003108
txn_003109,Customer 109,1033.33,USD,2026-09-19,INV-003109
txn_003110,Customer 110,1170.70,USD,2026-09-20,INV-003110
txn_003111,Customer 111,1307.07,USD,2026-09-21,INV-003111
txn_003112,Customer 112,1444.44,USD,2026-09-22,INV-003112
txn_003113,Customer 113,1581.81,USD,2026-09-23,INV-003113
txn_003114,Customer 114,1718.18,USD,2026-09-24,INV-003114
txn_003115,Customer 115,1855.55,USD,2026-09-25,INV-003115
txn_003116,Customer 116,1992.92,USD,2026-09-26,INV-003116
txn_003117,Customer 117,2129.29,USD,2026-09-27,INV-003117
txn_003118,Customer 118,2266.66,USD,2026-09-28,INV-003118
txn_003119,Customer 119,2403.03,USD,2026-09-29,INV-003119
txn_003120,Customer 120,2540.40,USD,2026-09-30,INV-003120
txn_003121,Customer 121,2677.77,USD,2026-09-01,INV-003121
txn_003122,Customer 122,2814.14,USD,2026-09-02,INV-003122
txn_003123,Customer 123,2951.51,USD,2026-09-03,INV-003123
txn_003124,Customer 124,3088.88,USD,2026-09-04,INV-003124
txn_003125,Customer 125,3225.25,USD,2026-09-05,INV-003125
txn_003126,Customer 126,3362.62,USD,2026-09-06,INV-003126
txn_003127,Customer 127,3499.99,USD,2026-09-07,INV-003127
txn_003128,Customer 128,3636.36,USD,2026-09-08,INV-003128
txn_003129,Customer 129,3773.73,USD,2026-09-09,INV-003129
txn_003130,Customer 130,3910.10,USD,2026-09-10,INV-003130
txn_003131,Customer 131,4047.47,USD,2026-09-11,INV-003131
txn_003132,Customer 132,4184.84,USD,2026-09-12,INV-003132
txn_003133,Customer 133,4321.21,USD,2026-09-13,INV-003133
txn_003134,Customer 134,4458.58,USD,2026-09-14,INV-003134
txn_003135,Customer 135,4595.95,USD,2026-09-15,INV-003135
txn_003136,Customer 136,4732.32,USD,2026-09-16,INV-003136
txn_003137,Customer 137,4869.69,USD,2026-09-17,INV-003137
txn_003138,Customer 138,5006.06,USD,2026-09-18,INV-003138
txn_003139,Customer 139,5143.43,USD,2026-09-19,INV-003139
txn_003140,Customer 140,5280.80,USD,2026-09-20,INV-003140
txn_003141,Customer 141,5417.17,USD,2026-09-21,INV-003141
txn_003142,Customer 142,5554.54,USD,2026-09-22,INV-003142
txn_003143,Customer 143,5691.91,USD,2026-09-23,INV-003143
txn_003144,Customer 144,5828.28,USD,2026-09-24,INV-003144
txn_003145,Customer 145,5965.65,USD,2026-09-25,INV-003145
txn_003146,Customer 146,6102.02,USD,2026-09-26,INV-003146
txn_003147,Customer 147,6239.39,USD,2026-09-27,INV-003147
txn_003148,Customer 148,6376.76,USD,2026-09-28,INV-003148
txn_003149,Customer 149,6513.13,USD,2026-09-29,INV-003149
txn_003150,Customer 150,6650.50,USD,2026-09-30,INV-003150
txn_003151,Customer 151,6787.87,USD,2026-09-01,INV-003151
txn_003152,Customer 152,6924.24,USD,2026-09-02,INV-003152
txn_003153,Customer 153,7061.61,USD,2026-09-03,INV-003153
txn_003154,Customer 154,7198.98,USD,2026-09-04,INV-003154
txn_003155,Customer 155,7335.35,USD,2026-09-05,INV-003155
txn_003156,Customer 156,7472.72,USD,2026-09-06,INV-003156
txn_003157,Customer 157,7609.09,USD,2026-09-07,INV-003157
txn_003158,Customer 158,7746.46,USD,2026-09-08,INV-003158
txn_003159,Customer 159,7883.83,USD,2026-09-09,INV-003159
txn_003160,Customer 160,8020.20,USD,2026-09-10,INV-003160
txn_003161,Customer 161,8157.57,USD,2026-09-11,INV-003161
txn_003162,Customer 162,8294.94,USD,2026-09-12,INV-003162
txn_003163,Customer 163,8431.31,USD,2026-09-13,INV-003163
txn_003164,Customer 164,8568.68,USD,2026-09-14,INV-003164
txn_003165,Customer 165,8705.05,USD,2026-09-15,INV-003165
txn_003166,Customer 166,8842.42,USD,2026-09-16,INV-003166
txn_003167,Customer 167,8979.79,USD,2026-09-17,INV-003167
txn_003168,Customer 168,9116.16,USD,2026-09-18,INV-003168
txn_003169,Customer 169,9253.53,USD,2026-09-19,INV-003169
txn_003170,Customer 170,9390.90,USD,2026-09-20,INV-003170
txn_003171,Customer 171,9527.27,USD,2026-09-21,INV-003171
txn_003172,Customer 172,9664.64,USD,2026-09-22,INV-003172
txn_003173,Customer 173,9801.01,USD,2026-09-23,INV-003173
txn_003174,Customer 174,9938.38,USD,2026-09-24,INV-003174
txn_003175,Customer 175,10075.75,USD,2026-09-25,INV-003175
txn_003176,Customer 176,10212.12,USD,2026-09-26,INV-003176
txn_003177,Customer 177,10349.49,USD,2026-09-27,INV-003177
txn_003178,Customer 178,10486.86,USD,2026-09-28,INV-003178
txn_003179,Customer 179,10623.23,USD,2026-09-29,INV-003179
txn_003180,Customer 180,10760.60,USD,2026-09-30,INV-003180
txn_003181,Customer 181,10897.97,USD,2026-09-01,INV-003181
txn_003182,Customer 182,11034.34,USD,2026-09-02,INV-003182
txn_003183,Customer 183,11171.71,USD,2026-09-03,INV-003183
txn_003184,Customer 184,11308.08,USD,2026-09-04,INV-003184
txn_003185,Customer 185,11445.45,USD,2026-09-05,INV-003185
txn_003186,Customer 186,11582.82,USD,2026-09-06,INV-003186
txn_003187,Customer 187,11719.19,USD,2026-09-07,INV-003187
txn_003188,Customer 188,11856.56,USD,2026-09-08,INV-003188
txn_003189,Customer 189,11993.93,USD,2026-09-09,INV-003189
txn_003190,Customer 190,12130.30,USD,2026-09-10,INV-003190
txn_003191,Customer 191,12267.67,USD,2026-09-11,INV-003191
txn_003192,Customer 192,12404.04,USD,2026-09-12,INV-003192
txn_003193,Customer 193,12541.41,USD,2026-09-13,INV-003193
txn_003194,Customer 194,12678.78,USD,2026-09-14,INV-003194
txn_003195,Customer 195,12815.15,USD,2026-09-15,INV-003195
txn_003196,Customer 196,12952.52,USD,2026-09-16,INV-003196
txn_003197,Customer 197,13089.89,USD,2026-09-17,INV-003197
txn_003198,Customer 198,13226.26,USD,2026-09-18,INV-003198
txn_003199,Customer 199,13363.63,USD,2026-09-19,INV-003199
txn_003200,Customer 200,13500.00,USD,2026-09-20,INV-003200
txn_003201,Customer 201,13637.37,USD,2026-09-21,INV-003201
txn_003202,Customer 202,13774.74,USD,2026-09-22,INV-003202
txn_003203,Customer 203,13911.11,USD,2026-09-23,INV-003203
txn_003204,Customer 204,14048.48,USD,2026-09-24,INV-003204
txn_003205,Customer 205,14185.85,USD,2026-09-25,INV-003205
txn_003206,Customer 206,14322.22,USD,2026-09-26,INV-003206
txn_003207,Customer 207,14459.59,USD,2026-09-27,INV-003207
txn_003208,Customer 208,14596.96,USD,2026-09-28,INV-003208
txn_003209,Customer 209,14733.33,USD,2026-09-29,INV-003209
txn_003210,Customer 210,14870.70,USD,2026-09-30,INV-003210
txn_003211,Customer 211,15007.07,USD,2026-09-01,INV-003211
txn_003212,Customer 212,15144.44,USD,2026-09-02,INV-003212
txn_003213,Customer 213,15281.81,USD,2026-09-03,INV-003213
txn_003214,Customer 214,15418.18,USD,2026-09-04,INV-003214
txn_003215,Customer 215,15555.55,USD,2026-09-05,INV-003215
txn_003216,Customer 216,15692.92,USD,2026-09-06,INV-003216
txn_003217,Customer 217,15829.29,USD,2026-09-07,INV-003217
txn_003218,Customer 218,15966.66,USD,2026-09-08,INV-003218
txn_003219,Customer 219,16103.03,USD,2026-09-09,INV-003219
txn_003220,Customer 220,16240.40,USD,2026-09-10,INV-003220
txn_003221,Customer 221,16377.77,USD,2026-09-11,INV-003221
txn_003222,Customer 222,16514.14,USD,2026-09-12,INV-003222
txn_003223,Customer 223,16651.51,USD,2026-09-13,INV-003223
txn_003224,Customer 224,16788.88,USD,2026-09-14,INV-003224
txn_003225,Customer 225,16925.25,USD,2026-09-15,INV-003225
txn_003226,Customer 226,17062.62,USD,2026-09-16,INV-003226
txn_003227,Customer 227,17199.99,USD,2026-09-17,INV-003227
txn_003228,Customer 228,17336.36,USD,2026-09-18,INV-003228
txn_003229,Customer 229,17473.73,USD,2026-09-19,INV-003229
txn_003230,Customer 230,17610.10,USD,2026-09-20,INV-003230
txn_003231,Customer 231,17747.47,USD,2026-09-21,INV-003231
txn_003232,Customer 232,17884.84,USD,2026-09-22,INV-003232
txn_003233,Customer 233,18021.21,USD,2026-09-23,INV-003233
txn_003234,Customer 234,18158.58,USD,2026-09-24,INV-003234
txn_003235,Customer 235,18295.95,USD,2026-09-25,INV-003235
txn_003236,Customer 236,18432.32,USD,2026-09-26,INV-003236
txn_003237,Customer 237,18569.69,USD,2026-09-27,INV-003237
txn_003238,Customer 238,18706.06,USD,2026-09-28,INV-003238
txn_003239,Customer 239,18843.43,USD,2026-09-29,INV-003239
txn_003240,Customer 240,18980.80,USD,2026-09-30,INV-003240
txn_003241,Customer 241,19117.17,USD,2026-09-01,INV-003241
txn_003242,Customer 242,19254.54,USD,2026-09-02,INV-003242
txn_003243,Customer 243,19391.91,USD,2026-09-03,INV-003243
txn_003244,Customer 244,19528.28,USD,2026-09-04,INV-003244
txn_003245,Customer 245,19665.65,USD,2026-09-05,INV-003245
txn_003246,Customer 246,19802.02,USD,2026-09-06,INV-003246
txn_003247,Customer 247,19939.39,USD,2026-09-07,INV-003247
txn_003248,Customer 248,20076.76,USD,2026-09-08,INV-003248
txn_003249,Customer 249,20213.13,USD,2026-09-09,INV-003249
txn_003250,Customer 250,20350.50,USD,2026-09-10,INV-003250
txn_003251,Customer 251,20487.87,USD,2026-09-11,INV-003251
txn_003252,Customer 252,20624.24,USD,2026-09-12,INV-003252
txn_003253,Customer 253,20761.61,USD,2026-09-13,INV-003253
txn_003254,Customer 254,20898.98,USD,2026-09-14,INV-003254
txn_003255,Customer 255,21035.35,USD,2026-09-15,INV-003255
txn_003256,Customer 256,21172.72,USD,2026-09-16,INV-003256
txn_003257,Customer 257,21309.09,USD,2026-09-17,INV-003257
txn_003258,Customer 258,21446.46,USD,2026-09-18,INV-003258
txn_003259,Customer 259,21583.83,USD,2026-09-19,INV-003259
txn_003260,Customer 260,21720.20,USD,2026-09-20,INV-003260
txn_003261,Customer 261,21857.57,USD,2026-09-21,INV-003261
txn_003262,Customer 262,21994.94,USD,2026-09-22,INV-003262
txn_003263,Customer 263,22131.31,USD,2026-09-23,INV-003263
txn_003264,Customer 264,22268.68,USD,2026-09-24,INV-003264
txn_003265,Customer 265,22405.05,USD,2026-09-25,INV-003265
txn_003266,Customer 266,22542.42,USD,2026-09-26,INV-003266
txn_003267,Customer 267,22679.79,USD,2026-09-27,INV-003267
txn_003268,Customer 268,22816.16,USD,2026-09-28,INV-003268
txn_003269,Customer 269,22953.53,USD,2026-09-29,INV-003269
txn_003270,Customer 270,23090.90,USD,2026-09-30,INV-003270
txn_003271,Customer 271,23227.27,USD,2026-09-01,INV-003271
txn_003272,Customer 272,23364.64,USD,2026-09-02,INV-003272
txn_003273,Customer 273,23501.01,USD,2026-09-03,INV-003273
txn_003274,Customer 274,23638.38,USD,2026-09-04,INV-003274
txn_003275,Customer 275,23775.75,USD,2026-09-05,INV-003275
txn_003276,Customer 276,23912.12,USD,2026-09-06,INV-003276
txn_003277,Customer 277,24049.49,USD,2026-09-07,INV-003277
txn_003278,Customer 278,24186.86,USD,2026-09-08,INV-003278
txn_003279,Customer 279,24323.23,USD,2026-09-09,INV-003279
txn_003280,Customer 280,24460.60,USD,2026-09-10,INV-003280
txn_003281,Customer 281,24597.97,USD,2026-09-11,INV-003281
txn_003282,Customer 282,24734.34,USD,2026-09-12,INV-003282
txn_003283,Customer 283,24871.71,USD,2026-09-13,INV-003283
txn_003284,Customer 284,25008.08,USD,2026-09-14,INV-003284
txn_003285,Customer 285,145.45,USD,2026-09-15,INV-003285
txn_003286,Customer 286,282.82,USD,2026-09-16,INV-003286
txn_003287,Customer 287,419.19,USD,2026-09-17,INV-003287
txn_003288,Customer 288,556.56,USD,2026-09-18,INV-003288
txn_003289,Customer 289,693.93,USD,2026-09-19,INV-003289
txn_003290,Customer 290,830.30,USD,2026-09-20,INV-003290
txn_003291,Customer 291,967.67,USD,2026-09-21,INV-003291
txn_003292,Customer 292,1104.04,USD,2026-09-22,INV-003292
txn_003293,Customer 293,1241.41,USD,2026-09-23,INV-003293
txn_003294,Customer 294,1378.78,USD,2026-09-24,INV-003294
txn_003295,Customer 295,1515.15,USD,2026-09-25,INV-003295
txn_003296,Customer 296,1652.52,USD,2026-09-26,INV-003296
txn_003297,Customer 297,1789.89,USD,2026-09-27,INV-003297
txn_003298,Customer 298,1926.26,USD,2026-09-28,INV-003298
txn_003299,Customer 299,2063.63,USD,2026-09-29,INV-003299
txn_003300,Customer 300,2200.00,USD,2026-09-30,INV-003300
txn_003301,Customer 301,2337.37,USD,2026-09-01,INV-003301
txn_003302,Customer 302,2474.74,USD,2026-09-02,INV-003302
txn_003303,Customer 303,2611.11,USD,2026-09-03,INV-003303
txn_003304,Customer 304,2748.48,USD,2026-09-04,INV-003304
txn_003305,Customer 305,2885.85,USD,2026-09-05,INV-003305
txn_003306,Customer 306,3022.22,USD,2026-09-06,INV-003306
txn_003307,Customer 307,3159.59,USD,2026-09-07,INV-003307
txn_003308,Customer 308,3296.96,USD,2026-09-08,INV-003308
txn_003309,Customer 309,3433.33,USD,2026-09-09,INV-003309
txn_003310,Customer 310,3570.70,USD,2026-09-10,INV-003310
txn_003311,Customer 311,3707.07,USD,2026-09-11,INV-003311
txn_003312,Customer 312,3844.44,USD,2026-09-12,INV-003312
txn_003313,Customer 313,3981.81,USD,2026-09-13,INV-003313
txn_003314,Customer 314,4118.18,USD,2026-09-14,INV-003314
txn_003315,Customer 315,4255.55,USD,2026-09-15,INV-003315
txn_003316,Customer 316,4392.92,USD,2026-09-16,INV-003316
txn_003317,Customer 317,4529.29,USD,2026-09-17,INV-003317
txn_003318,Customer 318,4666.66,USD,2026-09-18,INV-003318
txn_003319,Customer 319,4803.03,USD,2026-09-19,INV-003319
txn_003320,Customer 320,4940.40,USD,2026-09-20,INV-003320
txn_003321,Customer 321,5077.77,USD,2026-09-21,INV-003321
txn_003322,Customer 322,5214.14,USD,2026-09-22,INV-003322
txn_003323,Customer 323,5351.51,USD,2026-09-23,INV-003323
txn_003324,Customer 324,5488.88,USD,2026-09-24,INV-003324
txn_003325,Customer 325,5625.25,USD,2026-09-25,INV-003325
txn_003326,Customer 326,5762.62,USD,2026-09-26,INV-003326
txn_003327,Customer 327,5899.99,USD,2026-09-27,INV-003327
txn_003328,Customer 328,6036.36,USD,2026-09-28,INV-003328
txn_003329,Customer 329,6173.73,USD,2026-09-29,INV-003329
txn_003330,Customer 330,6310.10,USD,2026-09-30,INV-003330
txn_003331,Customer 331,6447.47,USD,2026-09-01,INV-003331
txn_003332,Customer 332,6584.84,USD,2026-09-02,INV-003332
txn_003333,Customer 333,6721.21,USD,2026-09-03,INV-003333
txn_003334,Customer 334,6858.58,USD,2026-09-04,INV-003334
txn_003335,Customer 335,6995.95,USD,2026-09-05,INV-003335
txn_003336,Customer 336,7132.32,USD,2026-09-06,INV-003336
txn_003337,Customer 337,7269.69,USD,2026-09-07,INV-003337
txn_003338,Customer 338,7406.06,USD,2026-09-08,INV-003338
txn_003339,Customer 339,7543.43,USD,2026-09-09,INV-003339
txn_003340,Customer 340,7680.80,USD,2026-09-10,INV-003340
txn_003341,Customer 341,7817.17,USD,2026-09-11,INV-003341
txn_003342,Customer 342,7954.54,USD,2026-09-12,INV-003342
txn_003343,Customer 343,8091.91,USD,2026-09-13,INV-003343
txn_003344,Customer 344,8228.28,USD,2026-09-14,INV-003344
txn_003345,Customer 345,8365.65,USD,2026-09-15,INV-003345
txn_003346,Customer 346,8502.02,USD,2026-09-16,INV-003346
txn_003347,Customer 347,8639.39,USD,2026-09-17,INV-003347
txn_003348,Customer 348,8776.76,USD,2026-09-18,INV-003348
txn_003349,Customer 349,8913.13,USD,2026-09-19,INV-003349
txn_003350,Customer 350,9050.50,USD,2026-09-20,INV-003350
txn_003351,Customer 351,9187.87,USD,2026-09-21,INV-003351
txn_003352,Customer 352,9324.24,USD,2026-09-22,INV-003352
txn_003353,Customer 353,9461.61,USD,2026-09-23,INV-003353
txn_003354,Customer 354,9598.98,USD,2026-09-24,INV-003354
txn_003355,Customer 355,9735.35,USD,2026-09-25,INV-003355
txn_003356,Customer 356,9872.72,USD,2026-09-26,INV-003356
txn_003357,Customer 357,10009.09,USD,2026-09-27,INV-003357
txn_003358,Customer 358,10146.46,USD,2026-09-28,INV-003358
txn_003359,Customer 359,10283.83,USD,2026-09-29,INV-003359
txn_003360,Customer 360,10420.20,USD,2026-09-30,INV-003360
txn_003361,Customer 361,10557.57,USD,2026-09-01,INV-003361
txn_003362,Customer 362,10694.94,USD,2026-09-02,INV-003362
txn_003363,Customer 363,10831.31,USD,2026-09-03,INV-003363
txn_003364,Customer 364,10968.68,USD,2026-09-04,INV-003364
txn_003365,Customer 365,11105.05,USD,2026-09-05,INV-003365
txn_003366,Customer 366,11242.42,USD,2026-09-06,INV-003366
txn_003367,Customer 367,11379.79,USD,2026-09-07,INV-003367
txn_003368,Customer 368,11516.16,USD,2026-09-08,INV-003368
txn_003369,Customer 369,11653.53,USD,2026-09-09,INV-003369
txn_003370,Customer 370,11790.90,USD,2026-09-10,INV-003370
txn_003371,Customer 371,11927.27,USD,2026-09-11,INV-003371
txn_003372,Customer 372,12064.64,USD,2026-09-12,INV-003372
txn_003373,Customer 373,12201.01,USD,2026-09-13,INV-003373
txn_003374,Customer 374,12338.38,USD,2026-09-14,INV-003374
txn_003375,Customer 375,12475.75,USD,2026-09-15,INV-003375
txn_003376,Customer 376,12612.12,USD,2026-09-16,INV-003376
txn_003377,Customer 377,12749.49,USD,2026-09-17,INV-003377
txn_003378,Customer 378,12886.86,USD,2026-09-18,INV-003378
txn_003379,Customer 379,13023.23,USD,2026-09-19,INV-003379
txn_003380,Customer 380,13160.60,USD,2026-09-20,INV-003380
txn_003381,Customer 381,13297.97,USD,2026-09-21,INV-003381
txn_003382,Customer 382,13434.34,USD,2026-09-22,INV-003382
txn_003383,Customer 383,13571.71,USD,2026-09-23,INV-003383
txn_003384,Customer 384,13708.08,USD,2026-09-24,INV-003384
txn_003385,Customer 385,13845.45,USD,2026-09-25,INV-003385
txn_003386,Customer 386,13982.82,USD,2026-09-26,INV-003386
txn_003387,Customer 387,14119.19,USD,2026-09-27,INV-003387
txn_003388,Customer 388,14256.56,USD,2026-09-28,INV-003388
txn_003389,Customer 389,14393.93,USD,2026-09-29,INV-003389
txn_003390,Customer 390,14530.30,USD,2026-09-30,INV-003390
txn_003391,Customer 391,14667.67,USD,2026-09-01,INV-003391
txn_003392,Customer 392,14804.04,USD,2026-09-02,INV-003392
txn_003393,Customer 393,14941.41,USD,2026-09-03,INV-003393
txn_003394,Customer 394,15078.78,USD,2026-09-04,INV-003394
txn_003395,Customer 395,15215.15,USD,2026-09-05,INV-003395
txn_003396,Customer 396,15352.52,USD,2026-09-06,INV-003396
txn_003397,Customer 397,15489.89,USD,2026-09-07,INV-003397
txn_003398,Customer 398,15626.26,USD,2026-09-08,INV-003398
txn_003399,Customer 399,15763.63,USD,2026-09-09,INV-003399
txn_003400,Customer 400,15900.00,USD,2026-09-10,INV-003400
txn_003401,Customer 401,16037.37,USD,2026-09-11,INV-003401
txn_003402,Customer 402,16174.74,USD,2026-09-12,INV-003402
txn_003403,Customer 403,16311.11,USD,2026-09-13,INV-003403
txn_003404,Customer 404,16448.48,USD,2026-09-14,INV-003404
txn_003405,Customer 405,16585.85,USD,2026-09-15,INV-003405
txn_003406,Customer 406,16722.22,USD,2026-09-16,INV-003406
txn_003407,Customer 407,16859.59,USD,2026-09-17,INV-003407
txn_003408,Customer 408,16996.96,USD,2026-09-18,INV-003408
txn_003409,Customer 409,17133.33,USD,2026-09-19,INV-003409
txn_003410,Customer 410,17270.70,USD,2026-09-20,INV-003410
txn_003411,Customer 411,17407.07,USD,2026-09-21,INV-003411
txn_003412,Customer 412,17544.44,USD,2026-09-22,INV-003412
txn_003413,Customer 413,17681.81,USD,2026-09-23,INV-003413
txn_003414,Customer 414,17818.18,USD,2026-09-24,INV-003414
txn_003415,Customer 415,17955.55,USD,2026-09-25,INV-003415
txn_003416,Customer 416,18092.92,USD,2026-09-26,INV-003416
txn_003417,Customer 417,18229.29,USD,2026-09-27,INV-003417
txn_003418,Customer 418,18366.66,USD,2026-09-28,INV-003418
txn_003419,Customer 419,18503.03,USD,2026-09-29,INV-003419
txn_003420,Customer 420,18640.40,USD,2026-09-30,INV-003420
txn_003421,Customer 421,18777.77,USD,2026-09-01,INV-003421
txn_003422,Customer 422,18914.14,USD,2026-09-02,INV-003422
txn_003423,Customer 423,19051.51,USD,2026-09-03,INV-003423
txn_003424,Customer 424,19188.88,USD,2026-09-04,INV-003424
txn_003425,Customer 425,19325.25,USD,2026-09-05,INV-003425
txn_003426,Customer 426,19462.62,USD,2026-09-06,INV-003426
txn_003427,Customer 427,19599.99,USD,2026-09-07,INV-003427
txn_003428,Customer 428,19736.36,USD,2026-09-08,INV-003428
txn_003429,Customer 429,19873.73,USD,2026-09-09,INV-003429
txn_003430,Customer 430,20010.10,USD,2026-09-10,INV-003430
txn_003431,Customer 431,20147.47,USD,2026-09-11,INV-003431
txn_003432,Customer 432,20284.84,USD,2026-09-12,INV-003432
txn_003433,Customer 433,20421.21,USD,2026-09-13,INV-003433
txn_003434,Customer 434,20558.58,USD,2026-09-14,INV-003434
txn_003435,Customer 435,20695.95,USD,2026-09-15,INV-003435
txn_003436,Customer 436,20832.32,USD,2026-09-16,INV-003436
txn_003437,Customer 437,20969.69,USD,2026-09-17,INV-003437
txn_003438,Customer 438,21106.06,USD,2026-09-18,INV-003438
txn_003439,Customer 439,21243.43,USD,2026-09-19,INV-003439
txn_003440,Customer 440,21380.80,USD,2026-09-20,INV-003440
txn_003441,Customer 441,21517.17,USD,2026-09-21,INV-003441
txn_003442,Customer 442,21654.54,USD,2026-09-22,INV-003442
txn_003443,Customer 443,21791.91,USD,2026-09-23,INV-003443
txn_003444,Customer 444,21928.28,USD,2026-09-24,INV-003444
txn_003445,Customer 445,22065.65,USD,2026-09-25,INV-003445
txn_003446,Customer 446,22202.02,USD,2026-09-26,INV-003446
txn_003447,Customer 447,22339.39,USD,2026-09-27,INV-003447
txn_003448,Customer 448,22476.76,USD,2026-09-28,INV-003448
txn_003449,Customer 449,22613.13,USD,2026-09-29,INV-003449
txn_003450,Customer 450,22750.50,USD,2026-09-30,INV-003450
txn_003451,Customer 451,22887.87,USD,2026-09-01,INV-003451
txn_003452,Customer 452,23024.24,USD,2026-09-02,INV-003452
txn_003453,Customer 453,23161.61,USD,2026-09-03,INV-003453
txn_003454,Customer 454,23298.98,USD,2026-09-04,INV-003454
txn_003455,Customer 455,23435.35,USD,2026-09-05,INV-003455
txn_003456,Customer 456,23572.72,USD,2026-09-06,INV-003456
txn_003457,Customer 457,23709.09,USD,2026-09-07,INV-003457
txn_003458,Customer 458,23846.46,USD,2026-09-08,INV-003458
txn_003459,Customer 459,23983.83,USD,2026-09-09,INV-003459
txn_003460,Customer 460,24120.20,USD,2026-09-10,INV-003460
txn_003461,Customer 461,24257.57,USD,2026-09-11,INV-003461
txn_003462,Customer 462,24394.94,USD,2026-09-12,INV-003462
txn_003463,Customer 463,24531.31,USD,2026-09-13,INV-003463
txn_003464,Customer 464,24668.68,USD,2026-09-14,INV-003464
txn_003465,Customer 465,24805.05,USD,2026-09-15,INV-003465
txn_003466,Customer 466,24942.42,USD,2026-09-16,INV-003466
txn_003467,Customer 467,25079.79,USD,2026-09-17,INV-003467
txn_003468,Customer 468,216.16,USD,2026-09-18,INV-003468
txn_003469,Customer 469,353.53,USD,2026-09-19,INV-003469
txn_003470,Customer 470,490.90,USD,2026-09-20,INV-003470
txn_003471,Customer 471,627.27,USD,2026-09-21,INV-003471
txn_003472,Customer 472,764.64,USD,2026-09-22,INV-003472
txn_003473,Customer 473,901.01,USD,2026-09-23,INV-003473
txn_003474,Customer 474,1038.38,USD,2026-09-24,INV-003474
txn_003475,Customer 475,1175.75,USD,2026-09-25,INV-003475
txn_003476,Customer 476,1312.12,USD,2026-09-26,INV-003476
txn_003477,Customer 477,1449.49,USD,2026-09-27,INV-003477
txn_003478,Customer 478,1586.86,USD,2026-09-28,INV-003478
txn_003479,Customer 479,1723.23,USD,2026-09-29,INV-003479
txn_003480,Customer 480,1860.60,USD,2026-09-30,INV-003480
txn_003481,Customer 481,1997.97,USD,2026-09-01,INV-003481
txn_003482,Customer 482,2134.34,USD,2026-09-02,INV-003482
txn_003483,Customer 483,2271.71,USD,2026-09-03,INV-003483
txn_003484,Customer 484,2408.08,USD,2026-09-04,INV-003484
txn_003485,Customer 485,2545.45,USD,2026-09-05,INV-003485
txn_003486,Customer 486,2682.82,USD,2026-09-06,INV-003486
txn_003487,Customer 487,2819.19,USD,2026-09-07,INV-003487
txn_003488,Customer 488,2956.56,USD,2026-09-08,INV-003488
txn_003489,Customer 489,3093.93,USD,2026-09-09,INV-003489
txn_003490,Customer 490,3230.30,USD,2026-09-10,INV-003490
txn_003491,Customer 491,3367.67,USD,2026-09-11,INV-003491
txn_003492,Customer 492,3504.04,USD,2026-09-12,INV-003492
txn_003493,Customer 493,3641.41,USD,2026-09-13,INV-003493
txn_003494,Customer 494,3778.78,USD,2026-09-14,INV-003494
txn_003495,Customer 495,3915.15,USD,2026-09-15,INV-003495
txn_003496,Customer 496,4052.52,USD,2026-09-16,INV-003496
txn_003497,Customer 497,4189.89,USD,2026-09-17,INV-003497
txn_003498,Customer 498,4326.26,USD,2026-09-18,INV-003498
txn_003499,Customer 499,4463.63,USD,2026-09-19,INV-003499
txn_003500,Customer 500,4600.00,USD,2026-09-20,INV-003500
txn_003501,Customer 501,4737.37,USD,2026-09-21,INV-003501
txn_003502,Customer 502,4874.74,USD,2026-09-22,INV-003502
txn_003503,Customer 503,5011.11,USD,2026-09-23,INV-003503
txn_003504,Customer 504,5148.48,USD,2026-09-24,INV-003504
txn_003505,Customer 505,5285.85,USD,2026-09-25,INV-003505
txn_003506,Customer 506,5422.22,USD,2026-09-26,INV-003506
txn_003507,Customer 507,5559.59,USD,2026-09-27,INV-003507
txn_003508,Customer 508,5696.96,USD,2026-09-28,INV-003508
txn_003509,Customer 509,5833.33,USD,2026-09-29,INV-003509
txn_003510,Customer 510,5970.70,USD,2026-09-30,INV-003510
txn_003511,Customer 511,6107.07,USD,2026-09-01,INV-003511
txn_003512,Customer 512,6244.44,USD,2026-09-02,INV-003512
txn_003513,Customer 513,6381.81,USD,2026-09-03,INV-003513
txn_003514,Customer 514,6518.18,USD,2026-09-04,INV-003514
txn_003515,Customer 515,6655.55,USD,2026-09-05,INV-003515
txn_003516,Customer 516,6792.92,USD,2026-09-06,INV-003516
txn_003517,Customer 517,6929.29,USD,2026-09-07,INV-003517
txn_003518,Customer 518,7066.66,USD,2026-09-08,INV-003518
txn_003519,Customer 519,7203.03,USD,2026-09-09,INV-003519
txn_003520,Customer 520,7340.40,USD,2026-09-10,INV-003520
txn_003521,Customer 521,7477.77,USD,2026-09-11,INV-003521
txn_003522,Customer 522,7614.14,USD,2026-09-12,INV-003522
txn_003523,Customer 523,7751.51,USD,2026-09-13,INV-003523
txn_003524,Customer 524,7888.88,USD,2026-09-14,INV-003524
txn_003525,Customer 525,8025.25,USD,2026-09-15,INV-003525
txn_003526,Customer 526,8162.62,USD,2026-09-16,INV-003526
txn_003527,Customer 527,8299.99,USD,2026-09-17,INV-003527
txn_003528,Customer 528,8436.36,USD,2026-09-18,INV-003528
txn_003529,Customer 529,8573.73,USD,2026-09-19,INV-003529
txn_003530,Customer 530,8710.10,USD,2026-09-20,INV-003530
txn_003531,Customer 531,8847.47,USD,2026-09-21,INV-003531
txn_003532,Customer 532,8984.84,USD,2026-09-22,INV-003532
txn_003533,Customer 533,9121.21,USD,2026-09-23,INV-003533
txn_003534,Customer 534,9258.58,USD,2026-09-24,INV-003534
txn_003535,Customer 535,9395.95,USD,2026-09-25,INV-003535
txn_003536,Customer 536,9532.32,USD,2026-09-26,INV-003536
txn_003537,Customer 537,9669.69,USD,2026-09-27,INV-003537
txn_003538,Customer 538,9806.06,USD,2026-09-28,INV-003538
txn_003539,Customer 539,9943.43,USD,2026-09-29,INV-003539
txn_003540,Customer 540,10080.80,USD,2026-09-30,INV-003540
txn_003541,Customer 541,10217.17,USD,2026-09-01,INV-003541
txn_003542,Customer 542,10354.54,USD,2026-09-02,INV-003542
txn_003543,Customer 543,10491.91,USD,2026-09-03,INV-003543
txn_003544,Customer 544,10628.28,USD,2026-09-04,INV-003544
txn_003545,Customer 545,10765.65,USD,2026-09-05,INV-003545
txn_003546,Customer 546,10902.02,USD,2026-09-06,INV-003546
txn_003547,Customer 547,11039.39,USD,2026-09-07,INV-003547
txn_003548,Customer 548,11176.76,USD,2026-09-08,INV-003548
txn_003549,Customer 549,11313.13,USD,2026-09-09,INV-003549
txn_003550,Customer 550,11450.50,USD,2026-09-10,INV-003550
txn_003551,Customer 551,11587.87,USD,2026-09-11,INV-003551
txn_003552,Customer 552,11724.24,USD,2026-09-12,INV-003552
txn_003553,Customer 553,11861.61,USD,2026-09-13,INV-003553
txn_003554,Customer 554,11998.98,USD,2026-09-14,INV-003554
txn_003555,Customer 555,12135.35,USD,2026-09-15,INV-003555
txn_003556,Customer 556,12272.72,USD,2026-09-16,INV-003556
txn_003557,Customer 557,12409.09,USD,2026-09-17,INV-003557
txn_003558,Customer 558,12546.46,USD,2026-09-18,INV-003558
txn_003559,Customer 559,12683.83,USD,2026-09-19,INV-003559
txn_003560,Customer 560,12820.20,USD,2026-09-20,INV-003560
txn_003561,Customer 561,12957.57,USD,2026-09-21,INV-003561
txn_003562,Customer 562,13094.94,USD,2026-09-22,INV-003562
txn_003563,Customer 563,13231.31,USD,2026-09-23,INV-003563
txn_003564,Customer 564,13368.68,USD,2026-09-24,INV-003564
txn_003565,Customer 565,13505.05,USD,2026-09-25,INV-003565
txn_003566,Customer 566,13642.42,USD,2026-09-26,INV-003566
txn_003567,Customer 567,13779.79,USD,2026-09-27,INV-003567
txn_003568,Customer 568,13916.16,USD,2026-09-28,INV-003568
txn_003569,Customer 569,14053.53,USD,2026-09-29,INV-003569
txn_003570,Customer 570,14190.90,USD,2026-09-30,INV-003570
txn_003571,Customer 571,14327.27,USD,2026-09-01,INV-003571
txn_003572,Customer 572,14464.64,USD,2026-09-02,INV-003572
txn_003573,Customer 573,14601.01,USD,2026-09-03,INV-003573
txn_003574,Customer 574,14738.38,USD,2026-09-04,INV-003574
txn_003575,Customer 575,14875.75,USD,2026-09-05,INV-003575
txn_003576,Customer 576,15012.12,USD,2026-09-06,INV-003576
txn_003577,Customer 577,15149.49,USD,2026-09-07,INV-003577
txn_003578,Customer 578,15286.86,USD,2026-09-08,INV-003578
txn_003579,Customer 579,15423.23,USD,2026-09-09,INV-003579
txn_003580,Customer 580,15560.60,USD,2026-09-10,INV-003580
txn_003581,Customer 581,15697.97,USD,2026-09-11,INV-003581
txn_003582,Customer 582,15834.34,USD,2026-09-12,INV-003582
txn_003583,Customer 583,15971.71,USD,2026-09-13,INV-003583
txn_003584,Customer 584,16108.08,USD,2026-09-14,INV-003584
txn_003585,Customer 585,16245.45,USD,2026-09-15,INV-003585
txn_003586,Customer 586,16382.82,USD,2026-09-16,INV-003586
txn_003587,Customer 587,16519.19,USD,2026-09-17,INV-003587
txn_003588,Customer 588,16656.56,USD,2026-09-18,INV-003588
txn_003589,Customer 589,16793.93,USD,2026-09-19,INV-003589
txn_003590,Customer 590,16930.30,USD,2026-09-20,INV-003590
txn_003591,Customer 591,17067.67,USD,2026-09-21,INV-003591
txn_003592,Customer 592,17204.04,USD,2026-09-22,INV-003592
txn_003593,Customer 593,17341.41,USD,2026-09-23,INV-003593
txn_003594,Customer 594,17478.78,USD,2026-09-24,INV-003594
txn_003595,Customer 595,17615.15,USD,2026-09-25,INV-003595
txn_003596,Customer 596,17752.52,USD,2026-09-26,INV-003596
txn_003597,Customer 597,17889.89,USD,2026-09-27,INV-003597
txn_003598,Customer 598,18026.26,USD,2026-09-28,INV-003598
txn_003599,Customer 599,18163.63,USD,2026-09-29,INV-003599
txn_003600,Customer 600,18300.00,USD,2026-09-30,INV-003600
txn_003601,Customer 601,18437.37,USD,2026-09-01,INV-003601
txn_003602,Customer 602,18574.74,USD,2026-09-02,INV-003602
txn_003603,Customer 603,18711.11,USD,2026-09-03,INV-003603
txn_003604,Customer 604,18848.48,USD,2026-09-04,INV-003604
txn_003605,Customer 605,18985.85,USD,2026-09-05,INV-003605
txn_003606,Customer 606,19122.22,USD,2026-09-06,INV-003606
txn_003607,Customer 607,19259.59,USD,2026-09-07,INV-003607
txn_003608,Customer 608,19396.96,USD,2026-09-08,INV-003608
txn_003609,Customer 609,19533.33,USD,2026-09-09,INV-003609
txn_003610,Customer 610,19670.70,USD,2026-09-10,INV-003610
txn_003611,Customer 611,19807.07,USD,2026-09-11,INV-003611
txn_003612,Customer 612,19944.44,USD,2026-09-12,INV-003612
txn_003613,Customer 613,20081.81,USD,2026-09-13,INV-003613
txn_003614,Customer 614,20218.18,USD,2026-09-14,INV-003614
txn_003615,Customer 615,20355.55,USD,2026-09-15,INV-003615
txn_003616,Customer 616,20492.92,USD,2026-09-16,INV-003616
txn_003617,Customer 617,20629.29,USD,2026-09-17,INV-003617
txn_003618,Customer 618,20766.66,USD,2026-09-18,INV-003618
txn_003619,Customer 619,20903.03,USD,2026-09-19,INV-003619
txn_003620,Customer 620,21040.40,USD,2026-09-20,INV-003620
txn_003621,Customer 621,21177.77,USD,2026-09-21,INV-003621
txn_003622,Customer 622,21314.14,USD,2026-09-22,INV-003622
txn_003623,Customer 623,21451.51,USD,2026-09-23,INV-003623
txn_003624,Customer 624,21588.88,USD,2026-09-24,INV-003624
txn_003625,Customer 625,21725.25,USD,2026-09-25,INV-003625
txn_003626,Customer 626,21862.62,USD,2026-09-26,INV-003626
txn_003627,Customer 627,21999.99,USD,2026-09-27,INV-003627
txn_003628,Customer 628,22136.36,USD,2026-09-28,INV-003628
txn_003629,Customer 629,22273.73,USD,2026-09-29,INV-003629
txn_003630,Customer 630,22410.10,USD,2026-09-30,INV-003630
txn_003631,Customer 631,22547.47,USD,2026-09-01,INV-003631
txn_003632,Customer 632,22684.84,USD,2026-09-02,INV-003632
txn_003633,Customer 633,22821.21,USD,2026-09-03,INV-003633
txn_003634,Customer 634,22958.58,USD,2026-09-04,INV-003634
txn_003635,Customer 635,23095.95,USD,2026-09-05,INV-003635
txn_003636,Customer 636,23232.32,USD,2026-09-06,INV-003636
txn_003637,Customer 637,23369.69,USD,2026-09-07,INV-003637
txn_003638,Customer 638,23506.06,USD,2026-09-08,INV-003638
txn_003639,Customer 639,23643.43,USD,2026-09-09,INV-003639
txn_003640,Customer 640,23780.80,USD,2026-09-10,INV-003640
txn_003641,Customer 641,23917.17,USD,2026-09-11,INV-003641
txn_003642,Customer 642,24054.54,USD,2026-09-12,INV-003642
txn_003643,Customer 643,24191.91,USD,2026-09-13,INV-003643
txn_003644,Customer 644,24328.28,USD,2026-09-14,INV-003644
txn_003645,Customer 645,24465.65,USD,2026-09-15,INV-003645
txn_003646,Customer 646,24602.02,USD,2026-09-16,INV-003646
txn_003647,Customer 647,24739.39,USD,2026-09-17,INV-003647
txn_003648,Customer 648,24876.76,USD,2026-09-18,INV-003648
txn_003649,Customer 649,25013.13,USD,2026-09-19,INV-003649
txn_003650,Customer 650,150.50,USD,2026-09-20,INV-003650
txn_003651,Customer 651,287.87,USD,2026-09-21,INV-003651
txn_003652,Customer 652,424.24,USD,2026-09-22,INV-003652
txn_003653,Customer 653,561.61,USD,2026-09-23,INV-003653
txn_003654,Customer 654,698.98,USD,2026-09-24,INV-003654
txn_003655,Customer 655,835.35,USD,2026-09-25,INV-003655
txn_003656,Customer 656,972.72,USD,2026-09-26,INV-003656
txn_003657,Customer 657,1109.09,USD,2026-09-27,INV-003657
txn_003658,Customer 658,1246.46,USD,2026-09-28,INV-003658
txn_003659,Customer 659,1383.83,USD,2026-09-29,INV-003659
txn_003660,Customer 660,1520.20,USD,2026-09-30,INV-003660
txn_003661,Customer 661,1657.57,USD,2026-09-01,INV-003661
txn_003662,Customer 662,1794.94,USD,2026-09-02,INV-003662
txn_003663,Customer 663,1931.31,USD,2026-09-03,INV-003663
txn_003664,Customer 664,2068.68,USD,2026-09-04,INV-003664
txn_003665,Customer 665,2205.05,USD,2026-09-05,INV-003665
txn_003666,Customer 666,2342.42,USD,2026-09-06,INV-003666
txn_003667,Customer 667,2479.79,USD,2026-09-07,INV-003667
txn_003668,Customer 668,2616.16,USD,2026-09-08,INV-003668
txn_003669,Customer 669,2753.53,USD,2026-09-09,INV-003669
txn_003670,Customer 670,2890.90,USD,2026-09-10,INV-003670
txn_003671,Customer 671,3027.27,USD,2026-09-11,INV-003671
txn_003672,Customer 672,3164.64,USD,2026-09-12,INV-003672
txn_003673,Customer 673,3301.01,USD,2026-09-13,INV-003673
txn_003674,Customer 674,3438.38,USD,2026-09-14,INV-003674
txn_003675,Customer 675,3575.75,USD,2026-09-15,INV-003675
txn_003676,Customer 676,3712.12,USD,2026-09-16,INV-003676
txn_003677,Customer 677,3849.49,USD,2026-09-17,INV-003677
txn_003678,Customer 678,3986.86,USD,2026-09-18,INV-003678
txn_003679,Customer 679,4123.23,USD,2026-09-19,INV-003679
txn_003680,Customer 680,4260.60,USD,2026-09-20,INV-003680
txn_003681,Customer 681,4397.97,USD,2026-09-21,INV-003681
txn_003682,Customer 682,4534.34,USD,2026-09-22,INV-003682
txn_003683,Customer 683,4671.71,USD,2026-09-23,INV-003683
txn_003684,Customer 684,4808.08,USD,2026-09-24,INV-003684
txn_003685,Customer 685,4945.45,USD,2026-09-25,INV-003685
txn_003686,Customer 686,5082.82,USD,2026-09-26,INV-003686
txn_003687,Customer 687,5219.19,USD,2026-09-27,INV-003687
txn_003688,Customer 688,5356.56,USD,2026-09-28,INV-003688
txn_003689,Customer 689,5493.93,USD,2026-09-29,INV-003689
txn_003690,Customer 690,5630.30,USD,2026-09-30,INV-003690
txn_003691,Customer 691,5767.67,USD,2026-09-01,INV-003691
txn_003692,Customer 692,5904.04,USD,2026-09-02,INV-003692
txn_003693,Customer 693,6041.41,USD,2026-09-03,INV-003693
txn_003694,Customer 694,6178.78,USD,2026-09-04,INV-003694
txn_003695,Customer 695,6315.15,USD,2026-09-05,INV-003695
txn_003696,Customer 696,6452.52,USD,2026-09-06,INV-003696
txn_003697,Customer 697,6589.89,USD,2026-09-07,INV-003697
txn_003698,Customer 698,6726.26,USD,2026-09-08,INV-003698
txn_003699,Customer 699,6863.63,USD,2026-09-09,INV-003699
txn_003700,Customer 700,7000.00,USD,2026-09-10,INV-003700
txn_003701,Customer 701,7137.37,USD,2026-09-11,INV-003701
txn_003702,Customer 702,7274.74,USD,2026-09-12,INV-003702
txn_003703,Customer 703,7411.11,USD,2026-09-13,INV-003703
txn_003704,Customer 704,7548.48,USD,2026-09-14,INV-003704
txn_003705,Customer 705,7685.85,USD,2026-09-15,INV-003705
txn_003706,Customer 706,7822.22,USD,2026-09-16,INV-003706
txn_003707,Customer 707,7959.59,USD,2026-09-17,INV-003707
txn_003708,Customer 708,8096.96,USD,2026-09-18,INV-003708
txn_003709,Customer 709,8233.33,USD,2026-09-19,INV-003709
txn_003710,Customer 710,8370.70,USD,2026-09-20,INV-003710
txn_003711,Customer 711,8507.07,USD,2026-09-21,INV-003711
txn_003712,Customer 712,8644.44,USD,2026-09-22,INV-003712
txn_003713,Customer 713,8781.81,USD,2026-09-23,INV-003713
txn_003714,Customer 714,8918.18,USD,2026-09-24,INV-003714
txn_003715,Customer 715,9055.55,USD,2026-09-25,INV-003715
txn_003716,Customer 716,9192.92,USD,2026-09-26,INV-003716
txn_003717,Customer 717,9329.29,USD,2026-09-27,INV-003717
txn_003718,Customer 718,9466.66,USD,2026-09-28,INV-003718
txn_003719,Customer 719,9603.03,USD,2026-09-29,INV-003719
txn_003720,Customer 720,9740.40,USD,2026-09-30,INV-003720
txn_003721,Customer 721,9877.77,USD,2026-09-01,INV-003721
txn_003722,Customer 722,10014.14,USD,2026-09-02,INV-003722
txn_003723,Customer 723,10151.51,USD,2026-09-03,INV-003723
txn_003724,Customer 724,10288.88,USD,2026-09-04,INV-003724
txn_003725,Customer 725,10425.25,USD,2026-09-05,INV-003725
txn_003726,Customer 726,10562.62,USD,2026-09-06,INV-003726
txn_003727,Customer 727,10699.99,USD,2026-09-07,INV-003727
txn_003728,Customer 728,10836.36,USD,2026-09-08,INV-003728
txn_003729,Customer 729,10973.73,USD,2026-09-09,INV-003729
txn_003730,Customer 730,11110.10,USD,2026-09-10,INV-003730
txn_003731,Customer 731,11247.47,USD,2026-09-11,INV-003731
txn_003732,Customer 732,11384.84,USD,2026-09-12,INV-003732
txn_003733,Customer 733,11521.21,USD,2026-09-13,INV-003733
txn_003734,Customer 734,11658.58,USD,2026-09-14,INV-003734
txn_003735,Customer 735,11795.95,USD,2026-09-15,INV-003735
txn_003736,Customer 736,11932.32,USD,2026-09-16,INV-003736
txn_003737,Customer 737,12069.69,USD,2026-09-17,INV-003737
txn_003738,Customer 738,12206.06,USD,2026-09-18,INV-003738
txn_003739,Customer 739,12343.43,USD,2026-09-19,INV-003739
txn_003740,Customer 740,12480.80,USD,2026-09-20,INV-003740
txn_003741,Customer 741,12617.17,USD,2026-09-21,INV-003741
txn_003742,Customer 742,12754.54,USD,2026-09-22,INV-003742
txn_003743,Customer 743,12891.91,USD,2026-09-23,INV-003743
txn_003744,Customer 744,13028.28,USD,2026-09-24,INV-003744
txn_003745,Customer 745,13165.65,USD,2026-09-25,INV-003745
txn_003746,Customer 746,13302.02,USD,2026-09-26,INV-003746
txn_003747,Customer 747,13439.39,USD,2026-09-27,INV-003747
txn_003748,Customer 748,13576.76,USD,2026-09-28,INV-003748
txn_003749,Customer 749,13713.13,USD,2026-09-29,INV-003749
txn_003750,Customer 750,13850.50,USD,2026-09-30,INV-003750
txn_003751,Customer 001,13987.87,USD,2026-09-01,INV-003751
txn_003752,Customer 002,14124.24,USD,2026-09-02,INV-003752
txn_003753,Customer 003,14261.61,USD,2026-09-03,INV-003753
txn_003754,Customer 004,14398.98,USD,2026-09-04,INV-003754
txn_003755,Customer 005,14535.35,USD,2026-09-05,INV-003755
txn_003756,Customer 006,14672.72,USD,2026-09-06,INV-003756
txn_003757,Customer 007,14809.09,USD,2026-09-07,INV-003757
txn_003758,Customer 008,14946.46,USD,2026-09-08,INV-003758
txn_003759,Customer 009,15083.83,USD,2026-09-09,INV-003759
txn_003760,Customer 010,15220.20,USD,2026-09-10,INV-003760
txn_003761,Customer 011,15357.57,USD,2026-09-11,INV-003761
txn_003762,Customer 012,15494.94,USD,2026-09-12,INV-003762
txn_003763,Customer 013,15631.31,USD,2026-09-13,INV-003763
txn_003764,Customer 014,15768.68,USD,2026-09-14,INV-003764
txn_003765,Customer 015,15905.05,USD,2026-09-15,INV-003765
txn_003766,Customer 016,16042.42,USD,2026-09-16,INV-003766
txn_003767,Customer 017,16179.79,USD,2026-09-17,INV-003767
txn_003768,Customer 018,16316.16,USD,2026-09-18,INV-003768
txn_003769,Customer 019,16453.53,USD,2026-09-19,INV-003769
txn_003770,Customer 020,16590.90,USD,2026-09-20,INV-003770
txn_003771,Customer 021,16727.27,USD,2026-09-21,INV-003771
txn_003772,Customer 022,16864.64,USD,2026-09-22,INV-003772
txn_003773,Customer 023,17001.01,USD,2026-09-23,INV-003773
txn_003774,Customer 024,17138.38,USD,2026-09-24,INV-003774
txn_003775,Customer 025,17275.75,USD,2026-09-25,INV-003775
txn_003776,Customer 026,17412.12,USD,2026-09-26,INV-003776
txn_003777,Customer 027,17549.49,USD,2026-09-27,INV-003777
txn_003778,Customer 028,17686.86,USD,2026-09-28,INV-003778
txn_003779,Customer 029,17823.23,USD,2026-09-29,INV-003779
txn_003780,Customer 030,17960.60,USD,2026-09-30,INV-003780
txn_003781,Customer 031,18097.97,USD,2026-09-01,INV-003781
txn_003782,Customer 032,18234.34,USD,2026-09-02,INV-003782
txn_003783,Customer 033,18371.71,USD,2026-09-03,INV-003783
txn_003784,Customer 034,18508.08,USD,2026-09-04,INV-003784
txn_003785,Customer 035,18645.45,USD,2026-09-05,INV-003785
txn_003786,Customer 036,18782.82,USD,2026-09-06,INV-003786
txn_003787,Customer 037,18919.19,USD,2026-09-07,INV-003787
txn_003788,Customer 038,19056.56,USD,2026-09-08,INV-003788
txn_003789,Customer 039,19193.93,USD,2026-09-09,INV-003789
txn_003790,Customer 040,19330.30,USD,2026-09-10,INV-003790
txn_003791,Customer 041,19467.67,USD,2026-09-11,INV-003791
txn_003792,Customer 042,19604.04,USD,2026-09-12,INV-003792
txn_003793,Customer 043,19741.41,USD,2026-09-13,INV-003793
txn_003794,Customer 044,19878.78,USD,2026-09-14,INV-003794
txn_003795,Customer 045,20015.15,USD,2026-09-15,INV-003795
txn_003796,Customer 046,20152.52,USD,2026-09-16,INV-003796
txn_003797,Customer 047,20289.89,USD,2026-09-17,INV-003797
txn_003798,Customer 048,20426.26,USD,2026-09-18,INV-003798
txn_003799,Customer 049,20563.63,USD,2026-09-19,INV-003799
txn_003800,Customer 050,20700.00,USD,2026-09-20,INV-003800
txn_003801,Customer 051,20837.37,USD,2026-09-21,INV-003801
txn_003802,Customer 052,20974.74,USD,2026-09-22,INV-003802
txn_003803,Customer 053,21111.11,USD,2026-09-23,INV-003803
txn_003804,Customer 054,21248.48,USD,2026-09-24,INV-003804
txn_003805,Customer 055,21385.85,USD,2026-09-25,INV-003805
txn_003806,Customer 056,21522.22,USD,2026-09-26,INV-003806
txn_003807,Customer 057,21659.59,USD,2026-09-27,INV-003807
txn_003808,Customer 058,21796.96,USD,2026-09-28,INV-003808
txn_003809,Customer 059,21933.33,USD,2026-09-29,INV-003809
txn_003810,Customer 060,22070.70,USD,2026-09-30,INV-003810
txn_003811,Customer 061,22207.07,USD,2026-09-01,INV-003811
txn_003812,Customer 062,22344.44,USD,2026-09-02,INV-003812
txn_003813,Customer 063,22481.81,USD,2026-09-03,INV-003813
txn_003814,Customer 064,22618.18,USD,2026-09-04,INV-003814
txn_003815,Customer 065,22755.55,USD,2026-09-05,INV-003815
txn_003816,Customer 066,22892.92,USD,2026-09-06,INV-003816
txn_003817,Customer 067,23029.29,USD,2026-09-07,INV-003817
txn_003818,Customer 068,23166.66,USD,2026-09-08,INV-003818
txn_003819,Customer 069,23303.03,USD,2026-09-09,INV-003819
txn_003820,Customer 070,23440.40,USD,2026-09-10,INV-003820
txn_003821,Customer 071,23577.77,USD,2026-09-11,INV-003821
txn_003822,Customer 072,23714.14,USD,2026-09-12,INV-003822
txn_003823,Customer 073,23851.51,USD,2026-09-13,INV-003823
txn_003824,Customer 074,23988.88,USD,2026-09-14,INV-003824
txn_003825,Customer 075,24125.25,USD,2026-09-15,INV-003825
txn_003826,Customer 076,24262.62,USD,2026-09-16,INV-003826
txn_003827,Customer 077,24399.99,USD,2026-09-17,INV-003827
txn_003828,Customer 078,24536.36,USD,2026-09-18,INV-003828
txn_003829,Customer 079,24673.73,USD,2026-09-19,INV-003829
txn_003830,Customer 080,24810.10,USD,2026-09-20,INV-003830
txn_003831,Customer 081,24947.47,USD,2026-09-21,INV-003831
txn_003832,Customer 082,25084.84,USD,2026-09-22,INV-003832
txn_003833,Customer 083,221.21,USD,2026-09-23,INV-003833
txn_003834,Customer 084,358.58,USD,2026-09-24,INV-003834
txn_003835,Customer 085,495.95,USD,2026-09-25,INV-003835
txn_003836,Customer 086,632.32,USD,2026-09-26,INV-003836
txn_003837,Customer 087,769.69,USD,2026-09-27,INV-003837
txn_003838,Customer 088,906.06,USD,2026-09-28,INV-003838
txn_003839,Customer 089,1043.43,USD,2026-09-29,INV-003839
txn_003840,Customer 090,1180.80,USD,2026-09-30,INV-003840
txn_003841,Customer 091,1317.17,USD,2026-09-01,INV-003841
txn_003842,Customer 092,1454.54,USD,2026-09-02,INV-003842
txn_003843,Customer 093,1591.91,USD,2026-09-03,INV-003843
txn_003844,Customer 094,1728.28,USD,2026-09-04,INV-003844
txn_003845,Customer 095,1865.65,USD,2026-09-05,INV-003845
txn_003846,Customer 096,2002.02,USD,2026-09-06,INV-003846
txn_003847,Customer 097,2139.39,USD,2026-09-07,INV-003847
txn_003848,Customer 098,2276.76,USD,2026-09-08,INV-003848
txn_003849,Customer 099,2413.13,USD,2026-09-09,INV-003849
txn_003850,Customer 100,2550.50,USD,2026-09-10,INV-003850
txn_003851,Customer 101,2687.87,USD,2026-09-11,INV-003851
txn_003852,Customer 102,2824.24,USD,2026-09-12,INV-003852
txn_003853,Customer 103,2961.61,USD,2026-09-13,INV-003853
txn_003854,Customer 104,3098.98,USD,2026-09-14,INV-003854
txn_003855,Customer 105,3235.35,USD,2026-09-15,INV-003855
txn_003856,Customer 106,3372.72,USD,2026-09-16,INV-003856
txn_003857,Customer 107,3509.09,USD,2026-09-17,INV-003857
txn_003858,Customer 108,3646.46,USD,2026-09-18,INV-003858
txn_003859,Customer 109,3783.83,USD,2026-09-19,INV-003859
txn_003860,Customer 110,3920.20,USD,2026-09-20,INV-003860
txn_003861,Customer 111,4057.57,USD,2026-09-21,INV-003861
txn_003862,Customer 112,4194.94,USD,2026-09-22,INV-003862
txn_003863,Customer 113,4331.31,USD,2026-09-23,INV-003863
txn_003864,Customer 114,4468.68,USD,2026-09-24,INV-003864
txn_003865,Customer 115,4605.05,USD,2026-09-25,INV-003865
txn_003866,Customer 116,4742.42,USD,2026-09-26,INV-003866
txn_003867,Customer 117,4879.79,USD,2026-09-27,INV-003867
txn_003868,Customer 118,5016.16,USD,2026-09-28,INV-003868
txn_003869,Customer 119,5153.53,USD,2026-09-29,INV-003869
txn_003870,Customer 120,5290.90,USD,2026-09-30,INV-003870
txn_003871,Customer 121,5427.27,USD,2026-09-01,INV-003871
txn_003872,Customer 122,5564.64,USD,2026-09-02,INV-003872
txn_003873,Customer 123,5701.01,USD,2026-09-03,INV-003873
txn_003874,Customer 124,5838.38,USD,2026-09-04,INV-003874
txn_003875,Customer 125,5975.75,USD,2026-09-05,INV-003875
txn_003876,Customer 126,6112.12,USD,2026-09-06,INV-003876
txn_003877,Customer 127,6249.49,USD,2026-09-07,INV-003877
txn_003878,Customer 128,6386.86,USD,2026-09-08,INV-003878
txn_003879,Customer 129,6523.23,USD,2026-09-09,INV-003879
txn_003880,Customer 130,6660.60,USD,2026-09-10,INV-003880
txn_003881,Customer 131,6797.97,USD,2026-09-11,INV-003881
txn_003882,Customer 132,6934.34,USD,2026-09-12,INV-003882
txn_003883,Customer 133,7071.71,USD,2026-09-13,INV-003883
txn_003884,Customer 134,7208.08,USD,2026-09-14,INV-003884
txn_003885,Customer 135,7345.45,USD,2026-09-15,INV-003885
txn_003886,Customer 136,7482.82,USD,2026-09-16,INV-003886
txn_003887,Customer 137,7619.19,USD,2026-09-17,INV-003887
txn_003888,Customer 138,7756.56,USD,2026-09-18,INV-003888
txn_003889,Customer 139,7893.93,USD,2026-09-19,INV-003889
txn_003890,Customer 140,8030.30,USD,2026-09-20,INV-003890
txn_003891,Customer 141,8167.67,USD,2026-09-21,INV-003891
txn_003892,Customer 142,8304.04,USD,2026-09-22,INV-003892
txn_003893,Customer 143,8441.41,USD,2026-09-23,INV-003893
txn_003894,Customer 144,8578.78,USD,2026-09-24,INV-003894
txn_003895,Customer 145,8715.15,USD,2026-09-25,INV-003895
txn_003896,Customer 146,8852.52,USD,2026-09-26,INV-003896
txn_003897,Customer 147,8989.89,USD,2026-09-27,INV-003897
txn_003898,Customer 148,9126.26,USD,2026-09-28,INV-003898
txn_003899,Customer 149,9263.63,USD,2026-09-29,INV-003899
txn_003900,Customer 150,9400.00,USD,2026-09-30,INV-003900
txn_003901,Customer 151,9537.37,USD,2026-09-01,INV-003901
txn_003902,Customer 152,9674.74,USD,2026-09-02,INV-003902
txn_003903,Customer 153,9811.11,USD,2026-09-03,INV-003903
txn_003904,Customer 154,9948.48,USD,2026-09-04,INV-003904
txn_003905,Customer 155,10085.85,USD,2026-09-05,INV-003905
txn_003906,Customer 156,10222.22,USD,2026-09-06,INV-003906
txn_003907,Customer 157,10359.59,USD,2026-09-07,INV-003907
txn_003908,Customer 158,10496.96,USD,2026-09-08,INV-003908
txn_003909,Customer 159,10633.33,USD,2026-09-09,INV-003909
txn_003910,Customer 160,10770.70,USD,2026-09-10,INV-003910
txn_003911,Customer 161,10907.07,USD,2026-09-11,INV-003911
txn_003912,Customer 162,11044.44,USD,2026-09-12,INV-003912
txn_003913,Customer 163,11181.81,USD,2026-09-13,INV-003913
txn_003914,Customer 164,11318.18,USD,2026-09-14,INV-003914
txn_003915,Customer 165,11455.55,USD,2026-09-15,INV-003915
txn_003916,Customer 166,11592.92,USD,2026-09-16,INV-003916
txn_003917,Customer 167,11729.29,USD,2026-09-17,INV-003917
txn_003918,Customer 168,11866.66,USD,2026-09-18,INV-003918
txn_003919,Customer 169,12003.03,USD,2026-09-19,INV-003919
txn_003920,Customer 170,12140.40,USD,2026-09-20,INV-003920
txn_003921,Customer 171,12277.77,USD,2026-09-21,INV-003921
txn_003922,Customer 172,12414.14,USD,2026-09-22,INV-003922
txn_003923,Customer 173,12551.51,USD,2026-09-23,INV-003923
txn_003924,Customer 174,12688.88,USD,2026-09-24,INV-003924
txn_003925,Customer 175,12825.25,USD,2026-09-25,INV-003925
txn_003926,Customer 176,12962.62,USD,2026-09-26,INV-003926
txn_003927,Customer 177,13099.99,USD,2026-09-27,INV-003927
txn_003928,Customer 178,13236.36,USD,2026-09-28,INV-003928
txn_003929,Customer 179,13373.73,USD,2026-09-29,INV-003929
txn_003930,Customer 180,13510.10,USD,2026-09-30,INV-003930
txn_003931,Customer 181,13647.47,USD,2026-09-01,INV-003931
txn_003932,Customer 182,13784.84,USD,2026-09-02,INV-003932
txn_003933,Customer 183,13921.21,USD,2026-09-03,INV-003933
txn_003934,Customer 184,14058.58,USD,2026-09-04,INV-003934
txn_003935,Customer 185,14195.95,USD,2026-09-05,INV-003935
txn_003936,Customer 186,14332.32,USD,2026-09-06,INV-003936
txn_003937,Customer 187,14469.69,USD,2026-09-07,INV-003937
txn_003938,Customer 188,14606.06,USD,2026-09-08,INV-003938
txn_003939,Customer 189,14743.43,USD,2026-09-09,INV-003939
txn_003940,Customer 190,14880.80,USD,2026-09-10,INV-003940
txn_003941,Customer 191,15017.17,USD,2026-09-11,INV-003941
txn_003942,Customer 192,15154.54,USD,2026-09-12,INV-003942
txn_003943,Customer 193,15291.91,USD,2026-09-13,INV-003943
txn_003944,Customer 194,15428.28,USD,2026-09-14,INV-003944
txn_003945,Customer 195,15565.65,USD,2026-09-15,INV-003945
txn_003946,Customer 196,15702.02,USD,2026-09-16,INV-003946
txn_003947,Customer 197,15839.39,USD,2026-09-17,INV-003947
txn_003948,Customer 198,15976.76,USD,2026-09-18,INV-003948
txn_003949,Customer 199,16113.13,USD,2026-09-19,INV-003949
txn_003950,Customer 200,16250.50,USD,2026-09-20,INV-003950
txn_003951,Customer 201,16387.87,USD,2026-09-21,INV-003951
txn_003952,Customer 202,16524.24,USD,2026-09-22,INV-003952
txn_003953,Customer 203,16661.61,USD,2026-09-23,INV-003953
txn_003954,Customer 204,16798.98,USD,2026-09-24,INV-003954
txn_003955,Customer 205,16935.35,USD,2026-09-25,INV-003955
txn_003956,Customer 206,17072.72,USD,2026-09-26,INV-003956
txn_003957,Customer 207,17209.09,USD,2026-09-27,INV-003957
txn_003958,Customer 208,17346.46,USD,2026-09-28,INV-003958
txn_003959,Customer 209,17483.83,USD,2026-09-29,INV-003959
txn_003960,Customer 210,17620.20,USD,2026-09-30,INV-003960
txn_003961,Customer 211,17757.57,USD,2026-09-01,INV-003961
txn_003962,Customer 212,17894.94,USD,2026-09-02,INV-003962
txn_003963,Customer 213,18031.31,USD,2026-09-03,INV-003963
txn_003964,Customer 214,18168.68,USD,2026-09-04,INV-003964
txn_003965,Customer 215,18305.05,USD,2026-09-05,INV-003965
txn_003966,Customer 216,18442.42,USD,2026-09-06,INV-003966
txn_003967,Customer 217,18579.79,USD,2026-09-07,INV-003967
txn_003968,Customer 218,18716.16,USD,2026-09-08,INV-003968
txn_003969,Customer 219,18853.53,USD,2026-09-09,INV-003969
txn_003970,Customer 220,18990.90,USD,2026-09-10,INV-003970
txn_003971,Customer 221,19127.27,USD,2026-09-11,INV-003971
txn_003972,Customer 222,19264.64,USD,2026-09-12,INV-003972
txn_003973,Customer 223,19401.01,USD,2026-09-13,INV-003973
txn_003974,Customer 224,19538.38,USD,2026-09-14,INV-003974
txn_003975,Customer 225,19675.75,USD,2026-09-15,INV-003975
txn_003976,Customer 226,19812.12,USD,2026-09-16,INV-003976
txn_003977,Customer 227,19949.49,USD,2026-09-17,INV-003977
txn_003978,Customer 228,20086.86,USD,2026-09-18,INV-003978
txn_003979,Customer 229,20223.23,USD,2026-09-19,INV-003979
txn_003980,Customer 230,20360.60,USD,2026-09-20,INV-003980
txn_003981,Customer 231,20497.97,USD,2026-09-21,INV-003981
txn_003982,Customer 232,20634.34,USD,2026-09-22,INV-003982
txn_003983,Customer 233,20771.71,USD,2026-09-23,INV-003983
txn_003984,Customer 234,20908.08,USD,2026-09-24,INV-003984
txn_003985,Customer 235,21045.45,USD,2026-09-25,INV-003985
txn_003986,Customer 236,21182.82,USD,2026-09-26,INV-003986
txn_003987,Customer 237,21319.19,USD,2026-09-27,INV-003987
txn_003988,Customer 238,21456.56,USD,2026-09-28,INV-003988
txn_003989,Customer 239,21593.93,USD,2026-09-29,INV-003989
txn_003990,Customer 240,21730.30,USD,2026-09-30,INV-003990
txn_003991,Customer 241,21867.67,USD,2026-09-01,INV-003991
txn_003992,Customer 242,22004.04,USD,2026-09-02,INV-003992
txn_003993,Customer 243,22141.41,USD,2026-09-03,INV-003993
txn_003994,Customer 244,22278.78,USD,2026-09-04,INV-003994
txn_003995,Customer 245,22415.15,USD,2026-09-05,INV-003995
txn_003996,Customer 246,22552.52,USD,2026-09-06,INV-003996
txn_003997,Customer 247,22689.89,USD,2026-09-07,INV-003997
txn_003998,Customer 248,22826.26,USD,2026-09-08,INV-003998
txn_003999,Customer 249,22963.63,USD,2026-09-09,INV-003999
txn_004000,Customer 250,23100.00,USD,2026-09-10,INV-004000
txn_004001,Customer 251,23237.37,USD,2026-09-11,INV-004001
txn_004002,Customer 252,23374.74,USD,2026-09-12,INV-004002
txn_004003,Customer 253,23511.11,USD,2026-09-13,INV-004003
txn_004004,Customer 254,23648.48,USD,2026-09-14,INV-004004
txn_004005,Customer 255,23785.85,USD,2026-09-15,INV-004005
txn_004006,Customer 256,23922.22,USD,2026-09-16,INV-004006
txn_004007,Customer 257,24059.59,USD,2026-09-17,INV-004007
txn_004008,Customer 258,24196.96,USD,2026-09-18,INV-004008
txn_004009,Customer 259,24333.33,USD,2026-09-19,INV-004009
txn_004010,Customer 260,24470.70,USD,2026-09-20,INV-004010
txn_004011,Customer 261,24607.07,USD,2026-09-21,INV-004011
txn_004012,Customer 262,24744.44,USD,2026-09-22,INV-004012
txn_004013,Customer 263,24881.81,USD,2026-09-23,INV-004013
txn_004014,Customer 264,25018.18,USD,2026-09-24,INV-004014
txn_004015,Customer 265,155.55,USD,2026-09-25,INV-004015
txn_004016,Customer 266,292.92,USD,2026-09-26,INV-004016
txn_004017,Customer 267,429.29,USD,2026-09-27,INV-004017
txn_004018,Customer 268,566.66,USD,2026-09-28,INV-004018
txn_004019,Customer 269,703.03,USD,2026-09-29,INV-004019
txn_004020,Customer 270,840.40,USD,2026-09-30,INV-004020
txn_004021,Customer 271,977.77,USD,2026-09-01,INV-004021
txn_004022,Customer 272,1114.14,USD,2026-09-02,INV-004022
txn_004023,Customer 273,1251.51,USD,2026-09-03,INV-004023
txn_004024,Customer 274,1388.88,USD,2026-09-04,INV-004024
txn_004025,Customer 275,1525.25,USD,2026-09-05,INV-004025
txn_004026,Customer 276,1662.62,USD,2026-09-06,INV-004026
txn_004027,Customer 277,1799.99,USD,2026-09-07,INV-004027
txn_004028,Customer 278,1936.36,USD,2026-09-08,INV-004028
txn_004029,Customer 279,2073.73,USD,2026-09-09,INV-004029
txn_004030,Customer 280,2210.10,USD,2026-09-10,INV-004030
txn_004031,Customer 281,2347.47,USD,2026-09-11,INV-004031
txn_004032,Customer 282,2484.84,USD,2026-09-12,INV-004032
txn_004033,Customer 283,2621.21,USD,2026-09-13,INV-004033
txn_004034,Customer 284,2758.58,USD,2026-09-14,INV-004034
txn_004035,Customer 285,2895.95,USD,2026-09-15,INV-004035
txn_004036,Customer 286,3032.32,USD,2026-09-16,INV-004036
txn_004037,Customer 287,3169.69,USD,2026-09-17,INV-004037
txn_004038,Customer 288,3306.06,USD,2026-09-18,INV-004038
txn_004039,Customer 289,3443.43,USD,2026-09-19,INV-004039
txn_004040,Customer 290,3580.80,USD,2026-09-20,INV-004040
txn_004041,Customer 291,3717.17,USD,2026-09-21,INV-004041
txn_004042,Customer 292,3854.54,USD,2026-09-22,INV-004042
txn_004043,Customer 293,3991.91,USD,2026-09-23,INV-004043
txn_004044,Customer 294,4128.28,USD,2026-09-24,INV-004044
txn_004045,Customer 295,4265.65,USD,2026-09-25,INV-004045
txn_004046,Customer 296,4402.02,USD,2026-09-26,INV-004046
txn_004047,Customer 297,4539.39,USD,2026-09-27,INV-004047
txn_004048,Customer 298,4676.76,USD,2026-09-28,INV-004048
txn_004049,Customer 299,4813.13,USD,2026-09-29,INV-004049
txn_004050,Customer 300,4950.50,USD,2026-09-30,INV-004050
txn_004051,Customer 301,5087.87,USD,2026-09-01,INV-004051
txn_004052,Customer 302,5224.24,USD,2026-09-02,INV-004052
txn_004053,Customer 303,5361.61,USD,2026-09-03,INV-004053
txn_004054,Customer 304,5498.98,USD,2026-09-04,INV-004054
txn_004055,Customer 305,5635.35,USD,2026-09-05,INV-004055
txn_004056,Customer 306,5772.72,USD,2026-09-06,INV-004056
txn_004057,Customer 307,5909.09,USD,2026-09-07,INV-004057
txn_004058,Customer 308,6046.46,USD,2026-09-08,INV-004058
txn_004059,Customer 309,6183.83,USD,2026-09-09,INV-004059
txn_004060,Customer 310,6320.20,USD,2026-09-10,INV-004060
txn_004061,Customer 311,6457.57,USD,2026-09-11,INV-004061
txn_004062,Customer 312,6594.94,USD,2026-09-12,INV-004062
txn_004063,Customer 313,6731.31,USD,2026-09-13,INV-004063
txn_004064,Customer 314,6868.68,USD,2026-09-14,INV-004064
txn_004065,Customer 315,7005.05,USD,2026-09-15,INV-004065
txn_004066,Customer 316,7142.42,USD,2026-09-16,INV-004066
txn_004067,Customer 317,7279.79,USD,2026-09-17,INV-004067
txn_004068,Customer 318,7416.16,USD,2026-09-18,INV-004068
txn_004069,Customer 319,7553.53,USD,2026-09-19,INV-004069
txn_004070,Customer 320,7690.90,USD,2026-09-20,INV-004070
txn_004071,Customer 321,7827.27,USD,2026-09-21,INV-004071
txn_004072,Customer 322,7964.64,USD,2026-09-22,INV-004072
txn_004073,Customer 323,8101.01,USD,2026-09-23,INV-004073
txn_004074,Customer 324,8238.38,USD,2026-09-24,INV-004074
txn_004075,Customer 325,8375.75,USD,2026-09-25,INV-004075
txn_004076,Customer 326,8512.12,USD,2026-09-26,INV-004076
txn_004077,Customer 327,8649.49,USD,2026-09-27,INV-004077
txn_004078,Customer 328,8786.86,USD,2026-09-28,INV-004078
txn_004079,Customer 329,8923.23,USD,2026-09-29,INV-004079
txn_004080,Customer 330,9060.60,USD,2026-09-30,INV-004080
txn_004081,Customer 331,9197.97,USD,2026-09-01,INV-004081
txn_004082,Customer 332,9334.34,USD,2026-09-02,INV-004082
txn_004083,Customer 333,9471.71,USD,2026-09-03,INV-004083
txn_004084,Customer 334,9608.08,USD,2026-09-04,INV-004084
txn_004085,Customer 335,9745.45,USD,2026-09-05,INV-004085
txn_004086,Customer 336,9882.82,USD,2026-09-06,INV-004086
txn_004087,Customer 337,10019.19,USD,2026-09-07,INV-004087
txn_004088,Customer 338,10156.56,USD,2026-09-08,INV-004088
txn_004089,Customer 339,10293.93,USD,2026-09-09,INV-004089
txn_004090,Customer 340,10430.30,USD,2026-09-10,INV-004090
txn_004091,Customer 341,10567.67,USD,2026-09-11,INV-004091
txn_004092,Customer 342,10704.04,USD,2026-09-12,INV-004092
txn_004093,Customer 343,10841.41,USD,2026-09-13,INV-004093
txn_004094,Customer 344,10978.78,USD,2026-09-14,INV-004094
txn_004095,Customer 345,11115.15,USD,2026-09-15,INV-004095
txn_004096,Customer 346,11252.52,USD,2026-09-16,INV-004096
txn_004097,Customer 347,11389.89,USD,2026-09-17,INV-004097
txn_004098,Customer 348,11526.26,USD,2026-09-18,INV-004098
txn_004099,Customer 349,11663.63,USD,2026-09-19,INV-004099
txn_004100,Customer 350,11800.00,USD,2026-09-20,INV-004100
txn_004101,Customer 351,11937.37,USD,2026-09-21,INV-004101
txn_004102,Customer 352,12074.74,USD,2026-09-22,INV-004102
txn_004103,Customer 353,12211.11,USD,2026-09-23,INV-004103
txn_004104,Customer 354,12348.48,USD,2026-09-24,INV-004104
txn_004105,Customer 355,12485.85,USD,2026-09-25,INV-004105
txn_004106,Customer 356,12622.22,USD,2026-09-26,INV-004106
txn_004107,Customer 357,12759.59,USD,2026-09-27,INV-004107
txn_004108,Customer 358,12896.96,USD,2026-09-28,INV-004108
txn_004109,Customer 359,13033.33,USD,2026-09-29,INV-004109
txn_004110,Customer 360,13170.70,USD,2026-09-30,INV-004110
txn_004111,Customer 361,13307.07,USD,2026-09-01,INV-004111
txn_004112,Customer 362,13444.44,USD,2026-09-02,INV-004112
txn_004113,Customer 363,13581.81,USD,2026-09-03,INV-004113
txn_004114,Customer 364,13718.18,USD,2026-09-04,INV-004114
txn_004115,Customer 365,13855.55,USD,2026-09-05,INV-004115
txn_004116,Customer 366,13992.92,USD,2026-09-06,INV-004116
txn_004117,Customer 367,14129.29,USD,2026-09-07,INV-004117
txn_004118,Customer 368,14266.66,USD,2026-09-08,INV-004118
txn_004119,Customer 369,14403.03,USD,2026-09-09,INV-004119
txn_004120,Customer 370,14540.40,USD,2026-09-10,INV-004120
txn_004121,Customer 371,14677.77,USD,2026-09-11,INV-004121
txn_004122,Customer 372,14814.14,USD,2026-09-12,INV-004122
txn_004123,Customer 373,14951.51,USD,2026-09-13,INV-004123
txn_004124,Customer 374,15088.88,USD,2026-09-14,INV-004124
txn_004125,Customer 375,15225.25,USD,2026-09-15,INV-004125
txn_004126,Customer 376,15362.62,USD,2026-09-16,INV-004126
txn_004127,Customer 377,15499.99,USD,2026-09-17,INV-004127
txn_004128,Customer 378,15636.36,USD,2026-09-18,INV-004128
txn_004129,Customer 379,15773.73,USD,2026-09-19,INV-004129
txn_004130,Customer 380,15910.10,USD,2026-09-20,INV-004130
txn_004131,Customer 381,16047.47,USD,2026-09-21,INV-004131
txn_004132,Customer 382,16184.84,USD,2026-09-22,INV-004132
txn_004133,Customer 383,16321.21,USD,2026-09-23,INV-004133
txn_004134,Customer 384,16458.58,USD,2026-09-24,INV-004134
txn_004135,Customer 385,16595.95,USD,2026-09-25,INV-004135
txn_004136,Customer 386,16732.32,USD,2026-09-26,INV-004136
txn_004137,Customer 387,16869.69,USD,2026-09-27,INV-004137
txn_004138,Customer 388,17006.06,USD,2026-09-28,INV-004138
txn_004139,Customer 389,17143.43,USD,2026-09-29,INV-004139
txn_004140,Customer 390,17280.80,USD,2026-09-30,INV-004140
txn_004141,Customer 391,17417.17,USD,2026-09-01,INV-004141
txn_004142,Customer 392,17554.54,USD,2026-09-02,INV-004142
txn_004143,Customer 393,17691.91,USD,2026-09-03,INV-004143
txn_004144,Customer 394,17828.28,USD,2026-09-04,INV-004144
txn_004145,Customer 395,17965.65,USD,2026-09-05,INV-004145
txn_004146,Customer 396,18102.02,USD,2026-09-06,INV-004146
txn_004147,Customer 397,18239.39,USD,2026-09-07,INV-004147
txn_004148,Customer 398,18376.76,USD,2026-09-08,INV-004148
txn_004149,Customer 399,18513.13,USD,2026-09-09,INV-004149
txn_004150,Customer 400,18650.50,USD,2026-09-10,INV-004150
txn_004151,Customer 401,18787.87,USD,2026-09-11,INV-004151
txn_004152,Customer 402,18924.24,USD,2026-09-12,INV-004152
txn_004153,Customer 403,19061.61,USD,2026-09-13,INV-004153
txn_004154,Customer 404,19198.98,USD,2026-09-14,INV-004154
txn_004155,Customer 405,19335.35,USD,2026-09-15,INV-004155
txn_004156,Customer 406,19472.72,USD,2026-09-16,INV-004156
txn_004157,Customer 407,19609.09,USD,2026-09-17,INV-004157
txn_004158,Customer 408,19746.46,USD,2026-09-18,INV-004158
txn_004159,Customer 409,19883.83,USD,2026-09-19,INV-004159
txn_004160,Customer 410,20020.20,USD,2026-09-20,INV-004160
txn_004161,Customer 411,20157.57,USD,2026-09-21,INV-004161
txn_004162,Customer 412,20294.94,USD,2026-09-22,INV-004162
txn_004163,Customer 413,20431.31,USD,2026-09-23,INV-004163
txn_004164,Customer 414,20568.68,USD,2026-09-24,INV-004164
txn_004165,Customer 415,20705.05,USD,2026-09-25,INV-004165
txn_004166,Customer 416,20842.42,USD,2026-09-26,INV-004166
txn_004167,Customer 417,20979.79,USD,2026-09-27,INV-004167
txn_004168,Customer 418,21116.16,USD,2026-09-28,INV-004168
txn_004169,Customer 419,21253.53,USD,2026-09-29,INV-004169
txn_004170,Customer 420,21390.90,USD,2026-09-30,INV-004170
txn_004171,Customer 421,21527.27,USD,2026-09-01,INV-004171
txn_004172,Customer 422,21664.64,USD,2026-09-02,INV-004172
txn_004173,Customer 423,21801.01,USD,2026-09-03,INV-004173
txn_004174,Customer 424,21938.38,USD,2026-09-04,INV-004174
txn_004175,Customer 425,22075.75,USD,2026-09-05,INV-004175
txn_004176,Customer 426,22212.12,USD,2026-09-06,INV-004176
txn_004177,Customer 427,22349.49,USD,2026-09-07,INV-004177
txn_004178,Customer 428,22486.86,USD,2026-09-08,INV-004178
txn_004179,Customer 429,22623.23,USD,2026-09-09,INV-004179
txn_004180,Customer 430,22760.60,USD,2026-09-10,INV-004180
txn_004181,Customer 431,22897.97,USD,2026-09-11,INV-004181
txn_004182,Customer 432,23034.34,USD,2026-09-12,INV-004182
txn_004183,Customer 433,23171.71,USD,2026-09-13,INV-004183
txn_004184,Customer 434,23308.08,USD,2026-09-14,INV-004184
txn_004185,Customer 435,23445.45,USD,2026-09-15,INV-004185
txn_004186,Customer 436,23582.82,USD,2026-09-16,INV-004186
txn_004187,Customer 437,23719.19,USD,2026-09-17,INV-004187
txn_004188,Customer 438,23856.56,USD,2026-09-18,INV-004188
txn_004189,Customer 439,23993.93,USD,2026-09-19,INV-004189
txn_004190,Customer 440,24130.30,USD,2026-09-20,INV-004190
txn_004191,Customer 441,24267.67,USD,2026-09-21,INV-004191
txn_004192,Customer 442,24404.04,USD,2026-09-22,INV-004192
txn_004193,Customer 443,24541.41,USD,2026-09-23,INV-004193
txn_004194,Customer 444,24678.78,USD,2026-09-24,INV-004194
txn_004195,Customer 445,24815.15,USD,2026-09-25,INV-004195
txn_004196,Customer 446,24952.52,USD,2026-09-26,INV-004196
txn_004197,Customer 447,25089.89,USD,2026-09-27,INV-004197
txn_004198,Customer 448,226.26,USD,2026-09-28,INV-004198
txn_004199,Customer 449,363.63,USD,2026-09-29,INV-004199
txn_004200,Customer 450,500.00,USD,2026-09-30,INV-004200
txn_004201,Customer 451,637.37,USD,2026-09-01,INV-004201
txn_004202,Customer 452,774.74,USD,2026-09-02,INV-004202
txn_004203,Customer 453,911.11,USD,2026-09-03,INV-004203
txn_004204,Customer 454,1048.48,USD,2026-09-04,INV-004204
txn_004205,Customer 455,1185.85,USD,2026-09-05,INV-004205
txn_004206,Customer 456,1322.22,USD,2026-09-06,INV-004206
txn_004207,Customer 457,1459.59,USD,2026-09-07,INV-004207
txn_004208,Customer 458,1596.96,USD,2026-09-08,INV-004208
txn_004209,Customer 459,1733.33,USD,2026-09-09,INV-004209
txn_004210,Customer 460,1870.70,USD,2026-09-10,INV-004210
txn_004211,Customer 461,2007.07,USD,2026-09-11,INV-004211
txn_004212,Customer 462,2144.44,USD,2026-09-12,INV-004212
txn_004213,Customer 463,2281.81,USD,2026-09-13,INV-004213
txn_004214,Customer 464,2418.18,USD,2026-09-14,INV-004214
txn_004215,Customer 465,2555.55,USD,2026-09-15,INV-004215
txn_004216,Customer 466,2692.92,USD,2026-09-16,INV-004216
txn_004217,Customer 467,2829.29,USD,2026-09-17,INV-004217
txn_004218,Customer 468,2966.66,USD,2026-09-18,INV-004218
txn_004219,Customer 469,3103.03,USD,2026-09-19,INV-004219
txn_004220,Customer 470,3240.40,USD,2026-09-20,INV-004220
txn_004221,Customer 471,3377.77,USD,2026-09-21,INV-004221
txn_004222,Customer 472,3514.14,USD,2026-09-22,INV-004222
txn_004223,Customer 473,3651.51,USD,2026-09-23,INV-004223
txn_004224,Customer 474,3788.88,USD,2026-09-24,INV-004224
txn_004225,Customer 475,3925.25,USD,2026-09-25,INV-004225
txn_004226,Customer 476,4062.62,USD,2026-09-26,INV-004226
txn_004227,Customer 477,4199.99,USD,2026-09-27,INV-004227
txn_004228,Customer 478,4336.36,USD,2026-09-28,INV-004228
txn_004229,Customer 479,4473.73,USD,2026-09-29,INV-004229
txn_004230,Customer 480,4610.10,USD,2026-09-30,INV-004230
txn_004231,Customer 481,4747.47,USD,2026-09-01,INV-004231
txn_004232,Customer 482,4884.84,USD,2026-09-02,INV-004232
txn_004233,Customer 483,5021.21,USD,2026-09-03,INV-004233
txn_004234,Customer 484,5158.58,USD,2026-09-04,INV-004234
txn_004235,Customer 485,5295.95,USD,2026-09-05,INV-004235
txn_004236,Customer 486,5432.32,USD,2026-09-06,INV-004236
txn_004237,Customer 487,5569.69,USD,2026-09-07,INV-004237
txn_004238,Customer 488,5706.06,USD,2026-09-08,INV-004238
txn_004239,Customer 489,5843.43,USD,2026-09-09,INV-004239
txn_004240,Customer 490,5980.80,USD,2026-09-10,INV-004240
txn_004241,Customer 491,6117.17,USD,2026-09-11,INV-004241
txn_004242,Customer 492,6254.54,USD,2026-09-12,INV-004242
txn_004243,Customer 493,6391.91,USD,2026-09-13,INV-004243
txn_004244,Customer 494,6528.28,USD,2026-09-14,INV-004244
txn_004245,Customer 495,6665.65,USD,2026-09-15,INV-004245
txn_004246,Customer 496,6802.02,USD,2026-09-16,INV-004246
txn_004247,Customer 497,6939.39,USD,2026-09-17,INV-004247
txn_004248,Customer 498,7076.76,USD,2026-09-18,INV-004248
txn_004249,Customer 499,7213.13,USD,2026-09-19,INV-004249
txn_004250,Customer 500,7350.50,USD,2026-09-20,INV-004250
txn_004251,Customer 501,7487.87,USD,2026-09-21,INV-004251
txn_004252,Customer 502,7624.24,USD,2026-09-22,INV-004252
txn_004253,Customer 503,7761.61,USD,2026-09-23,INV-004253
txn_004254,Customer 504,7898.98,USD,2026-09-24,INV-004254
txn_004255,Customer 505,8035.35,USD,2026-09-25,INV-004255
txn_004256,Customer 506,8172.72,USD,2026-09-26,INV-004256
txn_004257,Customer 507,8309.09,USD,2026-09-27,INV-004257
txn_004258,Customer 508,8446.46,USD,2026-09-28,INV-004258
txn_004259,Customer 509,8583.83,USD,2026-09-29,INV-004259
txn_004260,Customer 510,8720.20,USD,2026-09-30,INV-004260
txn_004261,Customer 511,8857.57,USD,2026-09-01,INV-004261
txn_004262,Customer 512,8994.94,USD,2026-09-02,INV-004262
txn_004263,Customer 513,9131.31,USD,2026-09-03,INV-004263
txn_004264,Customer 514,9268.68,USD,2026-09-04,INV-004264
txn_004265,Customer 515,9405.05,USD,2026-09-05,INV-004265
txn_004266,Customer 516,9542.42,USD,2026-09-06,INV-004266
txn_004267,Customer 517,9679.79,USD,2026-09-07,INV-004267
txn_004268,Customer 518,9816.16,USD,2026-09-08,INV-004268
txn_004269,Customer 519,9953.53,USD,2026-09-09,INV-004269
txn_004270,Customer 520,10090.90,USD,2026-09-10,INV-004270
txn_004271,Customer 521,10227.27,USD,2026-09-11,INV-004271
txn_004272,Customer 522,10364.64,USD,2026-09-12,INV-004272
txn_004273,Customer 523,10501.01,USD,2026-09-13,INV-004273
txn_004274,Customer 524,10638.38,USD,2026-09-14,INV-004274
txn_004275,Customer 525,10775.75,USD,2026-09-15,INV-004275
txn_004276,Customer 526,10912.12,USD,2026-09-16,INV-004276
txn_004277,Customer 527,11049.49,USD,2026-09-17,INV-004277
txn_004278,Customer 528,11186.86,USD,2026-09-18,INV-004278
txn_004279,Customer 529,11323.23,USD,2026-09-19,INV-004279
txn_004280,Customer 530,11460.60,USD,2026-09-20,INV-004280
txn_004281,Customer 531,11597.97,USD,2026-09-21,INV-004281
txn_004282,Customer 532,11734.34,USD,2026-09-22,INV-004282
txn_004283,Customer 533,11871.71,USD,2026-09-23,INV-004283
txn_004284,Customer 534,12008.08,USD,2026-09-24,INV-004284
txn_004285,Customer 535,12145.45,USD,2026-09-25,INV-004285
txn_004286,Customer 536,12282.82,USD,2026-09-26,INV-004286
txn_004287,Customer 537,12419.19,USD,2026-09-27,INV-004287
txn_004288,Customer 538,12556.56,USD,2026-09-28,INV-004288
txn_004289,Customer 539,12693.93,USD,2026-09-29,INV-004289
txn_004290,Customer 540,12830.30,USD,2026-09-30,INV-004290
txn_004291,Customer 541,12967.67,USD,2026-09-01,INV-004291
txn_004292,Customer 542,13104.04,USD,2026-09-02,INV-004292
txn_004293,Customer 543,13241.41,USD,2026-09-03,INV-004293
txn_004294,Customer 544,13378.78,USD,2026-09-04,INV-004294
txn_004295,Customer 545,13515.15,USD,2026-09-05,INV-004295
txn_004296,Customer 546,13652.52,USD,2026-09-06,INV-004296
txn_004297,Customer 547,13789.89,USD,2026-09-07,INV-004297
txn_004298,Customer 548,13926.26,USD,2026-09-08,INV-004298
txn_004299,Customer 549,14063.63,USD,2026-09-09,INV-004299
txn_004300,Customer 550,14200.00,USD,2026-09-10,INV-004300
txn_004301,Customer 551,14337.37,USD,2026-09-11,INV-004301
txn_004302,Customer 552,14474.74,USD,2026-09-12,INV-004302
txn_004303,Customer 553,14611.11,USD,2026-09-13,INV-004303
txn_004304,Customer 554,14748.48,USD,2026-09-14,INV-004304
txn_004305,Customer 555,14885.85,USD,2026-09-15,INV-004305
txn_004306,Customer 556,15022.22,USD,2026-09-16,INV-004306
txn_004307,Customer 557,15159.59,USD,2026-09-17,INV-004307
txn_004308,Customer 558,15296.96,USD,2026-09-18,INV-004308
txn_004309,Customer 559,15433.33,USD,2026-09-19,INV-004309
txn_004310,Customer 560,15570.70,USD,2026-09-20,INV-004310
txn_004311,Customer 561,15707.07,USD,2026-09-21,INV-004311
txn_004312,Customer 562,15844.44,USD,2026-09-22,INV-004312
txn_004313,Customer 563,15981.81,USD,2026-09-23,INV-004313
txn_004314,Customer 564,16118.18,USD,2026-09-24,INV-004314
txn_004315,Customer 565,16255.55,USD,2026-09-25,INV-004315
txn_004316,Customer 566,16392.92,USD,2026-09-26,INV-004316
txn_004317,Customer 567,16529.29,USD,2026-09-27,INV-004317
txn_004318,Customer 568,16666.66,USD,2026-09-28,INV-004318
txn_004319,Customer 569,16803.03,USD,2026-09-29,INV-004319
txn_004320,Customer 570,16940.40,USD,2026-09-30,INV-004320
txn_004321,Customer 571,17077.77,USD,2026-09-01,INV-004321
txn_004322,Customer 572,17214.14,USD,2026-09-02,INV-004322
txn_004323,Customer 573,17351.51,USD,2026-09-03,INV-004323
txn_004324,Customer 574,17488.88,USD,2026-09-04,INV-004324
txn_004325,Customer 575,17625.25,USD,2026-09-05,INV-004325
txn_004326,Customer 576,17762.62,USD,2026-09-06,INV-004326
txn_004327,Customer 577,17899.99,USD,2026-09-07,INV-004327
txn_004328,Customer 578,18036.36,USD,2026-09-08,INV-004328
txn_004329,Customer 579,18173.73,USD,2026-09-09,INV-004329
txn_004330,Customer 580,18310.10,USD,2026-09-10,INV-004330
txn_004331,Customer 581,18447.47,USD,2026-09-11,INV-004331
txn_004332,Customer 582,18584.84,USD,2026-09-12,INV-004332
txn_004333,Customer 583,18721.21,USD,2026-09-13,INV-004333
txn_004334,Customer 584,18858.58,USD,2026-09-14,INV-004334
txn_004335,Customer 585,18995.95,USD,2026-09-15,INV-004335
txn_004336,Customer 586,19132.32,USD,2026-09-16,INV-004336
txn_004337,Customer 587,19269.69,USD,2026-09-17,INV-004337
txn_004338,Customer 588,19406.06,USD,2026-09-18,INV-004338
txn_004339,Customer 589,19543.43,USD,2026-09-19,INV-004339
txn_004340,Customer 590,19680.80,USD,2026-09-20,INV-004340
txn_004341,Customer 591,19817.17,USD,2026-09-21,INV-004341
txn_004342,Customer 592,19954.54,USD,2026-09-22,INV-004342
txn_004343,Customer 593,20091.91,USD,2026-09-23,INV-004343
txn_004344,Customer 594,20228.28,USD,2026-09-24,INV-004344
txn_004345,Customer 595,20365.65,USD,2026-09-25,INV-004345
txn_004346,Customer 596,20502.02,USD,2026-09-26,INV-004346
txn_004347,Customer 597,20639.39,USD,2026-09-27,INV-004347
txn_004348,Customer 598,20776.76,USD,2026-09-28,INV-004348
txn_004349,Customer 599,20913.13,USD,2026-09-29,INV-004349
txn_004350,Customer 600,21050.50,USD,2026-09-30,INV-004350
txn_004351,Customer 601,21187.87,USD,2026-09-01,INV-004351
txn_004352,Customer 602,21324.24,USD,2026-09-02,INV-004352
txn_004353,Customer 603,21461.61,USD,2026-09-03,INV-004353
txn_004354,Customer 604,21598.98,USD,2026-09-04,INV-004354
txn_004355,Customer 605,21735.35,USD,2026-09-05,INV-004355
txn_004356,Customer 606,21872.72,USD,2026-09-06,INV-004356
txn_004357,Customer 607,22009.09,USD,2026-09-07,INV-004357
txn_004358,Customer 608,22146.46,USD,2026-09-08,INV-004358
txn_004359,Customer 609,22283.83,USD,2026-09-09,INV-004359
txn_004360,Customer 610,22420.20,USD,2026-09-10,INV-004360
txn_004361,Customer 611,22557.57,USD,2026-09-11,INV-004361
txn_004362,Customer 612,22694.94,USD,2026-09-12,INV-004362
txn_004363,Customer 613,22831.31,USD,2026-09-13,INV-004363
txn_004364,Customer 614,22968.68,USD,2026-09-14,INV-004364
txn_004365,Customer 615,23105.05,USD,2026-09-15,INV-004365
txn_004366,Customer 616,23242.42,USD,2026-09-16,INV-004366
txn_004367,Customer 617,23379.79,USD,2026-09-17,INV-004367
txn_004368,Customer 618,23516.16,USD,2026-09-18,INV-004368
txn_004369,Customer 619,23653.53,USD,2026-09-19,INV-004369
txn_004370,Customer 620,23790.90,USD,2026-09-20,INV-004370
txn_004371,Customer 621,23927.27,USD,2026-09-21,INV-004371
txn_004372,Customer 622,24064.64,USD,2026-09-22,INV-004372
txn_004373,Customer 623,24201.01,USD,2026-09-23,INV-004373
txn_004374,Customer 624,24338.38,USD,2026-09-24,INV-004374
txn_004375,Customer 625,24475.75,USD,2026-09-25,INV-004375
txn_004376,Customer 626,24612.12,USD,2026-09-26,INV-004376
txn_004377,Customer 627,24749.49,USD,2026-09-27,INV-004377
txn_004378,Customer 628,24886.86,USD,2026-09-28,INV-004378
txn_004379,Customer 629,25023.23,USD,2026-09-29,INV-004379
txn_004380,Customer 630,160.60,USD,2026-09-30,INV-004380
txn_004381,Customer 631,297.97,USD,2026-09-01,INV-004381
txn_004382,Customer 632,434.34,USD,2026-09-02,INV-004382
txn_004383,Customer 633,571.71,USD,2026-09-03,INV-004383
txn_004384,Customer 634,708.08,USD,2026-09-04,INV-004384
txn_004385,Customer 635,845.45,USD,2026-09-05,INV-004385
txn_004386,Customer 636,982.82,USD,2026-09-06,INV-004386
txn_004387,Customer 637,1119.19,USD,2026-09-07,INV-004387
txn_004388,Customer 638,1256.56,USD,2026-09-08,INV-004388
txn_004389,Customer 639,1393.93,USD,2026-09-09,INV-004389
txn_004390,Customer 640,1530.30,USD,2026-09-10,INV-004390
txn_004391,Customer 641,1667.67,USD,2026-09-11,INV-004391
txn_004392,Customer 642,1804.04,USD,2026-09-12,INV-004392
txn_004393,Customer 643,1941.41,USD,2026-09-13,INV-004393
txn_004394,Customer 644,2078.78,USD,2026-09-14,INV-004394
txn_004395,Customer 645,2215.15,USD,2026-09-15,INV-004395
txn_004396,Customer 646,2352.52,USD,2026-09-16,INV-004396
txn_004397,Customer 647,2489.89,USD,2026-09-17,INV-004397
txn_004398,Customer 648,2626.26,USD,2026-09-18,INV-004398
txn_004399,Customer 649,2763.63,USD,2026-09-19,INV-004399
txn_004400,Customer 650,2900.00,USD,2026-09-20,INV-004400
txn_004401,Customer 651,3037.37,USD,2026-09-21,INV-004401
txn_004402,Customer 652,3174.74,USD,2026-09-22,INV-004402
txn_004403,Customer 653,3311.11,USD,2026-09-23,INV-004403
txn_004404,Customer 654,3448.48,USD,2026-09-24,INV-004404
txn_004405,Customer 655,3585.85,USD,2026-09-25,INV-004405
txn_004406,Customer 656,3722.22,USD,2026-09-26,INV-004406
txn_004407,Customer 657,3859.59,USD,2026-09-27,INV-004407
txn_004408,Customer 658,3996.96,USD,2026-09-28,INV-004408
txn_004409,Customer 659,4133.33,USD,2026-09-29,INV-004409
txn_004410,Customer 660,4270.70,USD,2026-09-30,INV-004410
txn_004411,Customer 661,4407.07,USD,2026-09-01,INV-004411
txn_004412,Customer 662,4544.44,USD,2026-09-02,INV-004412
txn_004413,Customer 663,4681.81,USD,2026-09-03,INV-004413
txn_004414,Customer 664,4818.18,USD,2026-09-04,INV-004414
txn_004415,Customer 665,4955.55,USD,2026-09-05,INV-004415
txn_004416,Customer 666,5092.92,USD,2026-09-06,INV-004416
txn_004417,Customer 667,5229.29,USD,2026-09-07,INV-004417
txn_004418,Customer 668,5366.66,USD,2026-09-08,INV-004418
txn_004419,Customer 669,5503.03,USD,2026-09-09,INV-004419
txn_004420,Customer 670,5640.40,USD,2026-09-10,INV-004420
txn_004421,Customer 671,5777.77,USD,2026-09-11,INV-004421
txn_004422,Customer 672,5914.14,USD,2026-09-12,INV-004422
txn_004423,Customer 673,6051.51,USD,2026-09-13,INV-004423
txn_004424,Customer 674,6188.88,USD,2026-09-14,INV-004424
txn_004425,Customer 675,6325.25,USD,2026-09-15,INV-004425
txn_004426,Customer 676,6462.62,USD,2026-09-16,INV-004426
txn_004427,Customer 677,6599.99,USD,2026-09-17,INV-004427
txn_004428,Customer 678,6736.36,USD,2026-09-18,INV-004428
txn_004429,Customer 679,6873.73,USD,2026-09-19,INV-004429
txn_004430,Customer 680,7010.10,USD,2026-09-20,INV-004430
txn_004431,Customer 681,7147.47,USD,2026-09-21,INV-004431
txn_004432,Customer 682,7284.84,USD,2026-09-22,INV-004432
txn_004433,Customer 683,7421.21,USD,2026-09-23,INV-004433
txn_004434,Customer 684,7558.58,USD,2026-09-24,INV-004434
txn_004435,Customer 685,7695.95,USD,2026-09-25,INV-004435
txn_004436,Customer 686,7832.32,USD,2026-09-26,INV-004436
txn_004437,Customer 687,7969.69,USD,2026-09-27,INV-004437
txn_004438,Customer 688,8106.06,USD,2026-09-28,INV-004438
txn_004439,Customer 689,8243.43,USD,2026-09-29,INV-004439
txn_004440,Customer 690,8380.80,USD,2026-09-30,INV-004440
txn_004441,Customer 691,8517.17,USD,2026-09-01,INV-004441
txn_004442,Customer 692,8654.54,USD,2026-09-02,INV-004442
txn_004443,Customer 693,8791.91,USD,2026-09-03,INV-004443
txn_004444,Customer 694,8928.28,USD,2026-09-04,INV-004444
txn_004445,Customer 695,9065.65,USD,2026-09-05,INV-004445
txn_004446,Customer 696,9202.02,USD,2026-09-06,INV-004446
txn_004447,Customer 697,9339.39,USD,2026-09-07,INV-004447
txn_004448,Customer 698,9476.76,USD,2026-09-08,INV-004448
txn_004449,Customer 699,9613.13,USD,2026-09-09,INV-004449
txn_004450,Customer 700,9750.50,USD,2026-09-10,INV-004450
txn_004451,Customer 701,9887.87,USD,2026-09-11,INV-004451
txn_004452,Customer 702,10024.24,USD,2026-09-12,INV-004452
txn_004453,Customer 703,10161.61,USD,2026-09-13,INV-004453
txn_004454,Customer 704,10298.98,USD,2026-09-14,INV-004454
txn_004455,Customer 705,10435.35,USD,2026-09-15,INV-004455
txn_004456,Customer 706,10572.72,USD,2026-09-16,INV-004456
txn_004457,Customer 707,10709.09,USD,2026-09-17,INV-004457
txn_004458,Customer 708,10846.46,USD,2026-09-18,INV-004458
txn_004459,Customer 709,10983.83,USD,2026-09-19,INV-004459
txn_004460,Customer 710,11120.20,USD,2026-09-20,INV-004460
txn_004461,Customer 711,11257.57,USD,2026-09-21,INV-004461
txn_004462,Customer 712,11394.94,USD,2026-09-22,INV-004462
txn_004463,Customer 713,11531.31,USD,2026-09-23,INV-004463
txn_004464,Customer 714,11668.68,USD,2026-09-24,INV-004464
txn_004465,Customer 715,11805.05,USD,2026-09-25,INV-004465
txn_004466,Customer 716,11942.42,USD,2026-09-26,INV-004466
txn_004467,Customer 717,12079.79,USD,2026-09-27,INV-004467
txn_004468,Customer 718,12216.16,USD,2026-09-28,INV-004468
txn_004469,Customer 719,12353.53,USD,2026-09-29,INV-004469
txn_004470,Customer 720,12490.90,USD,2026-09-30,INV-004470
txn_004471,Customer 721,12627.27,USD,2026-09-01,INV-004471
txn_004472,Customer 722,12764.64,USD,2026-09-02,INV-004472
txn_004473,Customer 723,12901.01,USD,2026-09-03,INV-004473
txn_004474,Customer 724,13038.38,USD,2026-09-04,INV-004474
txn_004475,Customer 725,13175.75,USD,2026-09-05,INV-004475
txn_004476,Customer 726,13312.12,USD,2026-09-06,INV-004476
txn_004477,Customer 727,13449.49,USD,2026-09-07,INV-004477
txn_004478,Customer 728,13586.86,USD,2026-09-08,INV-004478
txn_004479,Customer 729,13723.23,USD,2026-09-09,INV-004479
txn_004480,Customer 730,13860.60,USD,2026-09-10,INV-004480
txn_004481,Customer 731,13997.97,USD,2026-09-11,INV-004481
txn_004482,Customer 732,14134.34,USD,2026-09-12,INV-004482
txn_004483,Customer 733,14271.71,USD,2026-09-13,INV-004483
txn_004484,Customer 734,14408.08,USD,2026-09-14,INV-004484
txn_004485,Customer 735,14545.45,USD,2026-09-15,INV-004485
txn_004486,Customer 736,14682.82,USD,2026-09-16,INV-004486
txn_004487,Customer 737,14819.19,USD,2026-09-17,INV-004487
txn_004488,Customer 738,14956.56,USD,2026-09-18,INV-004488
txn_004489,Customer 739,15093.93,USD,2026-09-19,INV-004489
txn_004490,Customer 740,15230.30,USD,2026-09-20,INV-004490
txn_004491,Customer 741,15367.67,USD,2026-09-21,INV-004491
txn_004492,Customer 742,15504.04,USD,2026-09-22,INV-004492
txn_004493,Customer 743,15641.41,USD,2026-09-23,INV-004493
txn_004494,Customer 744,15778.78,USD,2026-09-24,INV-004494
txn_004495,Customer 745,15915.15,USD,2026-09-25,INV-004495
txn_004496,Customer 746,16052.52,USD,2026-09-26,INV-004496
txn_004497,Customer 747,16189.89,USD,2026-09-27,INV-004497
txn_004498,Customer 748,16326.26,USD,2026-09-28,INV-004498
txn_004499,Customer 749,16463.63,USD,2026-09-29,INV-004499
txn_004500,Customer 750,16600.00,USD,2026-09-30,INV-004500
txn_004501,Customer 001,16737.37,USD,2026-09-01,INV-004501
txn_004502,Customer 002,16874.74,USD,2026-09-02,INV-004502
txn_004503,Customer 003,17011.11,USD,2026-09-03,INV-004503
txn_004504,Customer 004,17148.48,USD,2026-09-04,INV-004504
txn_004505,Customer 005,17285.85,USD,2026-09-05,INV-004505
txn_004506,Customer 006,17422.22,USD,2026-09-06,INV-004506
txn_004507,Customer 007,17559.59,USD,2026-09-07,INV-004507
txn_004508,Customer 008,17696.96,USD,2026-09-08,INV-004508
txn_004509,Customer 009,17833.33,USD,2026-09-09,INV-004509
txn_004510,Customer 010,17970.70,USD,2026-09-10,INV-004510
txn_004511,Customer 011,18107.07,USD,2026-09-11,INV-004511
txn_004512,Customer 012,18244.44,USD,2026-09-12,INV-004512
txn_004513,Customer 013,18381.81,USD,2026-09-13,INV-004513
txn_004514,Customer 014,18518.18,USD,2026-09-14,INV-004514
txn_004515,Customer 015,18655.55,USD,2026-09-15,INV-004515
txn_004516,Customer 016,18792.92,USD,2026-09-16,INV-004516
txn_004517,Customer 017,18929.29,USD,2026-09-17,INV-004517
txn_004518,Customer 018,19066.66,USD,2026-09-18,INV-004518
txn_004519,Customer 019,19203.03,USD,2026-09-19,INV-004519
txn_004520,Customer 020,19340.40,USD,2026-09-20,INV-004520
txn_004521,Customer 021,19477.77,USD,2026-09-21,INV-004521
txn_004522,Customer 022,19614.14,USD,2026-09-22,INV-004522
txn_004523,Customer 023,19751.51,USD,2026-09-23,INV-004523
txn_004524,Customer 024,19888.88,USD,2026-09-24,INV-004524
txn_004525,Customer 025,20025.25,USD,2026-09-25,INV-004525
txn_004526,Customer 026,20162.62,USD,2026-09-26,INV-004526
txn_004527,Customer 027,20299.99,USD,2026-09-27,INV-004527
txn_004528,Customer 028,20436.36,USD,2026-09-28,INV-004528
txn_004529,Customer 029,20573.73,USD,2026-09-29,INV-004529
txn_004530,Customer 030,20710.10,USD,2026-09-30,INV-004530
txn_004531,Customer 031,20847.47,USD,2026-09-01,INV-004531
txn_004532,Customer 032,20984.84,USD,2026-09-02,INV-004532
txn_004533,Customer 033,21121.21,USD,2026-09-03,INV-004533
txn_004534,Customer 034,21258.58,USD,2026-09-04,INV-004534
txn_004535,Customer 035,21395.95,USD,2026-09-05,INV-004535
txn_004536,Customer 036,21532.32,USD,2026-09-06,INV-004536
txn_004537,Customer 037,21669.69,USD,2026-09-07,INV-004537
txn_004538,Customer 038,21806.06,USD,2026-09-08,INV-004538
txn_004539,Customer 039,21943.43,USD,2026-09-09,INV-004539
txn_004540,Customer 040,22080.80,USD,2026-09-10,INV-004540
txn_004541,Customer 041,22217.17,USD,2026-09-11,INV-004541
txn_004542,Customer 042,22354.54,USD,2026-09-12,INV-004542
txn_004543,Customer 043,22491.91,USD,2026-09-13,INV-004543
txn_004544,Customer 044,22628.28,USD,2026-09-14,INV-004544
txn_004545,Customer 045,22765.65,USD,2026-09-15,INV-004545
txn_004546,Customer 046,22902.02,USD,2026-09-16,INV-004546
txn_004547,Customer 047,23039.39,USD,2026-09-17,INV-004547
txn_004548,Customer 048,23176.76,USD,2026-09-18,INV-004548
txn_004549,Customer 049,23313.13,USD,2026-09-19,INV-004549
txn_004550,Customer 050,23450.50,USD,2026-09-20,INV-004550
txn_004551,Customer 051,23587.87,USD,2026-09-21,INV-004551
txn_004552,Customer 052,23724.24,USD,2026-09-22,INV-004552
txn_004553,Customer 053,23861.61,USD,2026-09-23,INV-004553
txn_004554,Customer 054,23998.98,USD,2026-09-24,INV-004554
txn_004555,Customer 055,24135.35,USD,2026-09-25,INV-004555
txn_004556,Customer 056,24272.72,USD,2026-09-26,INV-004556
txn_004557,Customer 057,24409.09,USD,2026-09-27,INV-004557
txn_004558,Customer 058,24546.46,USD,2026-09-28,INV-004558
txn_004559,Customer 059,24683.83,USD,2026-09-29,INV-004559
txn_004560,Customer 060,24820.20,USD,2026-09-30,INV-004560
txn_004561,Customer 061,24957.57,USD,2026-09-01,INV-004561
txn_004562,Customer 062,25094.94,USD,2026-09-02,INV-004562
txn_004563,Customer 063,231.31,USD,2026-09-03,INV-004563
txn_004564,Customer 064,368.68,USD,2026-09-04,INV-004564
txn_004565,Customer 065,505.05,USD,2026-09-05,INV-004565
txn_004566,Customer 066,642.42,USD,2026-09-06,INV-004566
txn_004567,Customer 067,779.79,USD,2026-09-07,INV-004567
txn_004568,Customer 068,916.16,USD,2026-09-08,INV-004568
txn_004569,Customer 069,1053.53,USD,2026-09-09,INV-004569
txn_004570,Customer 070,1190.90,USD,2026-09-10,INV-004570
txn_004571,Customer 071,1327.27,USD,2026-09-11,INV-004571
txn_004572,Customer 072,1464.64,USD,2026-09-12,INV-004572
txn_004573,Customer 073,1601.01,USD,2026-09-13,INV-004573
txn_004574,Customer 074,1738.38,USD,2026-09-14,INV-004574
txn_004575,Customer 075,1875.75,USD,2026-09-15,INV-004575
txn_004576,Customer 076,2012.12,USD,2026-09-16,INV-004576
txn_004577,Customer 077,2149.49,USD,2026-09-17,INV-004577
txn_004578,Customer 078,2286.86,USD,2026-09-18,INV-004578
txn_004579,Customer 079,2423.23,USD,2026-09-19,INV-004579
txn_004580,Customer 080,2560.60,USD,2026-09-20,INV-004580
txn_004581,Customer 081,2697.97,USD,2026-09-21,INV-004581
txn_004582,Customer 082,2834.34,USD,2026-09-22,INV-004582
txn_004583,Customer 083,2971.71,USD,2026-09-23,INV-004583
txn_004584,Customer 084,3108.08,USD,2026-09-24,INV-004584
txn_004585,Customer 085,3245.45,USD,2026-09-25,INV-004585
txn_004586,Customer 086,3382.82,USD,2026-09-26,INV-004586
txn_004587,Customer 087,3519.19,USD,2026-09-27,INV-004587
txn_004588,Customer 088,3656.56,USD,2026-09-28,INV-004588
txn_004589,Customer 089,3793.93,USD,2026-09-29,INV-004589
txn_004590,Customer 090,3930.30,USD,2026-09-30,INV-004590
txn_004591,Customer 091,4067.67,USD,2026-09-01,INV-004591
txn_004592,Customer 092,4204.04,USD,2026-09-02,INV-004592
txn_004593,Customer 093,4341.41,USD,2026-09-03,INV-004593
txn_004594,Customer 094,4478.78,USD,2026-09-04,INV-004594
txn_004595,Customer 095,4615.15,USD,2026-09-05,INV-004595
txn_004596,Customer 096,4752.52,USD,2026-09-06,INV-004596
txn_004597,Customer 097,4889.89,USD,2026-09-07,INV-004597
txn_004598,Customer 098,5026.26,USD,2026-09-08,INV-004598
txn_004599,Customer 099,5163.63,USD,2026-09-09,INV-004599
txn_004600,Customer 100,5300.00,USD,2026-09-10,INV-004600
txn_004601,Customer 101,5437.37,USD,2026-09-11,INV-004601
txn_004602,Customer 102,5574.74,USD,2026-09-12,INV-004602
txn_004603,Customer 103,5711.11,USD,2026-09-13,INV-004603
txn_004604,Customer 104,5848.48,USD,2026-09-14,INV-004604
txn_004605,Customer 105,5985.85,USD,2026-09-15,INV-004605
txn_004606,Customer 106,6122.22,USD,2026-09-16,INV-004606
txn_004607,Customer 107,6259.59,USD,2026-09-17,INV-004607
txn_004608,Customer 108,6396.96,USD,2026-09-18,INV-004608
txn_004609,Customer 109,6533.33,USD,2026-09-19,INV-004609
txn_004610,Customer 110,6670.70,USD,2026-09-20,INV-004610
txn_004611,Customer 111,6807.07,USD,2026-09-21,INV-004611
txn_004612,Customer 112,6944.44,USD,2026-09-22,INV-004612
txn_004613,Customer 113,7081.81,USD,2026-09-23,INV-004613
txn_004614,Customer 114,7218.18,USD,2026-09-24,INV-004614
txn_004615,Customer 115,7355.55,USD,2026-09-25,INV-004615
txn_004616,Customer 116,7492.92,USD,2026-09-26,INV-004616
txn_004617,Customer 117,7629.29,USD,2026-09-27,INV-004617
txn_004618,Customer 118,7766.66,USD,2026-09-28,INV-004618
txn_004619,Customer 119,7903.03,USD,2026-09-29,INV-004619
txn_004620,Customer 120,8040.40,USD,2026-09-30,INV-004620
txn_004621,Customer 121,8177.77,USD,2026-09-01,INV-004621
txn_004622,Customer 122,8314.14,USD,2026-09-02,INV-004622
txn_004623,Customer 123,8451.51,USD,2026-09-03,INV-004623
txn_004624,Customer 124,8588.88,USD,2026-09-04,INV-004624
txn_004625,Customer 125,8725.25,USD,2026-09-05,INV-004625
txn_004626,Customer 126,8862.62,USD,2026-09-06,INV-004626
txn_004627,Customer 127,8999.99,USD,2026-09-07,INV-004627
txn_004628,Customer 128,9136.36,USD,2026-09-08,INV-004628
txn_004629,Customer 129,9273.73,USD,2026-09-09,INV-004629
txn_004630,Customer 130,9410.10,USD,2026-09-10,INV-004630
txn_004631,Customer 131,9547.47,USD,2026-09-11,INV-004631
txn_004632,Customer 132,9684.84,USD,2026-09-12,INV-004632
txn_004633,Customer 133,9821.21,USD,2026-09-13,INV-004633
txn_004634,Customer 134,9958.58,USD,2026-09-14,INV-004634
txn_004635,Customer 135,10095.95,USD,2026-09-15,INV-004635
txn_004636,Customer 136,10232.32,USD,2026-09-16,INV-004636
txn_004637,Customer 137,10369.69,USD,2026-09-17,INV-004637
txn_004638,Customer 138,10506.06,USD,2026-09-18,INV-004638
txn_004639,Customer 139,10643.43,USD,2026-09-19,INV-004639
txn_004640,Customer 140,10780.80,USD,2026-09-20,INV-004640
txn_004641,Customer 141,10917.17,USD,2026-09-21,INV-004641
txn_004642,Customer 142,11054.54,USD,2026-09-22,INV-004642
txn_004643,Customer 143,11191.91,USD,2026-09-23,INV-004643
txn_004644,Customer 144,11328.28,USD,2026-09-24,INV-004644
txn_004645,Customer 145,11465.65,USD,2026-09-25,INV-004645
txn_004646,Customer 146,11602.02,USD,2026-09-26,INV-004646
txn_004647,Customer 147,11739.39,USD,2026-09-27,INV-004647
txn_004648,Customer 148,11876.76,USD,2026-09-28,INV-004648
txn_004649,Customer 149,12013.13,USD,2026-09-29,INV-004649
txn_004650,Customer 150,12150.50,USD,2026-09-30,INV-004650
txn_004651,Customer 151,12287.87,USD,2026-09-01,INV-004651
txn_004652,Customer 152,12424.24,USD,2026-09-02,INV-004652
txn_004653,Customer 153,12561.61,USD,2026-09-03,INV-004653
txn_004654,Customer 154,12698.98,USD,2026-09-04,INV-004654
txn_004655,Customer 155,12835.35,USD,2026-09-05,INV-004655
txn_004656,Customer 156,12972.72,USD,2026-09-06,INV-004656
txn_004657,Customer 157,13109.09,USD,2026-09-07,INV-004657
txn_004658,Customer 158,13246.46,USD,2026-09-08,INV-004658
txn_004659,Customer 159,13383.83,USD,2026-09-09,INV-004659
txn_004660,Customer 160,13520.20,USD,2026-09-10,INV-004660
txn_004661,Customer 161,13657.57,USD,2026-09-11,INV-004661
txn_004662,Customer 162,13794.94,USD,2026-09-12,INV-004662
txn_004663,Customer 163,13931.31,USD,2026-09-13,INV-004663
txn_004664,Customer 164,14068.68,USD,2026-09-14,INV-004664
txn_004665,Customer 165,14205.05,USD,2026-09-15,INV-004665
txn_004666,Customer 166,14342.42,USD,2026-09-16,INV-004666
txn_004667,Customer 167,14479.79,USD,2026-09-17,INV-004667
txn_004668,Customer 168,14616.16,USD,2026-09-18,INV-004668
txn_004669,Customer 169,14753.53,USD,2026-09-19,INV-004669
txn_004670,Customer 170,14890.90,USD,2026-09-20,INV-004670
txn_004671,Customer 171,15027.27,USD,2026-09-21,INV-004671
txn_004672,Customer 172,15164.64,USD,2026-09-22,INV-004672
txn_004673,Customer 173,15301.01,USD,2026-09-23,INV-004673
txn_004674,Customer 174,15438.38,USD,2026-09-24,INV-004674
txn_004675,Customer 175,15575.75,USD,2026-09-25,INV-004675
txn_004676,Customer 176,15712.12,USD,2026-09-26,INV-004676
txn_004677,Customer 177,15849.49,USD,2026-09-27,INV-004677
txn_004678,Customer 178,15986.86,USD,2026-09-28,INV-004678
txn_004679,Customer 179,16123.23,USD,2026-09-29,INV-004679
txn_004680,Customer 180,16260.60,USD,2026-09-30,INV-004680
txn_004681,Customer 181,16397.97,USD,2026-09-01,INV-004681
txn_004682,Customer 182,16534.34,USD,2026-09-02,INV-004682
txn_004683,Customer 183,16671.71,USD,2026-09-03,INV-004683
txn_004684,Customer 184,16808.08,USD,2026-09-04,INV-004684
txn_004685,Customer 185,16945.45,USD,2026-09-05,INV-004685
txn_004686,Customer 186,17082.82,USD,2026-09-06,INV-004686
txn_004687,Customer 187,17219.19,USD,2026-09-07,INV-004687
txn_004688,Customer 188,17356.56,USD,2026-09-08,INV-004688
txn_004689,Customer 189,17493.93,USD,2026-09-09,INV-004689
txn_004690,Customer 190,17630.30,USD,2026-09-10,INV-004690
txn_004691,Customer 191,17767.67,USD,2026-09-11,INV-004691
txn_004692,Customer 192,17904.04,USD,2026-09-12,INV-004692
txn_004693,Customer 193,18041.41,USD,2026-09-13,INV-004693
txn_004694,Customer 194,18178.78,USD,2026-09-14,INV-004694
txn_004695,Customer 195,18315.15,USD,2026-09-15,INV-004695
txn_004696,Customer 196,18452.52,USD,2026-09-16,INV-004696
txn_004697,Customer 197,18589.89,USD,2026-09-17,INV-004697
txn_004698,Customer 198,18726.26,USD,2026-09-18,INV-004698
txn_004699,Customer 199,18863.63,USD,2026-09-19,INV-004699
txn_004700,Customer 200,19000.00,USD,2026-09-20,INV-004700
txn_004701,Customer 201,19137.37,USD,2026-09-21,INV-004701
txn_004702,Customer 202,19274.74,USD,2026-09-22,INV-004702
txn_004703,Customer 203,19411.11,USD,2026-09-23,INV-004703
txn_004704,Customer 204,19548.48,USD,2026-09-24,INV-004704
txn_004705,Customer 205,19685.85,USD,2026-09-25,INV-004705
txn_004706,Customer 206,19822.22,USD,2026-09-26,INV-004706
txn_004707,Customer 207,19959.59,USD,2026-09-27,INV-004707
txn_004708,Customer 208,20096.96,USD,2026-09-28,INV-004708
txn_004709,Customer 209,20233.33,USD,2026-09-29,INV-004709
txn_004710,Customer 210,20370.70,USD,2026-09-30,INV-004710
txn_004711,Customer 211,20507.07,USD,2026-09-01,INV-004711
txn_004712,Customer 212,20644.44,USD,2026-09-02,INV-004712
txn_004713,Customer 213,20781.81,USD,2026-09-03,INV-004713
txn_004714,Customer 214,20918.18,USD,2026-09-04,INV-004714
txn_004715,Customer 215,21055.55,USD,2026-09-05,INV-004715
txn_004716,Customer 216,21192.92,USD,2026-09-06,INV-004716
txn_004717,Customer 217,21329.29,USD,2026-09-07,INV-004717
txn_004718,Customer 218,21466.66,USD,2026-09-08,INV-004718
txn_004719,Customer 219,21603.03,USD,2026-09-09,INV-004719
txn_004720,Customer 220,21740.40,USD,2026-09-10,INV-004720
txn_004721,Customer 221,21877.77,USD,2026-09-11,INV-004721
txn_004722,Customer 222,22014.14,USD,2026-09-12,INV-004722
txn_004723,Customer 223,22151.51,USD,2026-09-13,INV-004723
txn_004724,Customer 224,22288.88,USD,2026-09-14,INV-004724
txn_004725,Customer 225,22425.25,USD,2026-09-15,INV-004725
txn_004726,Customer 226,22562.62,USD,2026-09-16,INV-004726
txn_004727,Customer 227,22699.99,USD,2026-09-17,INV-004727
txn_004728,Customer 228,22836.36,USD,2026-09-18,INV-004728
txn_004729,Customer 229,22973.73,USD,2026-09-19,INV-004729
txn_004730,Customer 230,23110.10,USD,2026-09-20,INV-004730
txn_004731,Customer 231,23247.47,USD,2026-09-21,INV-004731
txn_004732,Customer 232,23384.84,USD,2026-09-22,INV-004732
txn_004733,Customer 233,23521.21,USD,2026-09-23,INV-004733
txn_004734,Customer 234,23658.58,USD,2026-09-24,INV-004734
txn_004735,Customer 235,23795.95,USD,2026-09-25,INV-004735
txn_004736,Customer 236,23932.32,USD,2026-09-26,INV-004736
txn_004737,Customer 237,24069.69,USD,2026-09-27,INV-004737
txn_004738,Customer 238,24206.06,USD,2026-09-28,INV-004738
txn_004739,Customer 239,24343.43,USD,2026-09-29,INV-004739
txn_004740,Customer 240,24480.80,USD,2026-09-30,INV-004740
txn_004741,Customer 241,24617.17,USD,2026-09-01,INV-004741
txn_004742,Customer 242,24754.54,USD,2026-09-02,INV-004742
txn_004743,Customer 243,24891.91,USD,2026-09-03,INV-004743
txn_004744,Customer 244,25028.28,USD,2026-09-04,INV-004744
txn_004745,Customer 245,165.65,USD,2026-09-05,INV-004745
txn_004746,Customer 246,302.02,USD,2026-09-06,INV-004746
txn_004747,Customer 247,439.39,USD,2026-09-07,INV-004747
txn_004748,Customer 248,576.76,USD,2026-09-08,INV-004748
txn_004749,Customer 249,713.13,USD,2026-09-09,INV-004749
txn_004750,Customer 250,850.50,USD,2026-09-10,INV-004750
txn_004751,Customer 251,987.87,USD,2026-09-11,INV-004751
txn_004752,Customer 252,1124.24,USD,2026-09-12,INV-004752
txn_004753,Customer 253,1261.61,USD,2026-09-13,INV-004753
txn_004754,Customer 254,1398.98,USD,2026-09-14,INV-004754
txn_004755,Customer 255,1535.35,USD,2026-09-15,INV-004755
txn_004756,Customer 256,1672.72,USD,2026-09-16,INV-004756
txn_004757,Customer 257,1809.09,USD,2026-09-17,INV-004757
txn_004758,Customer 258,1946.46,USD,2026-09-18,INV-004758
txn_004759,Customer 259,2083.83,USD,2026-09-19,INV-004759
txn_004760,Customer 260,2220.20,USD,2026-09-20,INV-004760
txn_004761,Customer 261,2357.57,USD,2026-09-21,INV-004761
txn_004762,Customer 262,2494.94,USD,2026-09-22,INV-004762
txn_004763,Customer 263,2631.31,USD,2026-09-23,INV-004763
txn_004764,Customer 264,2768.68,USD,2026-09-24,INV-004764
txn_004765,Customer 265,2905.05,USD,2026-09-25,INV-004765
txn_004766,Customer 266,3042.42,USD,2026-09-26,INV-004766
txn_004767,Customer 267,3179.79,USD,2026-09-27,INV-004767
txn_004768,Customer 268,3316.16,USD,2026-09-28,INV-004768
txn_004769,Customer 269,3453.53,USD,2026-09-29,INV-004769
txn_004770,Customer 270,3590.90,USD,2026-09-30,INV-004770
txn_004771,Customer 271,3727.27,USD,2026-09-01,INV-004771
txn_004772,Customer 272,3864.64,USD,2026-09-02,INV-004772
txn_004773,Customer 273,4001.01,USD,2026-09-03,INV-004773
txn_004774,Customer 274,4138.38,USD,2026-09-04,INV-004774
txn_004775,Customer 275,4275.75,USD,2026-09-05,INV-004775
txn_004776,Customer 276,4412.12,USD,2026-09-06,INV-004776
txn_004777,Customer 277,4549.49,USD,2026-09-07,INV-004777
txn_004778,Customer 278,4686.86,USD,2026-09-08,INV-004778
txn_004779,Customer 279,4823.23,USD,2026-09-09,INV-004779
txn_004780,Customer 280,4960.60,USD,2026-09-10,INV-004780
txn_004781,Customer 281,5097.97,USD,2026-09-11,INV-004781
txn_004782,Customer 282,5234.34,USD,2026-09-12,INV-004782
txn_004783,Customer 283,5371.71,USD,2026-09-13,INV-004783
txn_004784,Customer 284,5508.08,USD,2026-09-14,INV-004784
txn_004785,Customer 285,5645.45,USD,2026-09-15,INV-004785
txn_004786,Customer 286,5782.82,USD,2026-09-16,INV-004786
txn_004787,Customer 287,5919.19,USD,2026-09-17,INV-004787
txn_004788,Customer 288,6056.56,USD,2026-09-18,INV-004788
txn_004789,Customer 289,6193.93,USD,2026-09-19,INV-004789
txn_004790,Customer 290,6330.30,USD,2026-09-20,INV-004790
txn_004791,Customer 291,6467.67,USD,2026-09-21,INV-004791
txn_004792,Customer 292,6604.04,USD,2026-09-22,INV-004792
txn_004793,Customer 293,6741.41,USD,2026-09-23,INV-004793
txn_004794,Customer 294,6878.78,USD,2026-09-24,INV-004794
txn_004795,Customer 295,7015.15,USD,2026-09-25,INV-004795
txn_004796,Customer 296,7152.52,USD,2026-09-26,INV-004796
txn_004797,Customer 297,7289.89,USD,2026-09-27,INV-004797
txn_004798,Customer 298,7426.26,USD,2026-09-28,INV-004798
txn_004799,Customer 299,7563.63,USD,2026-09-29,INV-004799
txn_004800,Customer 300,7700.00,USD,2026-09-30,INV-004800
txn_004801,Customer 301,7837.37,USD,2026-09-01,INV-004801
txn_004802,Customer 302,7974.74,USD,2026-09-02,INV-004802
txn_004803,Customer 303,8111.11,USD,2026-09-03,INV-004803
txn_004804,Customer 304,8248.48,USD,2026-09-04,INV-004804
txn_004805,Customer 305,8385.85,USD,2026-09-05,INV-004805
txn_004806,Customer 306,8522.22,USD,2026-09-06,INV-004806
txn_004807,Customer 307,8659.59,USD,2026-09-07,INV-004807
txn_004808,Customer 308,8796.96,USD,2026-09-08,INV-004808
txn_004809,Customer 309,8933.33,USD,2026-09-09,INV-004809
txn_004810,Customer 310,9070.70,USD,2026-09-10,INV-004810
txn_004811,Customer 311,9207.07,USD,2026-09-11,INV-004811
txn_004812,Customer 312,9344.44,USD,2026-09-12,INV-004812
txn_004813,Customer 313,9481.81,USD,2026-09-13,INV-004813
txn_004814,Customer 314,9618.18,USD,2026-09-14,INV-004814
txn_004815,Customer 315,9755.55,USD,2026-09-15,INV-004815
txn_004816,Customer 316,9892.92,USD,2026-09-16,INV-004816
txn_004817,Customer 317,10029.29,USD,2026-09-17,INV-004817
txn_004818,Customer 318,10166.66,USD,2026-09-18,INV-004818
txn_004819,Customer 319,10303.03,USD,2026-09-19,INV-004819
txn_004820,Customer 320,10440.40,USD,2026-09-20,INV-004820
txn_004821,Customer 321,10577.77,USD,2026-09-21,INV-004821
txn_004822,Customer 322,10714.14,USD,2026-09-22,INV-004822
txn_004823,Customer 323,10851.51,USD,2026-09-23,INV-004823
txn_004824,Customer 324,10988.88,USD,2026-09-24,INV-004824
txn_004825,Customer 325,11125.25,USD,2026-09-25,INV-004825
txn_004826,Customer 326,11262.62,USD,2026-09-26,INV-004826
txn_004827,Customer 327,11399.99,USD,2026-09-27,INV-004827
txn_004828,Customer 328,11536.36,USD,2026-09-28,INV-004828
txn_004829,Customer 329,11673.73,USD,2026-09-29,INV-004829
txn_004830,Customer 330,11810.10,USD,2026-09-30,INV-004830
txn_004831,Customer 331,11947.47,USD,2026-09-01,INV-004831
txn_004832,Customer 332,12084.84,USD,2026-09-02,INV-004832
txn_004833,Customer 333,12221.21,USD,2026-09-03,INV-004833
txn_004834,Customer 334,12358.58,USD,2026-09-04,INV-004834
txn_004835,Customer 335,12495.95,USD,2026-09-05,INV-004835
txn_004836,Customer 336,12632.32,USD,2026-09-06,INV-004836
txn_004837,Customer 337,12769.69,USD,2026-09-07,INV-004837
txn_004838,Customer 338,12906.06,USD,2026-09-08,INV-004838
txn_004839,Customer 339,13043.43,USD,2026-09-09,INV-004839
txn_004840,Customer 340,13180.80,USD,2026-09-10,INV-004840
txn_004841,Customer 341,13317.17,USD,2026-09-11,INV-004841
txn_004842,Customer 342,13454.54,USD,2026-09-12,INV-004842
txn_004843,Customer 343,13591.91,USD,2026-09-13,INV-004843
txn_004844,Customer 344,13728.28,USD,2026-09-14,INV-004844
txn_004845,Customer 345,13865.65,USD,2026-09-15,INV-004845
txn_004846,Customer 346,14002.02,USD,2026-09-16,INV-004846
txn_004847,Customer 347,14139.39,USD,2026-09-17,INV-004847
txn_004848,Customer 348,14276.76,USD,2026-09-18,INV-004848
txn_004849,Customer 349,14413.13,USD,2026-09-19,INV-004849
txn_004850,Customer 350,14550.50,USD,2026-09-20,INV-004850
txn_004851,Customer 351,14687.87,USD,2026-09-21,INV-004851
txn_004852,Customer 352,14824.24,USD,2026-09-22,INV-004852
txn_004853,Customer 353,14961.61,USD,2026-09-23,INV-004853
txn_004854,Customer 354,15098.98,USD,2026-09-24,INV-004854
txn_004855,Customer 355,15235.35,USD,2026-09-25,INV-004855
txn_004856,Customer 356,15372.72,USD,2026-09-26,INV-004856
txn_004857,Customer 357,15509.09,USD,2026-09-27,INV-004857
txn_004858,Customer 358,15646.46,USD,2026-09-28,INV-004858
txn_004859,Customer 359,15783.83,USD,2026-09-29,INV-004859
txn_004860,Customer 360,15920.20,USD,2026-09-30,INV-004860
txn_004861,Customer 361,16057.57,USD,2026-09-01,INV-004861
txn_004862,Customer 362,16194.94,USD,2026-09-02,INV-004862
txn_004863,Customer 363,16331.31,USD,2026-09-03,INV-004863
txn_004864,Customer 364,16468.68,USD,2026-09-04,INV-004864
txn_004865,Customer 365,16605.05,USD,2026-09-05,INV-004865
txn_004866,Customer 366,16742.42,USD,2026-09-06,INV-004866
txn_004867,Customer 367,16879.79,USD,2026-09-07,INV-004867
txn_004868,Customer 368,17016.16,USD,2026-09-08,INV-004868
txn_004869,Customer 369,17153.53,USD,2026-09-09,INV-004869
txn_004870,Customer 370,17290.90,USD,2026-09-10,INV-004870
txn_004871,Customer 371,17427.27,USD,2026-09-11,INV-004871
txn_004872,Customer 372,17564.64,USD,2026-09-12,INV-004872
txn_004873,Customer 373,17701.01,USD,2026-09-13,INV-004873
txn_004874,Customer 374,17838.38,USD,2026-09-14,INV-004874
txn_004875,Customer 375,17975.75,USD,2026-09-15,INV-004875
txn_004876,Customer 376,18112.12,USD,2026-09-16,INV-004876
txn_004877,Customer 377,18249.49,USD,2026-09-17,INV-004877
txn_004878,Customer 378,18386.86,USD,2026-09-18,INV-004878
txn_004879,Customer 379,18523.23,USD,2026-09-19,INV-004879
txn_004880,Customer 380,18660.60,USD,2026-09-20,INV-004880
txn_004881,Customer 381,18797.97,USD,2026-09-21,INV-004881
txn_004882,Customer 382,18934.34,USD,2026-09-22,INV-004882
txn_004883,Customer 383,19071.71,USD,2026-09-23,INV-004883
txn_004884,Customer 384,19208.08,USD,2026-09-24,INV-004884
txn_004885,Customer 385,19345.45,USD,2026-09-25,INV-004885
txn_004886,Customer 386,19482.82,USD,2026-09-26,INV-004886
txn_004887,Customer 387,19619.19,USD,2026-09-27,INV-004887
txn_004888,Customer 388,19756.56,USD,2026-09-28,INV-004888
txn_004889,Customer 389,19893.93,USD,2026-09-29,INV-004889
txn_004890,Customer 390,20030.30,USD,2026-09-30,INV-004890
txn_004891,Customer 391,20167.67,USD,2026-09-01,INV-004891
txn_004892,Customer 392,20304.04,USD,2026-09-02,INV-004892
txn_004893,Customer 393,20441.41,USD,2026-09-03,INV-004893
txn_004894,Customer 394,20578.78,USD,2026-09-04,INV-004894
txn_004895,Customer 395,20715.15,USD,2026-09-05,INV-004895
txn_004896,Customer 396,20852.52,USD,2026-09-06,INV-004896
txn_004897,Customer 397,20989.89,USD,2026-09-07,INV-004897
txn_004898,Customer 398,21126.26,USD,2026-09-08,INV-004898
txn_004899,Customer 399,21263.63,USD,2026-09-09,INV-004899
txn_004900,Customer 400,21400.00,USD,2026-09-10,INV-004900
txn_004901,Customer 401,21537.37,USD,2026-09-11,INV-004901
txn_004902,Customer 402,21674.74,USD,2026-09-12,INV-004902
txn_004903,Customer 403,21811.11,USD,2026-09-13,INV-004903
txn_004904,Customer 404,21948.48,USD,2026-09-14,INV-004904
txn_004905,Customer 405,22085.85,USD,2026-09-15,INV-004905
txn_004906,Customer 406,22222.22,USD,2026-09-16,INV-004906
txn_004907,Customer 407,22359.59,USD,2026-09-17,INV-004907
txn_004908,Customer 408,22496.96,USD,2026-09-18,INV-004908
txn_004909,Customer 409,22633.33,USD,2026-09-19,INV-004909
txn_004910,Customer 410,22770.70,USD,2026-09-20,INV-004910
txn_004911,Customer 411,22907.07,USD,2026-09-21,INV-004911
txn_004912,Customer 412,23044.44,USD,2026-09-22,INV-004912
txn_004913,Customer 413,23181.81,USD,2026-09-23,INV-004913
txn_004914,Customer 414,23318.18,USD,2026-09-24,INV-004914
txn_004915,Customer 415,23455.55,USD,2026-09-25,INV-004915
txn_004916,Customer 416,23592.92,USD,2026-09-26,INV-004916
txn_004917,Customer 417,23729.29,USD,2026-09-27,INV-004917
txn_004918,Customer 418,23866.66,USD,2026-09-28,INV-004918
txn_004919,Customer 419,24003.03,USD,2026-09-29,INV-004919
txn_004920,Customer 420,24140.40,USD,2026-09-30,INV-004920
txn_004921,Customer 421,24277.77,USD,2026-09-01,INV-004921
txn_004922,Customer 422,24414.14,USD,2026-09-02,INV-004922
txn_004923,Customer 423,24551.51,USD,2026-09-03,INV-004923
txn_004924,Customer 424,24688.88,USD,2026-09-04,INV-004924
txn_004925,Customer 425,24825.25,USD,2026-09-05,INV-004925
txn_004926,Customer 426,24962.62,USD,2026-09-06,INV-004926
txn_004927,Customer 427,25099.99,USD,2026-09-07,INV-004927
txn_004928,Customer 428,236.36,USD,2026-09-08,INV-004928
txn_004929,Customer 429,373.73,USD,2026-09-09,INV-004929
txn_004930,Customer 430,510.10,USD,2026-09-10,INV-004930
txn_004931,Customer 431,647.47,USD,2026-09-11,INV-004931
txn_004932,Customer 432,784.84,USD,2026-09-12,INV-004932
txn_004933,Customer 433,921.21,USD,2026-09-13,INV-004933
txn_004934,Customer 434,1058.58,USD,2026-09-14,INV-004934
txn_004935,Customer 435,1195.95,USD,2026-09-15,INV-004935
txn_004936,Customer 436,1332.32,USD,2026-09-16,INV-004936
txn_004937,Customer 437,1469.69,USD,2026-09-17,INV-004937
txn_004938,Customer 438,1606.06,USD,2026-09-18,INV-004938
txn_004939,Customer 439,1743.43,USD,2026-09-19,INV-004939
txn_004940,Customer 440,1880.80,USD,2026-09-20,INV-004940
txn_004941,Customer 441,2017.17,USD,2026-09-21,INV-004941
txn_004942,Customer 442,2154.54,USD,2026-09-22,INV-004942
txn_004943,Customer 443,2291.91,USD,2026-09-23,INV-004943
txn_004944,Customer 444,2428.28,USD,2026-09-24,INV-004944
txn_004945,Customer 445,2565.65,USD,2026-09-25,INV-004945
txn_004946,Customer 446,2702.02,USD,2026-09-26,INV-004946
txn_004947,Customer 447,2839.39,USD,2026-09-27,INV-004947
txn_004948,Customer 448,2976.76,USD,2026-09-28,INV-004948
txn_004949,Customer 449,3113.13,USD,2026-09-29,INV-004949
txn_004950,Customer 450,3250.50,USD,2026-09-30,INV-004950
txn_004951,Customer 451,3387.87,USD,2026-09-01,INV-004951
txn_004952,Customer 452,3524.24,USD,2026-09-02,INV-004952
txn_004953,Customer 453,3661.61,USD,2026-09-03,INV-004953
txn_004954,Customer 454,3798.98,USD,2026-09-04,INV-004954
txn_004955,Customer 455,3935.35,USD,2026-09-05,INV-004955
txn_004956,Customer 456,4072.72,USD,2026-09-06,INV-004956
txn_004957,Customer 457,4209.09,USD,2026-09-07,INV-004957
txn_004958,Customer 458,4346.46,USD,2026-09-08,INV-004958
txn_004959,Customer 459,4483.83,USD,2026-09-09,INV-004959
txn_004960,Customer 460,4620.20,USD,2026-09-10,INV-004960
txn_004961,Customer 461,4757.57,USD,2026-09-11,INV-004961
txn_004962,Customer 462,4894.94,USD,2026-09-12,INV-004962
txn_004963,Customer 463,5031.31,USD,2026-09-13,INV-004963
txn_004964,Customer 464,5168.68,USD,2026-09-14,INV-004964
txn_004965,Customer 465,5305.05,USD,2026-09-15,INV-004965
txn_004966,Customer 466,5442.42,USD,2026-09-16,INV-004966
txn_004967,Customer 467,5579.79,USD,2026-09-17,INV-004967
txn_004968,Customer 468,5716.16,USD,2026-09-18,INV-004968
txn_004969,Customer 469,5853.53,USD,2026-09-19,INV-004969
txn_004970,Customer 470,5990.90,USD,2026-09-20,INV-004970
txn_004971,Customer 471,6127.27,USD,2026-09-21,INV-004971
txn_004972,Customer 472,6264.64,USD,2026-09-22,INV-004972
txn_004973,Customer 473,6401.01,USD,2026-09-23,INV-004973
txn_004974,Customer 474,6538.38,USD,2026-09-24,INV-004974
txn_004975,Customer 475,6675.75,USD,2026-09-25,INV-004975
txn_004976,Customer 476,6812.12,USD,2026-09-26,INV-004976
txn_004977,Customer 477,6949.49,USD,2026-09-27,INV-004977
txn_004978,Customer 478,7086.86,USD,2026-09-28,INV-004978
txn_004979,Customer 479,7223.23,USD,2026-09-29,INV-004979
txn_004980,Customer 480,7360.60,USD,2026-09-30,INV-004980
txn_004981,Customer 481,7497.97,USD,2026-09-01,INV-004981
txn_004982,Customer 482,7634.34,USD,2026-09-02,INV-004982
txn_004983,Customer 483,7771.71,USD,2026-09-03,INV-004983
txn_004984,Customer 484,7908.08,USD,2026-09-04,INV-004984
txn_004985,Customer 485,8045.45,USD,2026-09-05,INV-004985
txn_004986,Customer 486,8182.82,USD,2026-09-06,INV-004986
txn_004987,Customer 487,8319.19,USD,2026-09-07,INV-004987
txn_004988,Customer 488,8456.56,USD,2026-09-08,INV-004988
txn_004989,Customer 489,8593.93,USD,2026-09-09,INV-004989
txn_004990,Customer 490,8730.30,USD,2026-09-10,INV-004990
txn_004991,Customer 491,8867.67,USD,2026-09-11,INV-004991
txn_004992,Customer 492,9004.04,USD,2026-09-12,INV-004992
txn_004993,Customer 493,9141.41,USD,2026-09-13,INV-004993
txn_004994,Customer 494,9278.78,USD,2026-09-14,INV-004994
txn_004995,Customer 495,9415.15,USD,2026-09-15,INV-004995
txn_004996,Customer 496,9552.52,USD,2026-09-16,INV-004996
txn_004997,Customer 497,9689.89,USD,2026-09-17,INV-004997
txn_004998,Customer 498,9826.26,USD,2026-09-18,INV-004998
txn_004999,Customer 499,9963.63,USD,2026-09-19,INV-004999
txn_005000,Customer 500,10100.00,USD,2026-09-20,INV-005000
txn_005001,Customer 501,10237.37,USD,2026-09-21,INV-005001
txn_005002,Customer 502,10374.74,USD,2026-09-22,INV-005002
txn_005003,Customer 503,10511.11,USD,2026-09-23,INV-005003
txn_005004,Customer 504,10648.48,USD,2026-09-24,INV-005004
txn_005005,Customer 505,10785.85,USD,2026-09-25,INV-005005
txn_005006,Customer 506,10922.22,USD,2026-09-26,INV-005006
txn_005007,Customer 507,11059.59,USD,2026-09-27,INV-005007
txn_005008,Customer 508,11196.96,USD,2026-09-28,INV-005008
txn_005009,Customer 509,11333.33,USD,2026-09-29,INV-005009
txn_005010,Customer 510,11470.70,USD,2026-09-30,INV-005010
txn_005011,Customer 511,11607.07,USD,2026-09-01,INV-005011
txn_005012,Customer 512,11744.44,USD,2026-09-02,INV-005012
txn_005013,Customer 513,11881.81,USD,2026-09-03,INV-005013
txn_005014,Customer 514,12018.18,USD,2026-09-04,INV-005014
txn_005015,Customer 515,12155.55,USD,2026-09-05,INV-005015
txn_005016,Customer 516,12292.92,USD,2026-09-06,INV-005016
txn_005017,Customer 517,12429.29,USD,2026-09-07,INV-005017
txn_005018,Customer 518,12566.66,USD,2026-09-08,INV-005018
txn_005019,Customer 519,12703.03,USD,2026-09-09,INV-005019
txn_005020,Customer 520,12840.40,USD,2026-09-10,INV-005020
txn_005021,Customer 521,12977.77,USD,2026-09-11,INV-005021
txn_005022,Customer 522,13114.14,USD,2026-09-12,INV-005022
txn_005023,Customer 523,13251.51,USD,2026-09-13,INV-005023
txn_005024,Customer 524,13388.88,USD,2026-09-14,INV-005024
txn_005025,Customer 525,13525.25,USD,2026-09-15,INV-005025
txn_005026,Customer 526,13662.62,USD,2026-09-16,INV-005026
txn_005027,Customer 527,13799.99,USD,2026-09-17,INV-005027
txn_005028,Customer 528,13936.36,USD,2026-09-18,INV-005028
txn_005029,Customer 529,14073.73,USD,2026-09-19,INV-005029
txn_005030,Customer 530,14210.10,USD,2026-09-20,INV-005030
txn_005031,Customer 531,14347.47,USD,2026-09-21,INV-005031
txn_005032,Customer 532,14484.84,USD,2026-09-22,INV-005032
txn_005033,Customer 533,14621.21,USD,2026-09-23,INV-005033
txn_005034,Customer 534,14758.58,USD,2026-09-24,INV-005034
txn_005035,Customer 535,14895.95,USD,2026-09-25,INV-005035
txn_005036,Customer 536,15032.32,USD,2026-09-26,INV-005036
txn_005037,Customer 537,15169.69,USD,2026-09-27,INV-005037
txn_005038,Customer 538,15306.06,USD,2026-09-28,INV-005038
txn_005039,Customer 539,15443.43,USD,2026-09-29,INV-005039
txn_005040,Customer 540,15580.80,USD,2026-09-30,INV-005040
txn_005041,Customer 541,15717.17,USD,2026-09-01,INV-005041
txn_005042,Customer 542,15854.54,USD,2026-09-02,INV-005042
txn_005043,Customer 543,15991.91,USD,2026-09-03,INV-005043
txn_005044,Customer 544,16128.28,USD,2026-09-04,INV-005044
txn_005045,Customer 545,16265.65,USD,2026-09-05,INV-005045
txn_005046,Customer 546,16402.02,USD,2026-09-06,INV-005046
txn_005047,Customer 547,16539.39,USD,2026-09-07,INV-005047
txn_005048,Customer 548,16676.76,USD,2026-09-08,INV-005048
txn_005049,Customer 549,16813.13,USD,2026-09-09,INV-005049
txn_005050,Customer 550,16950.50,USD,2026-09-10,INV-005050
txn_005051,Customer 551,17087.87,USD,2026-09-11,INV-005051
txn_005052,Customer 552,17224.24,USD,2026-09-12,INV-005052
txn_005053,Customer 553,17361.61,USD,2026-09-13,INV-005053
txn_005054,Customer 554,17498.98,USD,2026-09-14,INV-005054
txn_005055,Customer 555,17635.35,USD,2026-09-15,INV-005055
txn_005056,Customer 556,17772.72,USD,2026-09-16,INV-005056
txn_005057,Customer 557,17909.09,USD,2026-09-17,INV-005057
txn_005058,Customer 558,18046.46,USD,2026-09-18,INV-005058
txn_005059,Customer 559,18183.83,USD,2026-09-19,INV-005059
txn_005060,Customer 560,18320.20,USD,2026-09-20,INV-005060
txn_005061,Customer 561,18457.57,USD,2026-09-21,INV-005061
txn_005062,Customer 562,18594.94,USD,2026-09-22,INV-005062
txn_005063,Customer 563,18731.31,USD,2026-09-23,INV-005063
txn_005064,Customer 564,18868.68,USD,2026-09-24,INV-005064
txn_005065,Customer 565,19005.05,USD,2026-09-25,INV-005065
txn_005066,Customer 566,19142.42,USD,2026-09-26,INV-005066
txn_005067,Customer 567,19279.79,USD,2026-09-27,INV-005067
txn_005068,Customer 568,19416.16,USD,2026-09-28,INV-005068
txn_005069,Customer 569,19553.53,USD,2026-09-29,INV-005069
txn_005070,Customer 570,19690.90,USD,2026-09-30,INV-005070
txn_005071,Customer 571,19827.27,USD,2026-09-01,INV-005071
txn_005072,Customer 572,19964.64,USD,2026-09-02,INV-005072
txn_005073,Customer 573,20101.01,USD,2026-09-03,INV-005073
txn_005074,Customer 574,20238.38,USD,2026-09-04,INV-005074
txn_005075,Customer 575,20375.75,USD,2026-09-05,INV-005075
txn_005076,Customer 576,20512.12,USD,2026-09-06,INV-005076
txn_005077,Customer 577,20649.49,USD,2026-09-07,INV-005077
txn_005078,Customer 578,20786.86,USD,2026-09-08,INV-005078
txn_005079,Customer 579,20923.23,USD,2026-09-09,INV-005079
txn_005080,Customer 580,21060.60,USD,2026-09-10,INV-005080
txn_005081,Customer 581,21197.97,USD,2026-09-11,INV-005081
txn_005082,Customer 582,21334.34,USD,2026-09-12,INV-005082
txn_005083,Customer 583,21471.71,USD,2026-09-13,INV-005083
txn_005084,Customer 584,21608.08,USD,2026-09-14,INV-005084
txn_005085,Customer 585,21745.45,USD,2026-09-15,INV-005085
txn_005086,Customer 586,21882.82,USD,2026-09-16,INV-005086
txn_005087,Customer 587,22019.19,USD,2026-09-17,INV-005087
txn_005088,Customer 588,22156.56,USD,2026-09-18,INV-005088
txn_005089,Customer 589,22293.93,USD,2026-09-19,INV-005089
txn_005090,Customer 590,22430.30,USD,2026-09-20,INV-005090
txn_005091,Customer 591,22567.67,USD,2026-09-21,INV-005091
txn_005092,Customer 592,22704.04,USD,2026-09-22,INV-005092
txn_005093,Customer 593,22841.41,USD,2026-09-23,INV-005093
txn_005094,Customer 594,22978.78,USD,2026-09-24,INV-005094
txn_005095,Customer 595,23115.15,USD,2026-09-25,INV-005095
txn_005096,Customer 596,23252.52,USD,2026-09-26,INV-005096
txn_005097,Customer 597,23389.89,USD,2026-09-27,INV-005097
txn_005098,Customer 598,23526.26,USD,2026-09-28,INV-005098
txn_005099,Customer 599,23663.63,USD,2026-09-29,INV-005099
txn_005100,Customer 600,23800.00,USD,2026-09-30,INV-005100
txn_005101,Customer 601,23937.37,USD,2026-09-01,INV-005101
txn_005102,Customer 602,24074.74,USD,2026-09-02,INV-005102
txn_005103,Customer 603,24211.11,USD,2026-09-03,INV-005103
txn_005104,Customer 604,24348.48,USD,2026-09-04,INV-005104
txn_005105,Customer 605,24485.85,USD,2026-09-05,INV-005105
txn_005106,Customer 606,24622.22,USD,2026-09-06,INV-005106
txn_005107,Customer 607,24759.59,USD,2026-09-07,INV-005107
txn_005108,Customer 608,24896.96,USD,2026-09-08,INV-005108
txn_005109,Customer 609,25033.33,USD,2026-09-09,INV-005109
txn_005110,Customer 610,170.70,USD,2026-09-10,INV-005110
txn_005111,Customer 611,307.07,USD,2026-09-11,INV-005111
txn_005112,Customer 612,444.44,USD,2026-09-12,INV-005112
txn_005113,Customer 613,581.81,USD,2026-09-13,INV-005113
txn_005114,Customer 614,718.18,USD,2026-09-14,INV-005114
txn_005115,Customer 615,855.55,USD,2026-09-15,INV-005115
txn_005116,Customer 616,992.92,USD,2026-09-16,INV-005116
txn_005117,Customer 617,1129.29,USD,2026-09-17,INV-005117
txn_005118,Customer 618,1266.66,USD,2026-09-18,INV-005118
txn_005119,Customer 619,1403.03,USD,2026-09-19,INV-005119
txn_005120,Customer 620,1540.40,USD,2026-09-20,INV-005120
txn_005121,Customer 621,1677.77,USD,2026-09-21,INV-005121
txn_005122,Customer 622,1814.14,USD,2026-09-22,INV-005122
txn_005123,Customer 623,1951.51,USD,2026-09-23,INV-005123
txn_005124,Customer 624,2088.88,USD,2026-09-24,INV-005124
txn_005125,Customer 625,2225.25,USD,2026-09-25,INV-005125
txn_005126,Customer 626,2362.62,USD,2026-09-26,INV-005126
txn_005127,Customer 627,2499.99,USD,2026-09-27,INV-005127
txn_005128,Customer 628,2636.36,USD,2026-09-28,INV-005128
txn_005129,Customer 629,2773.73,USD,2026-09-29,INV-005129
txn_005130,Customer 630,2910.10,USD,2026-09-30,INV-005130
txn_005131,Customer 631,3047.47,USD,2026-09-01,INV-005131
txn_005132,Customer 632,3184.84,USD,2026-09-02,INV-005132
txn_005133,Customer 633,3321.21,USD,2026-09-03,INV-005133
txn_005134,Customer 634,3458.58,USD,2026-09-04,INV-005134
txn_005135,Customer 635,3595.95,USD,2026-09-05,INV-005135
txn_005136,Customer 636,3732.32,USD,2026-09-06,INV-005136
txn_005137,Customer 637,3869.69,USD,2026-09-07,INV-005137
txn_005138,Customer 638,4006.06,USD,2026-09-08,INV-005138
txn_005139,Customer 639,4143.43,USD,2026-09-09,INV-005139
txn_005140,Customer 640,4280.80,USD,2026-09-10,INV-005140
txn_005141,Customer 641,4417.17,USD,2026-09-11,INV-005141
txn_005142,Customer 642,4554.54,USD,2026-09-12,INV-005142
txn_005143,Customer 643,4691.91,USD,2026-09-13,INV-005143
txn_005144,Customer 644,4828.28,USD,2026-09-14,INV-005144
txn_005145,Customer 645,4965.65,USD,2026-09-15,INV-005145
txn_005146,Customer 646,5102.02,USD,2026-09-16,INV-005146
txn_005147,Customer 647,5239.39,USD,2026-09-17,INV-005147
txn_005148,Customer 648,5376.76,USD,2026-09-18,INV-005148
txn_005149,Customer 649,5513.13,USD,2026-09-19,INV-005149
txn_005150,Customer 650,5650.50,USD,2026-09-20,INV-005150
txn_005151,Customer 651,5787.87,USD,2026-09-21,INV-005151
txn_005152,Customer 652,5924.24,USD,2026-09-22,INV-005152
txn_005153,Customer 653,6061.61,USD,2026-09-23,INV-005153
txn_005154,Customer 654,6198.98,USD,2026-09-24,INV-005154
txn_005155,Customer 655,6335.35,USD,2026-09-25,INV-005155
txn_005156,Customer 656,6472.72,USD,2026-09-26,INV-005156
txn_005157,Customer 657,6609.09,USD,2026-09-27,INV-005157
txn_005158,Customer 658,6746.46,USD,2026-09-28,INV-005158
txn_005159,Customer 659,6883.83,USD,2026-09-29,INV-005159
txn_005160,Customer 660,7020.20,USD,2026-09-30,INV-005160
txn_005161,Customer 661,7157.57,USD,2026-09-01,INV-005161
txn_005162,Customer 662,7294.94,USD,2026-09-02,INV-005162
txn_005163,Customer 663,7431.31,USD,2026-09-03,INV-005163
txn_005164,Customer 664,7568.68,USD,2026-09-04,INV-005164
txn_005165,Customer 665,7705.05,USD,2026-09-05,INV-005165
txn_005166,Customer 666,7842.42,USD,2026-09-06,INV-005166
txn_005167,Customer 667,7979.79,USD,2026-09-07,INV-005167
txn_005168,Customer 668,8116.16,USD,2026-09-08,INV-005168
txn_005169,Customer 669,8253.53,USD,2026-09-09,INV-005169
txn_005170,Customer 670,8390.90,USD,2026-09-10,INV-005170
txn_005171,Customer 671,8527.27,USD,2026-09-11,INV-005171
txn_005172,Customer 672,8664.64,USD,2026-09-12,INV-005172
txn_005173,Customer 673,8801.01,USD,2026-09-13,INV-005173
txn_005174,Customer 674,8938.38,USD,2026-09-14,INV-005174
txn_005175,Customer 675,9075.75,USD,2026-09-15,INV-005175
txn_005176,Customer 676,9212.12,USD,2026-09-16,INV-005176
txn_005177,Customer 677,9349.49,USD,2026-09-17,INV-005177
txn_005178,Customer 678,9486.86,USD,2026-09-18,INV-005178
txn_005179,Customer 679,9623.23,USD,2026-09-19,INV-005179
txn_005180,Customer 680,9760.60,USD,2026-09-20,INV-005180
txn_005181,Customer 681,9897.97,USD,2026-09-21,INV-005181
txn_005182,Customer 682,10034.34,USD,2026-09-22,INV-005182
txn_005183,Customer 683,10171.71,USD,2026-09-23,INV-005183
txn_005184,Customer 684,10308.08,USD,2026-09-24,INV-005184
txn_005185,Customer 685,10445.45,USD,2026-09-25,INV-005185
txn_005186,Customer 686,10582.82,USD,2026-09-26,INV-005186
txn_005187,Customer 687,10719.19,USD,2026-09-27,INV-005187
txn_005188,Customer 688,10856.56,USD,2026-09-28,INV-005188
txn_005189,Customer 689,10993.93,USD,2026-09-29,INV-005189
txn_005190,Customer 690,11130.30,USD,2026-09-30,INV-005190
txn_005191,Customer 691,11267.67,USD,2026-09-01,INV-005191
txn_005192,Customer 692,11404.04,USD,2026-09-02,INV-005192
txn_005193,Customer 693,11541.41,USD,2026-09-03,INV-005193
txn_005194,Customer 694,11678.78,USD,2026-09-04,INV-005194
txn_005195,Customer 695,11815.15,USD,2026-09-05,INV-005195
txn_005196,Customer 696,11952.52,USD,2026-09-06,INV-005196
txn_005197,Customer 697,12089.89,USD,2026-09-07,INV-005197
txn_005198,Customer 698,12226.26,USD,2026-09-08,INV-005198
txn_005199,Customer 699,12363.63,USD,2026-09-09,INV-005199
txn_005200,Customer 700,12500.00,USD,2026-09-10,INV-005200
txn_005201,Customer 701,12637.37,USD,2026-09-11,INV-005201
txn_005202,Customer 702,12774.74,USD,2026-09-12,INV-005202
txn_005203,Customer 703,12911.11,USD,2026-09-13,INV-005203
txn_005204,Customer 704,13048.48,USD,2026-09-14,INV-005204
txn_005205,Customer 705,13185.85,USD,2026-09-15,INV-005205
txn_005206,Customer 706,13322.22,USD,2026-09-16,INV-005206
txn_005207,Customer 707,13459.59,USD,2026-09-17,INV-005207
txn_005208,Customer 708,13596.96,USD,2026-09-18,INV-005208
txn_005209,Customer 709,13733.33,USD,2026-09-19,INV-005209
txn_005210,Customer 710,13870.70,USD,2026-09-20,INV-005210
txn_005211,Customer 711,14007.07,USD,2026-09-21,INV-005211
txn_005212,Customer 712,14144.44,USD,2026-09-22,INV-005212
txn_005213,Customer 713,14281.81,USD,2026-09-23,INV-005213
txn_005214,Customer 714,14418.18,USD,2026-09-24,INV-005214
txn_005215,Customer 715,14555.55,USD,2026-09-25,INV-005215
txn_005216,Customer 716,14692.92,USD,2026-09-26,INV-005216
txn_005217,Customer 717,14829.29,USD,2026-09-27,INV-005217
txn_005218,Customer 718,14966.66,USD,2026-09-28,INV-005218
txn_005219,Customer 719,15103.03,USD,2026-09-29,INV-005219
txn_005220,Customer 720,15240.40,USD,2026-09-30,INV-005220
txn_005221,Customer 721,15377.77,USD,2026-09-01,INV-005221
txn_005222,Customer 722,15514.14,USD,2026-09-02,INV-005222
txn_005223,Customer 723,15651.51,USD,2026-09-03,INV-005223
txn_005224,Customer 724,15788.88,USD,2026-09-04,INV-005224
txn_005225,Customer 725,15925.25,USD,2026-09-05,INV-005225
txn_005226,Customer 726,16062.62,USD,2026-09-06,INV-005226
txn_005227,Customer 727,16199.99,USD,2026-09-07,INV-005227
txn_005228,Customer 728,16336.36,USD,2026-09-08,INV-005228
txn_005229,Customer 729,16473.73,USD,2026-09-09,INV-005229
txn_005230,Customer 730,16610.10,USD,2026-09-10,INV-005230
txn_005231,Customer 731,16747.47,USD,2026-09-11,INV-005231
txn_005232,Customer 732,16884.84,USD,2026-09-12,INV-005232
txn_005233,Customer 733,17021.21,USD,2026-09-13,INV-005233
txn_005234,Customer 734,17158.58,USD,2026-09-14,INV-005234
txn_005235,Customer 735,17295.95,USD,2026-09-15,INV-005235
txn_005236,Customer 736,17432.32,USD,2026-09-16,INV-005236
txn_005237,Customer 737,17569.69,USD,2026-09-17,INV-005237
txn_005238,Customer 738,17706.06,USD,2026-09-18,INV-005238
txn_005239,Customer 739,17843.43,USD,2026-09-19,INV-005239
txn_005240,Customer 740,17980.80,USD,2026-09-20,INV-005240
txn_005241,Customer 741,18117.17,USD,2026-09-21,INV-005241
txn_005242,Customer 742,18254.54,USD,2026-09-22,INV-005242
txn_005243,Customer 743,18391.91,USD,2026-09-23,INV-005243
txn_005244,Customer 744,18528.28,USD,2026-09-24,INV-005244
txn_005245,Customer 745,18665.65,USD,2026-09-25,INV-005245
txn_005246,Customer 746,18802.02,USD,2026-09-26,INV-005246
txn_005247,Customer 747,18939.39,USD,2026-09-27,INV-005247
txn_005248,Customer 748,19076.76,USD,2026-09-28,INV-005248
txn_005249,Customer 749,19213.13,USD,2026-09-29,INV-005249
txn_005250,Customer 750,19350.50,USD,2026-09-30,INV-005250
txn_005251,Customer 001,19487.87,USD,2026-09-01,INV-005251
txn_005252,Customer 002,19624.24,USD,2026-09-02,INV-005252
txn_005253,Customer 003,19761.61,USD,2026-09-03,INV-005253
txn_005254,Customer 004,19898.98,USD,2026-09-04,INV-005254
txn_005255,Customer 005,20035.35,USD,2026-09-05,INV-005255
txn_005256,Customer 006,20172.72,USD,2026-09-06,INV-005256
txn_005257,Customer 007,20309.09,USD,2026-09-07,INV-005257
txn_005258,Customer 008,20446.46,USD,2026-09-08,INV-005258
txn_005259,Customer 009,20583.83,USD,2026-09-09,INV-005259
txn_005260,Customer 010,20720.20,USD,2026-09-10,INV-005260
txn_005261,Customer 011,20857.57,USD,2026-09-11,INV-005261
txn_005262,Customer 012,20994.94,USD,2026-09-12,INV-005262
txn_005263,Customer 013,21131.31,USD,2026-09-13,INV-005263
txn_005264,Customer 014,21268.68,USD,2026-09-14,INV-005264
txn_005265,Customer 015,21405.05,USD,2026-09-15,INV-005265
txn_005266,Customer 016,21542.42,USD,2026-09-16,INV-005266
txn_005267,Customer 017,21679.79,USD,2026-09-17,INV-005267
txn_005268,Customer 018,21816.16,USD,2026-09-18,INV-005268
txn_005269,Customer 019,21953.53,USD,2026-09-19,INV-005269
txn_005270,Customer 020,22090.90,USD,2026-09-20,INV-005270
txn_005271,Customer 021,22227.27,USD,2026-09-21,INV-005271
txn_005272,Customer 022,22364.64,USD,2026-09-22,INV-005272
txn_005273,Customer 023,22501.01,USD,2026-09-23,INV-005273
txn_005274,Customer 024,22638.38,USD,2026-09-24,INV-005274
txn_005275,Customer 025,22775.75,USD,2026-09-25,INV-005275
txn_005276,Customer 026,22912.12,USD,2026-09-26,INV-005276
txn_005277,Customer 027,23049.49,USD,2026-09-27,INV-005277
txn_005278,Customer 028,23186.86,USD,2026-09-28,INV-005278
txn_005279,Customer 029,23323.23,USD,2026-09-29,INV-005279
txn_005280,Customer 030,23460.60,USD,2026-09-30,INV-005280
txn_005281,Customer 031,23597.97,USD,2026-09-01,INV-005281
txn_005282,Customer 032,23734.34,USD,2026-09-02,INV-005282
txn_005283,Customer 033,23871.71,USD,2026-09-03,INV-005283
txn_005284,Customer 034,24008.08,USD,2026-09-04,INV-005284
txn_005285,Customer 035,24145.45,USD,2026-09-05,INV-005285
txn_005286,Customer 036,24282.82,USD,2026-09-06,INV-005286
txn_005287,Customer 037,24419.19,USD,2026-09-07,INV-005287
txn_005288,Customer 038,24556.56,USD,2026-09-08,INV-005288
txn_005289,Customer 039,24693.93,USD,2026-09-09,INV-005289
txn_005290,Customer 040,24830.30,USD,2026-09-10,INV-005290
txn_005291,Customer 041,24967.67,USD,2026-09-11,INV-005291
txn_005292,Customer 042,104.04,USD,2026-09-12,INV-005292
txn_005293,Customer 043,241.41,USD,2026-09-13,INV-005293
txn_005294,Customer 044,378.78,USD,2026-09-14,INV-005294
txn_005295,Customer 045,515.15,USD,2026-09-15,INV-005295
txn_005296,Customer 046,652.52,USD,2026-09-16,INV-005296
txn_005297,Customer 047,789.89,USD,2026-09-17,INV-005297
txn_005298,Customer 048,926.26,USD,2026-09-18,INV-005298
txn_005299,Customer 049,1063.63,USD,2026-09-19,INV-005299
txn_005300,Customer 050,1200.00,USD,2026-09-20,INV-005300
txn_005301,Customer 051,1337.37,USD,2026-09-21,INV-005301
txn_005302,Customer 052,1474.74,USD,2026-09-22,INV-005302
txn_005303,Customer 053,1611.11,USD,2026-09-23,INV-005303
txn_005304,Customer 054,1748.48,USD,2026-09-24,INV-005304
txn_005305,Customer 055,1885.85,USD,2026-09-25,INV-005305
txn_005306,Customer 056,2022.22,USD,2026-09-26,INV-005306
txn_005307,Customer 057,2159.59,USD,2026-09-27,INV-005307
txn_005308,Customer 058,2296.96,USD,2026-09-28,INV-005308
txn_005309,Customer 059,2433.33,USD,2026-09-29,INV-005309
txn_005310,Customer 060,2570.70,USD,2026-09-30,INV-005310
txn_005311,Customer 061,2707.07,USD,2026-09-01,INV-005311
txn_005312,Customer 062,2844.44,USD,2026-09-02,INV-005312
txn_005313,Customer 063,2981.81,USD,2026-09-03,INV-005313
txn_005314,Customer 064,3118.18,USD,2026-09-04,INV-005314
txn_005315,Customer 065,3255.55,USD,2026-09-05,INV-005315
txn_005316,Customer 066,3392.92,USD,2026-09-06,INV-005316
txn_005317,Customer 067,3529.29,USD,2026-09-07,INV-005317
txn_005318,Customer 068,3666.66,USD,2026-09-08,INV-005318
txn_005319,Customer 069,3803.03,USD,2026-09-09,INV-005319
txn_005320,Customer 070,3940.40,USD,2026-09-10,INV-005320
txn_005321,Customer 071,4077.77,USD,2026-09-11,INV-005321
txn_005322,Customer 072,4214.14,USD,2026-09-12,INV-005322
txn_005323,Customer 073,4351.51,USD,2026-09-13,INV-005323
txn_005324,Customer 074,4488.88,USD,2026-09-14,INV-005324
txn_005325,Customer 075,4625.25,USD,2026-09-15,INV-005325
txn_005326,Customer 076,4762.62,USD,2026-09-16,INV-005326
txn_005327,Customer 077,4899.99,USD,2026-09-17,INV-005327
txn_005328,Customer 078,5036.36,USD,2026-09-18,INV-005328
txn_005329,Customer 079,5173.73,USD,2026-09-19,INV-005329
txn_005330,Customer 080,5310.10,USD,2026-09-20,INV-005330
txn_005331,Customer 081,5447.47,USD,2026-09-21,INV-005331
txn_005332,Customer 082,5584.84,USD,2026-09-22,INV-005332
txn_005333,Customer 083,5721.21,USD,2026-09-23,INV-005333
txn_005334,Customer 084,5858.58,USD,2026-09-24,INV-005334
txn_005335,Customer 085,5995.95,USD,2026-09-25,INV-005335
txn_005336,Customer 086,6132.32,USD,2026-09-26,INV-005336
txn_005337,Customer 087,6269.69,USD,2026-09-27,INV-005337
txn_005338,Customer 088,6406.06,USD,2026-09-28,INV-005338
txn_005339,Customer 089,6543.43,USD,2026-09-29,INV-005339
txn_005340,Customer 090,6680.80,USD,2026-09-30,INV-005340
txn_005341,Customer 091,6817.17,USD,2026-09-01,INV-005341
txn_005342,Customer 092,6954.54,USD,2026-09-02,INV-005342
txn_005343,Customer 093,7091.91,USD,2026-09-03,INV-005343
txn_005344,Customer 094,7228.28,USD,2026-09-04,INV-005344
txn_005345,Customer 095,7365.65,USD,2026-09-05,INV-005345
txn_005346,Customer 096,7502.02,USD,2026-09-06,INV-005346
txn_005347,Customer 097,7639.39,USD,2026-09-07,INV-005347
txn_005348,Customer 098,7776.76,USD,2026-09-08,INV-005348
txn_005349,Customer 099,7913.13,USD,2026-09-09,INV-005349
txn_005350,Customer 100,8050.50,USD,2026-09-10,INV-005350
txn_005351,Customer 101,8187.87,USD,2026-09-11,INV-005351
txn_005352,Customer 102,8324.24,USD,2026-09-12,INV-005352
txn_005353,Customer 103,8461.61,USD,2026-09-13,INV-005353
txn_005354,Customer 104,8598.98,USD,2026-09-14,INV-005354
txn_005355,Customer 105,8735.35,USD,2026-09-15,INV-005355
txn_005356,Customer 106,8872.72,USD,2026-09-16,INV-005356
txn_005357,Customer 107,9009.09,USD,2026-09-17,INV-005357
txn_005358,Customer 108,9146.46,USD,2026-09-18,INV-005358
txn_005359,Customer 109,9283.83,USD,2026-09-19,INV-005359
txn_005360,Customer 110,9420.20,USD,2026-09-20,INV-005360
txn_005361,Customer 111,9557.57,USD,2026-09-21,INV-005361
txn_005362,Customer 112,9694.94,USD,2026-09-22,INV-005362
txn_005363,Customer 113,9831.31,USD,2026-09-23,INV-005363
txn_005364,Customer 114,9968.68,USD,2026-09-24,INV-005364
txn_005365,Customer 115,10105.05,USD,2026-09-25,INV-005365
txn_005366,Customer 116,10242.42,USD,2026-09-26,INV-005366
txn_005367,Customer 117,10379.79,USD,2026-09-27,INV-005367
txn_005368,Customer 118,10516.16,USD,2026-09-28,INV-005368
txn_005369,Customer 119,10653.53,USD,2026-09-29,INV-005369
txn_005370,Customer 120,10790.90,USD,2026-09-30,INV-005370
txn_005371,Customer 121,10927.27,USD,2026-09-01,INV-005371
txn_005372,Customer 122,11064.64,USD,2026-09-02,INV-005372
txn_005373,Customer 123,11201.01,USD,2026-09-03,INV-005373
txn_005374,Customer 124,11338.38,USD,2026-09-04,INV-005374
txn_005375,Customer 125,11475.75,USD,2026-09-05,INV-005375
txn_005376,Customer 126,11612.12,USD,2026-09-06,INV-005376
txn_005377,Customer 127,11749.49,USD,2026-09-07,INV-005377
txn_005378,Customer 128,11886.86,USD,2026-09-08,INV-005378
txn_005379,Customer 129,12023.23,USD,2026-09-09,INV-005379
txn_005380,Customer 130,12160.60,USD,2026-09-10,INV-005380
txn_005381,Customer 131,12297.97,USD,2026-09-11,INV-005381
txn_005382,Customer 132,12434.34,USD,2026-09-12,INV-005382
txn_005383,Customer 133,12571.71,USD,2026-09-13,INV-005383
txn_005384,Customer 134,12708.08,USD,2026-09-14,INV-005384
txn_005385,Customer 135,12845.45,USD,2026-09-15,INV-005385
txn_005386,Customer 136,12982.82,USD,2026-09-16,INV-005386
txn_005387,Customer 137,13119.19,USD,2026-09-17,INV-005387
txn_005388,Customer 138,13256.56,USD,2026-09-18,INV-005388
txn_005389,Customer 139,13393.93,USD,2026-09-19,INV-005389
txn_005390,Customer 140,13530.30,USD,2026-09-20,INV-005390
txn_005391,Customer 141,13667.67,USD,2026-09-21,INV-005391
txn_005392,Customer 142,13804.04,USD,2026-09-22,INV-005392
txn_005393,Customer 143,13941.41,USD,2026-09-23,INV-005393
txn_005394,Customer 144,14078.78,USD,2026-09-24,INV-005394
txn_005395,Customer 145,14215.15,USD,2026-09-25,INV-005395
txn_005396,Customer 146,14352.52,USD,2026-09-26,INV-005396
txn_005397,Customer 147,14489.89,USD,2026-09-27,INV-005397
txn_005398,Customer 148,14626.26,USD,2026-09-28,INV-005398
txn_005399,Customer 149,14763.63,USD,2026-09-29,INV-005399
txn_005400,Customer 150,14900.00,USD,2026-09-30,INV-005400
txn_005401,Customer 151,15037.37,USD,2026-09-01,INV-005401
txn_005402,Customer 152,15174.74,USD,2026-09-02,INV-005402
txn_005403,Customer 153,15311.11,USD,2026-09-03,INV-005403
txn_005404,Customer 154,15448.48,USD,2026-09-04,INV-005404
txn_005405,Customer 155,15585.85,USD,2026-09-05,INV-005405
txn_005406,Customer 156,15722.22,USD,2026-09-06,INV-005406
txn_005407,Customer 157,15859.59,USD,2026-09-07,INV-005407
txn_005408,Customer 158,15996.96,USD,2026-09-08,INV-005408
txn_005409,Customer 159,16133.33,USD,2026-09-09,INV-005409
txn_005410,Customer 160,16270.70,USD,2026-09-10,INV-005410
txn_005411,Customer 161,16407.07,USD,2026-09-11,INV-005411
txn_005412,Customer 162,16544.44,USD,2026-09-12,INV-005412
txn_005413,Customer 163,16681.81,USD,2026-09-13,INV-005413
txn_005414,Customer 164,16818.18,USD,2026-09-14,INV-005414
txn_005415,Customer 165,16955.55,USD,2026-09-15,INV-005415
txn_005416,Customer 166,17092.92,USD,2026-09-16,INV-005416
txn_005417,Customer 167,17229.29,USD,2026-09-17,INV-005417
txn_005418,Customer 168,17366.66,USD,2026-09-18,INV-005418
txn_005419,Customer 169,17503.03,USD,2026-09-19,INV-005419
txn_005420,Customer 170,17640.40,USD,2026-09-20,INV-005420
txn_005421,Customer 171,17777.77,USD,2026-09-21,INV-005421
txn_005422,Customer 172,17914.14,USD,2026-09-22,INV-005422
txn_005423,Customer 173,18051.51,USD,2026-09-23,INV-005423
txn_005424,Customer 174,18188.88,USD,2026-09-24,INV-005424
txn_005425,Customer 175,18325.25,USD,2026-09-25,INV-005425
txn_005426,Customer 176,18462.62,USD,2026-09-26,INV-005426
txn_005427,Customer 177,18599.99,USD,2026-09-27,INV-005427
txn_005428,Customer 178,18736.36,USD,2026-09-28,INV-005428
txn_005429,Customer 179,18873.73,USD,2026-09-29,INV-005429
txn_005430,Customer 180,19010.10,USD,2026-09-30,INV-005430
txn_005431,Customer 181,19147.47,USD,2026-09-01,INV-005431
txn_005432,Customer 182,19284.84,USD,2026-09-02,INV-005432
txn_005433,Customer 183,19421.21,USD,2026-09-03,INV-005433
txn_005434,Customer 184,19558.58,USD,2026-09-04,INV-005434
txn_005435,Customer 185,19695.95,USD,2026-09-05,INV-005435
txn_005436,Customer 186,19832.32,USD,2026-09-06,INV-005436
txn_005437,Customer 187,19969.69,USD,2026-09-07,INV-005437
txn_005438,Customer 188,20106.06,USD,2026-09-08,INV-005438
txn_005439,Customer 189,20243.43,USD,2026-09-09,INV-005439
txn_005440,Customer 190,20380.80,USD,2026-09-10,INV-005440
txn_005441,Customer 191,20517.17,USD,2026-09-11,INV-005441
txn_005442,Customer 192,20654.54,USD,2026-09-12,INV-005442
txn_005443,Customer 193,20791.91,USD,2026-09-13,INV-005443
txn_005444,Customer 194,20928.28,USD,2026-09-14,INV-005444
txn_005445,Customer 195,21065.65,USD,2026-09-15,INV-005445
txn_005446,Customer 196,21202.02,USD,2026-09-16,INV-005446
txn_005447,Customer 197,21339.39,USD,2026-09-17,INV-005447
txn_005448,Customer 198,21476.76,USD,2026-09-18,INV-005448
txn_005449,Customer 199,21613.13,USD,2026-09-19,INV-005449
txn_005450,Customer 200,21750.50,USD,2026-09-20,INV-005450
txn_005451,Customer 201,21887.87,USD,2026-09-21,INV-005451
txn_005452,Customer 202,22024.24,USD,2026-09-22,INV-005452
txn_005453,Customer 203,22161.61,USD,2026-09-23,INV-005453
txn_005454,Customer 204,22298.98,USD,2026-09-24,INV-005454
txn_005455,Customer 205,22435.35,USD,2026-09-25,INV-005455
txn_005456,Customer 206,22572.72,USD,2026-09-26,INV-005456
txn_005457,Customer 207,22709.09,USD,2026-09-27,INV-005457
txn_005458,Customer 208,22846.46,USD,2026-09-28,INV-005458
txn_005459,Customer 209,22983.83,USD,2026-09-29,INV-005459
txn_005460,Customer 210,23120.20,USD,2026-09-30,INV-005460
txn_005461,Customer 211,23257.57,USD,2026-09-01,INV-005461
txn_005462,Customer 212,23394.94,USD,2026-09-02,INV-005462
txn_005463,Customer 213,23531.31,USD,2026-09-03,INV-005463
txn_005464,Customer 214,23668.68,USD,2026-09-04,INV-005464
txn_005465,Customer 215,23805.05,USD,2026-09-05,INV-005465
txn_005466,Customer 216,23942.42,USD,2026-09-06,INV-005466
txn_005467,Customer 217,24079.79,USD,2026-09-07,INV-005467
txn_005468,Customer 218,24216.16,USD,2026-09-08,INV-005468
txn_005469,Customer 219,24353.53,USD,2026-09-09,INV-005469
txn_005470,Customer 220,24490.90,USD,2026-09-10,INV-005470
txn_005471,Customer 221,24627.27,USD,2026-09-11,INV-005471
txn_005472,Customer 222,24764.64,USD,2026-09-12,INV-005472
txn_005473,Customer 223,24901.01,USD,2026-09-13,INV-005473
txn_005474,Customer 224,25038.38,USD,2026-09-14,INV-005474
txn_005475,Customer 225,175.75,USD,2026-09-15,INV-005475
txn_005476,Customer 226,312.12,USD,2026-09-16,INV-005476
txn_005477,Customer 227,449.49,USD,2026-09-17,INV-005477
txn_005478,Customer 228,586.86,USD,2026-09-18,INV-005478
txn_005479,Customer 229,723.23,USD,2026-09-19,INV-005479
txn_005480,Customer 230,860.60,USD,2026-09-20,INV-005480
txn_005481,Customer 231,997.97,USD,2026-09-21,INV-005481
txn_005482,Customer 232,1134.34,USD,2026-09-22,INV-005482
txn_005483,Customer 233,1271.71,USD,2026-09-23,INV-005483
txn_005484,Customer 234,1408.08,USD,2026-09-24,INV-005484
txn_005485,Customer 235,1545.45,USD,2026-09-25,INV-005485
txn_005486,Customer 236,1682.82,USD,2026-09-26,INV-005486
txn_005487,Customer 237,1819.19,USD,2026-09-27,INV-005487
txn_005488,Customer 238,1956.56,USD,2026-09-28,INV-005488
txn_005489,Customer 239,2093.93,USD,2026-09-29,INV-005489
txn_005490,Customer 240,2230.30,USD,2026-09-30,INV-005490
txn_005491,Customer 241,2367.67,USD,2026-09-01,INV-005491
txn_005492,Customer 242,2504.04,USD,2026-09-02,INV-005492
txn_005493,Customer 243,2641.41,USD,2026-09-03,INV-005493
txn_005494,Customer 244,2778.78,USD,2026-09-04,INV-005494
txn_005495,Customer 245,2915.15,USD,2026-09-05,INV-005495
txn_005496,Customer 246,3052.52,USD,2026-09-06,INV-005496
txn_005497,Customer 247,3189.89,USD,2026-09-07,INV-005497
txn_005498,Customer 248,3326.26,USD,2026-09-08,INV-005498
txn_005499,Customer 249,3463.63,USD,2026-09-09,INV-005499
txn_005500,Customer 250,3600.00,USD,2026-09-10,INV-005500
txn_005501,Customer 251,3737.37,USD,2026-09-11,INV-005501
txn_005502,Customer 252,3874.74,USD,2026-09-12,INV-005502
txn_005503,Customer 253,4011.11,USD,2026-09-13,INV-005503
txn_005504,Customer 254,4148.48,USD,2026-09-14,INV-005504
txn_005505,Customer 255,4285.85,USD,2026-09-15,INV-005505
txn_005506,Customer 256,4422.22,USD,2026-09-16,INV-005506
txn_005507,Customer 257,4559.59,USD,2026-09-17,INV-005507
txn_005508,Customer 258,4696.96,USD,2026-09-18,INV-005508
txn_005509,Customer 259,4833.33,USD,2026-09-19,INV-005509
txn_005510,Customer 260,4970.70,USD,2026-09-20,INV-005510
txn_005511,Customer 261,5107.07,USD,2026-09-21,INV-005511
txn_005512,Customer 262,5244.44,USD,2026-09-22,INV-005512
txn_005513,Customer 263,5381.81,USD,2026-09-23,INV-005513
txn_005514,Customer 264,5518.18,USD,2026-09-24,INV-005514
txn_005515,Customer 265,5655.55,USD,2026-09-25,INV-005515
txn_005516,Customer 266,5792.92,USD,2026-09-26,INV-005516
txn_005517,Customer 267,5929.29,USD,2026-09-27,INV-005517
txn_005518,Customer 268,6066.66,USD,2026-09-28,INV-005518
txn_005519,Customer 269,6203.03,USD,2026-09-29,INV-005519
txn_005520,Customer 270,6340.40,USD,2026-09-30,INV-005520
txn_005521,Customer 271,6477.77,USD,2026-09-01,INV-005521
txn_005522,Customer 272,6614.14,USD,2026-09-02,INV-005522
txn_005523,Customer 273,6751.51,USD,2026-09-03,INV-005523
txn_005524,Customer 274,6888.88,USD,2026-09-04,INV-005524
txn_005525,Customer 275,7025.25,USD,2026-09-05,INV-005525
txn_005526,Customer 276,7162.62,USD,2026-09-06,INV-005526
txn_005527,Customer 277,7299.99,USD,2026-09-07,INV-005527
txn_005528,Customer 278,7436.36,USD,2026-09-08,INV-005528
txn_005529,Customer 279,7573.73,USD,2026-09-09,INV-005529
txn_005530,Customer 280,7710.10,USD,2026-09-10,INV-005530
txn_005531,Customer 281,7847.47,USD,2026-09-11,INV-005531
txn_005532,Customer 282,7984.84,USD,2026-09-12,INV-005532
txn_005533,Customer 283,8121.21,USD,2026-09-13,INV-005533
txn_005534,Customer 284,8258.58,USD,2026-09-14,INV-005534
txn_005535,Customer 285,8395.95,USD,2026-09-15,INV-005535
txn_005536,Customer 286,8532.32,USD,2026-09-16,INV-005536
txn_005537,Customer 287,8669.69,USD,2026-09-17,INV-005537
txn_005538,Customer 288,8806.06,USD,2026-09-18,INV-005538
txn_005539,Customer 289,8943.43,USD,2026-09-19,INV-005539
txn_005540,Customer 290,9080.80,USD,2026-09-20,INV-005540
txn_005541,Customer 291,9217.17,USD,2026-09-21,INV-005541
txn_005542,Customer 292,9354.54,USD,2026-09-22,INV-005542
txn_005543,Customer 293,9491.91,USD,2026-09-23,INV-005543
txn_005544,Customer 294,9628.28,USD,2026-09-24,INV-005544
txn_005545,Customer 295,9765.65,USD,2026-09-25,INV-005545
txn_005546,Customer 296,9902.02,USD,2026-09-26,INV-005546
txn_005547,Customer 297,10039.39,USD,2026-09-27,INV-005547
txn_005548,Customer 298,10176.76,USD,2026-09-28,INV-005548
txn_005549,Customer 299,10313.13,USD,2026-09-29,INV-005549
txn_005550,Customer 300,10450.50,USD,2026-09-30,INV-005550
txn_005551,Customer 301,10587.87,USD,2026-09-01,INV-005551
txn_005552,Customer 302,10724.24,USD,2026-09-02,INV-005552
txn_005553,Customer 303,10861.61,USD,2026-09-03,INV-005553
txn_005554,Customer 304,10998.98,USD,2026-09-04,INV-005554
txn_005555,Customer 305,11135.35,USD,2026-09-05,INV-005555
txn_005556,Customer 306,11272.72,USD,2026-09-06,INV-005556
txn_005557,Customer 307,11409.09,USD,2026-09-07,INV-005557
txn_005558,Customer 308,11546.46,USD,2026-09-08,INV-005558
txn_005559,Customer 309,11683.83,USD,2026-09-09,INV-005559
txn_005560,Customer 310,11820.20,USD,2026-09-10,INV-005560
txn_005561,Customer 311,11957.57,USD,2026-09-11,INV-005561
txn_005562,Customer 312,12094.94,USD,2026-09-12,INV-005562
txn_005563,Customer 313,12231.31,USD,2026-09-13,INV-005563
txn_005564,Customer 314,12368.68,USD,2026-09-14,INV-005564
txn_005565,Customer 315,12505.05,USD,2026-09-15,INV-005565
txn_005566,Customer 316,12642.42,USD,2026-09-16,INV-005566
txn_005567,Customer 317,12779.79,USD,2026-09-17,INV-005567
txn_005568,Customer 318,12916.16,USD,2026-09-18,INV-005568
txn_005569,Customer 319,13053.53,USD,2026-09-19,INV-005569
txn_005570,Customer 320,13190.90,USD,2026-09-20,INV-005570
txn_005571,Customer 321,13327.27,USD,2026-09-21,INV-005571
txn_005572,Customer 322,13464.64,USD,2026-09-22,INV-005572
txn_005573,Customer 323,13601.01,USD,2026-09-23,INV-005573
txn_005574,Customer 324,13738.38,USD,2026-09-24,INV-005574
txn_005575,Customer 325,13875.75,USD,2026-09-25,INV-005575
txn_005576,Customer 326,14012.12,USD,2026-09-26,INV-005576
txn_005577,Customer 327,14149.49,USD,2026-09-27,INV-005577
txn_005578,Customer 328,14286.86,USD,2026-09-28,INV-005578
txn_005579,Customer 329,14423.23,USD,2026-09-29,INV-005579
txn_005580,Customer 330,14560.60,USD,2026-09-30,INV-005580
txn_005581,Customer 331,14697.97,USD,2026-09-01,INV-005581
txn_005582,Customer 332,14834.34,USD,2026-09-02,INV-005582
txn_005583,Customer 333,14971.71,USD,2026-09-03,INV-005583
txn_005584,Customer 334,15108.08,USD,2026-09-04,INV-005584
txn_005585,Customer 335,15245.45,USD,2026-09-05,INV-005585
txn_005586,Customer 336,15382.82,USD,2026-09-06,INV-005586
txn_005587,Customer 337,15519.19,USD,2026-09-07,INV-005587
txn_005588,Customer 338,15656.56,USD,2026-09-08,INV-005588
txn_005589,Customer 339,15793.93,USD,2026-09-09,INV-005589
txn_005590,Customer 340,15930.30,USD,2026-09-10,INV-005590
txn_005591,Customer 341,16067.67,USD,2026-09-11,INV-005591
txn_005592,Customer 342,16204.04,USD,2026-09-12,INV-005592
txn_005593,Customer 343,16341.41,USD,2026-09-13,INV-005593
txn_005594,Customer 344,16478.78,USD,2026-09-14,INV-005594
txn_005595,Customer 345,16615.15,USD,2026-09-15,INV-005595
txn_005596,Customer 346,16752.52,USD,2026-09-16,INV-005596
txn_005597,Customer 347,16889.89,USD,2026-09-17,INV-005597
txn_005598,Customer 348,17026.26,USD,2026-09-18,INV-005598
txn_005599,Customer 349,17163.63,USD,2026-09-19,INV-005599
txn_005600,Customer 350,17300.00,USD,2026-09-20,INV-005600
txn_005601,Customer 351,17437.37,USD,2026-09-21,INV-005601
txn_005602,Customer 352,17574.74,USD,2026-09-22,INV-005602
txn_005603,Customer 353,17711.11,USD,2026-09-23,INV-005603
txn_005604,Customer 354,17848.48,USD,2026-09-24,INV-005604
txn_005605,Customer 355,17985.85,USD,2026-09-25,INV-005605
txn_005606,Customer 356,18122.22,USD,2026-09-26,INV-005606
txn_005607,Customer 357,18259.59,USD,2026-09-27,INV-005607
txn_005608,Customer 358,18396.96,USD,2026-09-28,INV-005608
txn_005609,Customer 359,18533.33,USD,2026-09-29,INV-005609
txn_005610,Customer 360,18670.70,USD,2026-09-30,INV-005610
txn_005611,Customer 361,18807.07,USD,2026-09-01,INV-005611
txn_005612,Customer 362,18944.44,USD,2026-09-02,INV-005612
txn_005613,Customer 363,19081.81,USD,2026-09-03,INV-005613
txn_005614,Customer 364,19218.18,USD,2026-09-04,INV-005614
txn_005615,Customer 365,19355.55,USD,2026-09-05,INV-005615
txn_005616,Customer 366,19492.92,USD,2026-09-06,INV-005616
txn_005617,Customer 367,19629.29,USD,2026-09-07,INV-005617
txn_005618,Customer 368,19766.66,USD,2026-09-08,INV-005618
txn_005619,Customer 369,19903.03,USD,2026-09-09,INV-005619
txn_005620,Customer 370,20040.40,USD,2026-09-10,INV-005620
txn_005621,Customer 371,20177.77,USD,2026-09-11,INV-005621
txn_005622,Customer 372,20314.14,USD,2026-09-12,INV-005622
txn_005623,Customer 373,20451.51,USD,2026-09-13,INV-005623
txn_005624,Customer 374,20588.88,USD,2026-09-14,INV-005624
txn_005625,Customer 375,20725.25,USD,2026-09-15,INV-005625
txn_005626,Customer 376,20862.62,USD,2026-09-16,INV-005626
txn_005627,Customer 377,20999.99,USD,2026-09-17,INV-005627
txn_005628,Customer 378,21136.36,USD,2026-09-18,INV-005628
txn_005629,Customer 379,21273.73,USD,2026-09-19,INV-005629
txn_005630,Customer 380,21410.10,USD,2026-09-20,INV-005630
txn_005631,Customer 381,21547.47,USD,2026-09-21,INV-005631
txn_005632,Customer 382,21684.84,USD,2026-09-22,INV-005632
txn_005633,Customer 383,21821.21,USD,2026-09-23,INV-005633
txn_005634,Customer 384,21958.58,USD,2026-09-24,INV-005634
txn_005635,Customer 385,22095.95,USD,2026-09-25,INV-005635
txn_005636,Customer 386,22232.32,USD,2026-09-26,INV-005636
txn_005637,Customer 387,22369.69,USD,2026-09-27,INV-005637
txn_005638,Customer 388,22506.06,USD,2026-09-28,INV-005638
txn_005639,Customer 389,22643.43,USD,2026-09-29,INV-005639
txn_005640,Customer 390,22780.80,USD,2026-09-30,INV-005640
txn_005641,Customer 391,22917.17,USD,2026-09-01,INV-005641
txn_005642,Customer 392,23054.54,USD,2026-09-02,INV-005642
txn_005643,Customer 393,23191.91,USD,2026-09-03,INV-005643
txn_005644,Customer 394,23328.28,USD,2026-09-04,INV-005644
txn_005645,Customer 395,23465.65,USD,2026-09-05,INV-005645
txn_005646,Customer 396,23602.02,USD,2026-09-06,INV-005646
txn_005647,Customer 397,23739.39,USD,2026-09-07,INV-005647
txn_005648,Customer 398,23876.76,USD,2026-09-08,INV-005648
txn_005649,Customer 399,24013.13,USD,2026-09-09,INV-005649
txn_005650,Customer 400,24150.50,USD,2026-09-10,INV-005650
txn_005651,Customer 401,24287.87,USD,2026-09-11,INV-005651
txn_005652,Customer 402,24424.24,USD,2026-09-12,INV-005652
txn_005653,Customer 403,24561.61,USD,2026-09-13,INV-005653
txn_005654,Customer 404,24698.98,USD,2026-09-14,INV-005654
txn_005655,Customer 405,24835.35,USD,2026-09-15,INV-005655
txn_005656,Customer 406,24972.72,USD,2026-09-16,INV-005656
txn_005657,Customer 407,109.09,USD,2026-09-17,INV-005657
txn_005658,Customer 408,246.46,USD,2026-09-18,INV-005658
txn_005659,Customer 409,383.83,USD,2026-09-19,INV-005659
txn_005660,Customer 410,520.20,USD,2026-09-20,INV-005660
txn_005661,Customer 411,657.57,USD,2026-09-21,INV-005661
txn_005662,Customer 412,794.94,USD,2026-09-22,INV-005662
txn_005663,Customer 413,931.31,USD,2026-09-23,INV-005663
txn_005664,Customer 414,1068.68,USD,2026-09-24,INV-005664
txn_005665,Customer 415,1205.05,USD,2026-09-25,INV-005665
txn_005666,Customer 416,1342.42,USD,2026-09-26,INV-005666
txn_005667,Customer 417,1479.79,USD,2026-09-27,INV-005667
txn_005668,Customer 418,1616.16,USD,2026-09-28,INV-005668
txn_005669,Customer 419,1753.53,USD,2026-09-29,INV-005669
txn_005670,Customer 420,1890.90,USD,2026-09-30,INV-005670
txn_005671,Customer 421,2027.27,USD,2026-09-01,INV-005671
txn_005672,Customer 422,2164.64,USD,2026-09-02,INV-005672
txn_005673,Customer 423,2301.01,USD,2026-09-03,INV-005673
txn_005674,Customer 424,2438.38,USD,2026-09-04,INV-005674
txn_005675,Customer 425,2575.75,USD,2026-09-05,INV-005675
txn_005676,Customer 426,2712.12,USD,2026-09-06,INV-005676
txn_005677,Customer 427,2849.49,USD,2026-09-07,INV-005677
txn_005678,Customer 428,2986.86,USD,2026-09-08,INV-005678
txn_005679,Customer 429,3123.23,USD,2026-09-09,INV-005679
txn_005680,Customer 430,3260.60,USD,2026-09-10,INV-005680
txn_005681,Customer 431,3397.97,USD,2026-09-11,INV-005681
txn_005682,Customer 432,3534.34,USD,2026-09-12,INV-005682
txn_005683,Customer 433,3671.71,USD,2026-09-13,INV-005683
txn_005684,Customer 434,3808.08,USD,2026-09-14,INV-005684
txn_005685,Customer 435,3945.45,USD,2026-09-15,INV-005685
txn_005686,Customer 436,4082.82,USD,2026-09-16,INV-005686
txn_005687,Customer 437,4219.19,USD,2026-09-17,INV-005687
txn_005688,Customer 438,4356.56,USD,2026-09-18,INV-005688
txn_005689,Customer 439,4493.93,USD,2026-09-19,INV-005689
txn_005690,Customer 440,4630.30,USD,2026-09-20,INV-005690
txn_005691,Customer 441,4767.67,USD,2026-09-21,INV-005691
txn_005692,Customer 442,4904.04,USD,2026-09-22,INV-005692
txn_005693,Customer 443,5041.41,USD,2026-09-23,INV-005693
txn_005694,Customer 444,5178.78,USD,2026-09-24,INV-005694
txn_005695,Customer 445,5315.15,USD,2026-09-25,INV-005695
txn_005696,Customer 446,5452.52,USD,2026-09-26,INV-005696
txn_005697,Customer 447,5589.89,USD,2026-09-27,INV-005697
txn_005698,Customer 448,5726.26,USD,2026-09-28,INV-005698
txn_005699,Customer 449,5863.63,USD,2026-09-29,INV-005699
txn_005700,Customer 450,6000.00,USD,2026-09-30,INV-005700
txn_005701,Customer 451,6137.37,USD,2026-09-01,INV-005701
txn_005702,Customer 452,6274.74,USD,2026-09-02,INV-005702
txn_005703,Customer 453,6411.11,USD,2026-09-03,INV-005703
txn_005704,Customer 454,6548.48,USD,2026-09-04,INV-005704
txn_005705,Customer 455,6685.85,USD,2026-09-05,INV-005705
txn_005706,Customer 456,6822.22,USD,2026-09-06,INV-005706
txn_005707,Customer 457,6959.59,USD,2026-09-07,INV-005707
txn_005708,Customer 458,7096.96,USD,2026-09-08,INV-005708
txn_005709,Customer 459,7233.33,USD,2026-09-09,INV-005709
txn_005710,Customer 460,7370.70,USD,2026-09-10,INV-005710
txn_005711,Customer 461,7507.07,USD,2026-09-11,INV-005711
txn_005712,Customer 462,7644.44,USD,2026-09-12,INV-005712
txn_005713,Customer 463,7781.81,USD,2026-09-13,INV-005713
txn_005714,Customer 464,7918.18,USD,2026-09-14,INV-005714
txn_005715,Customer 465,8055.55,USD,2026-09-15,INV-005715
txn_005716,Customer 466,8192.92,USD,2026-09-16,INV-005716
txn_005717,Customer 467,8329.29,USD,2026-09-17,INV-005717
txn_005718,Customer 468,8466.66,USD,2026-09-18,INV-005718
txn_005719,Customer 469,8603.03,USD,2026-09-19,INV-005719
txn_005720,Customer 470,8740.40,USD,2026-09-20,INV-005720
txn_005721,Customer 471,8877.77,USD,2026-09-21,INV-005721
txn_005722,Customer 472,9014.14,USD,2026-09-22,INV-005722
txn_005723,Customer 473,9151.51,USD,2026-09-23,INV-005723
txn_005724,Customer 474,9288.88,USD,2026-09-24,INV-005724
txn_005725,Customer 475,9425.25,USD,2026-09-25,INV-005725
txn_005726,Customer 476,9562.62,USD,2026-09-26,INV-005726
txn_005727,Customer 477,9699.99,USD,2026-09-27,INV-005727
txn_005728,Customer 478,9836.36,USD,2026-09-28,INV-005728
txn_005729,Customer 479,9973.73,USD,2026-09-29,INV-005729
txn_005730,Customer 480,10110.10,USD,2026-09-30,INV-005730
txn_005731,Customer 481,10247.47,USD,2026-09-01,INV-005731
txn_005732,Customer 482,10384.84,USD,2026-09-02,INV-005732
txn_005733,Customer 483,10521.21,USD,2026-09-03,INV-005733
txn_005734,Customer 484,10658.58,USD,2026-09-04,INV-005734
txn_005735,Customer 485,10795.95,USD,2026-09-05,INV-005735
txn_005736,Customer 486,10932.32,USD,2026-09-06,INV-005736
txn_005737,Customer 487,11069.69,USD,2026-09-07,INV-005737
txn_005738,Customer 488,11206.06,USD,2026-09-08,INV-005738
txn_005739,Customer 489,11343.43,USD,2026-09-09,INV-005739
txn_005740,Customer 490,11480.80,USD,2026-09-10,INV-005740
txn_005741,Customer 491,11617.17,USD,2026-09-11,INV-005741
txn_005742,Customer 492,11754.54,USD,2026-09-12,INV-005742
txn_005743,Customer 493,11891.91,USD,2026-09-13,INV-005743
txn_005744,Customer 494,12028.28,USD,2026-09-14,INV-005744
txn_005745,Customer 495,12165.65,USD,2026-09-15,INV-005745
txn_005746,Customer 496,12302.02,USD,2026-09-16,INV-005746
txn_005747,Customer 497,12439.39,USD,2026-09-17,INV-005747
txn_005748,Customer 498,12576.76,USD,2026-09-18,INV-005748
txn_005749,Customer 499,12713.13,USD,2026-09-19,INV-005749
txn_005750,Customer 500,12850.50,USD,2026-09-20,INV-005750
txn_005751,Customer 501,12987.87,USD,2026-09-21,INV-005751
txn_005752,Customer 502,13124.24,USD,2026-09-22,INV-005752
txn_005753,Customer 503,13261.61,USD,2026-09-23,INV-005753
txn_005754,Customer 504,13398.98,USD,2026-09-24,INV-005754
txn_005755,Customer 505,13535.35,USD,2026-09-25,INV-005755
txn_005756,Customer 506,13672.72,USD,2026-09-26,INV-005756
txn_005757,Customer 507,13809.09,USD,2026-09-27,INV-005757
txn_005758,Customer 508,13946.46,USD,2026-09-28,INV-005758
txn_005759,Customer 509,14083.83,USD,2026-09-29,INV-005759
txn_005760,Customer 510,14220.20,USD,2026-09-30,INV-005760
txn_005761,Customer 511,14357.57,USD,2026-09-01,INV-005761
txn_005762,Customer 512,14494.94,USD,2026-09-02,INV-005762
txn_005763,Customer 513,14631.31,USD,2026-09-03,INV-005763
txn_005764,Customer 514,14768.68,USD,2026-09-04,INV-005764
txn_005765,Customer 515,14905.05,USD,2026-09-05,INV-005765
txn_005766,Customer 516,15042.42,USD,2026-09-06,INV-005766
txn_005767,Customer 517,15179.79,USD,2026-09-07,INV-005767
txn_005768,Customer 518,15316.16,USD,2026-09-08,INV-005768
txn_005769,Customer 519,15453.53,USD,2026-09-09,INV-005769
txn_005770,Customer 520,15590.90,USD,2026-09-10,INV-005770
txn_005771,Customer 521,15727.27,USD,2026-09-11,INV-005771
txn_005772,Customer 522,15864.64,USD,2026-09-12,INV-005772
txn_005773,Customer 523,16001.01,USD,2026-09-13,INV-005773
txn_005774,Customer 524,16138.38,USD,2026-09-14,INV-005774
txn_005775,Customer 525,16275.75,USD,2026-09-15,INV-005775
txn_005776,Customer 526,16412.12,USD,2026-09-16,INV-005776
txn_005777,Customer 527,16549.49,USD,2026-09-17,INV-005777
txn_005778,Customer 528,16686.86,USD,2026-09-18,INV-005778
txn_005779,Customer 529,16823.23,USD,2026-09-19,INV-005779
txn_005780,Customer 530,16960.60,USD,2026-09-20,INV-005780
txn_005781,Customer 531,17097.97,USD,2026-09-21,INV-005781
txn_005782,Customer 532,17234.34,USD,2026-09-22,INV-005782
txn_005783,Customer 533,17371.71,USD,2026-09-23,INV-005783
txn_005784,Customer 534,17508.08,USD,2026-09-24,INV-005784
txn_005785,Customer 535,17645.45,USD,2026-09-25,INV-005785
txn_005786,Customer 536,17782.82,USD,2026-09-26,INV-005786
txn_005787,Customer 537,17919.19,USD,2026-09-27,INV-005787
txn_005788,Customer 538,18056.56,USD,2026-09-28,INV-005788
txn_005789,Customer 539,18193.93,USD,2026-09-29,INV-005789
txn_005790,Customer 540,18330.30,USD,2026-09-30,INV-005790
txn_005791,Customer 541,18467.67,USD,2026-09-01,INV-005791
txn_005792,Customer 542,18604.04,USD,2026-09-02,INV-005792
txn_005793,Customer 543,18741.41,USD,2026-09-03,INV-005793
txn_005794,Customer 544,18878.78,USD,2026-09-04,INV-005794
txn_005795,Customer 545,19015.15,USD,2026-09-05,INV-005795
txn_005796,Customer 546,19152.52,USD,2026-09-06,INV-005796
txn_005797,Customer 547,19289.89,USD,2026-09-07,INV-005797
txn_005798,Customer 548,19426.26,USD,2026-09-08,INV-005798
txn_005799,Customer 549,19563.63,USD,2026-09-09,INV-005799
txn_005800,Customer 550,19700.00,USD,2026-09-10,INV-005800
txn_005801,Customer 551,19837.37,USD,2026-09-11,INV-005801
txn_005802,Customer 552,19974.74,USD,2026-09-12,INV-005802
txn_005803,Customer 553,20111.11,USD,2026-09-13,INV-005803
txn_005804,Customer 554,20248.48,USD,2026-09-14,INV-005804
txn_005805,Customer 555,20385.85,USD,2026-09-15,INV-005805
txn_005806,Customer 556,20522.22,USD,2026-09-16,INV-005806
txn_005807,Customer 557,20659.59,USD,2026-09-17,INV-005807
txn_005808,Customer 558,20796.96,USD,2026-09-18,INV-005808
txn_005809,Customer 559,20933.33,USD,2026-09-19,INV-005809
txn_005810,Customer 560,21070.70,USD,2026-09-20,INV-005810
txn_005811,Customer 561,21207.07,USD,2026-09-21,INV-005811
txn_005812,Customer 562,21344.44,USD,2026-09-22,INV-005812
txn_005813,Customer 563,21481.81,USD,2026-09-23,INV-005813
txn_005814,Customer 564,21618.18,USD,2026-09-24,INV-005814
txn_005815,Customer 565,21755.55,USD,2026-09-25,INV-005815
txn_005816,Customer 566,21892.92,USD,2026-09-26,INV-005816
txn_005817,Customer 567,22029.29,USD,2026-09-27,INV-005817
txn_005818,Customer 568,22166.66,USD,2026-09-28,INV-005818
txn_005819,Customer 569,22303.03,USD,2026-09-29,INV-005819
txn_005820,Customer 570,22440.40,USD,2026-09-30,INV-005820
txn_005821,Customer 571,22577.77,USD,2026-09-01,INV-005821
txn_005822,Customer 572,22714.14,USD,2026-09-02,INV-005822
txn_005823,Customer 573,22851.51,USD,2026-09-03,INV-005823
txn_005824,Customer 574,22988.88,USD,2026-09-04,INV-005824
txn_005825,Customer 575,23125.25,USD,2026-09-05,INV-005825
txn_005826,Customer 576,23262.62,USD,2026-09-06,INV-005826
txn_005827,Customer 577,23399.99,USD,2026-09-07,INV-005827
txn_005828,Customer 578,23536.36,USD,2026-09-08,INV-005828
txn_005829,Customer 579,23673.73,USD,2026-09-09,INV-005829
txn_005830,Customer 580,23810.10,USD,2026-09-10,INV-005830
txn_005831,Customer 581,23947.47,USD,2026-09-11,INV-005831
txn_005832,Customer 582,24084.84,USD,2026-09-12,INV-005832
txn_005833,Customer 583,24221.21,USD,2026-09-13,INV-005833
txn_005834,Customer 584,24358.58,USD,2026-09-14,INV-005834
txn_005835,Customer 585,24495.95,USD,2026-09-15,INV-005835
txn_005836,Customer 586,24632.32,USD,2026-09-16,INV-005836
txn_005837,Customer 587,24769.69,USD,2026-09-17,INV-005837
txn_005838,Customer 588,24906.06,USD,2026-09-18,INV-005838
txn_005839,Customer 589,25043.43,USD,2026-09-19,INV-005839
txn_005840,Customer 590,180.80,USD,2026-09-20,INV-005840
txn_005841,Customer 591,317.17,USD,2026-09-21,INV-005841
txn_005842,Customer 592,454.54,USD,2026-09-22,INV-005842
txn_005843,Customer 593,591.91,USD,2026-09-23,INV-005843
txn_005844,Customer 594,728.28,USD,2026-09-24,INV-005844
txn_005845,Customer 595,865.65,USD,2026-09-25,INV-005845
txn_005846,Customer 596,1002.02,USD,2026-09-26,INV-005846
txn_005847,Customer 597,1139.39,USD,2026-09-27,INV-005847
txn_005848,Customer 598,1276.76,USD,2026-09-28,INV-005848
txn_005849,Customer 599,1413.13,USD,2026-09-29,INV-005849
txn_005850,Customer 600,1550.50,USD,2026-09-30,INV-005850
txn_005851,Customer 601,1687.87,USD,2026-09-01,INV-005851
txn_005852,Customer 602,1824.24,USD,2026-09-02,INV-005852
txn_005853,Customer 603,1961.61,USD,2026-09-03,INV-005853
txn_005854,Customer 604,2098.98,USD,2026-09-04,INV-005854
txn_005855,Customer 605,2235.35,USD,2026-09-05,INV-005855
txn_005856,Customer 606,2372.72,USD,2026-09-06,INV-005856
txn_005857,Customer 607,2509.09,USD,2026-09-07,INV-005857
txn_005858,Customer 608,2646.46,USD,2026-09-08,INV-005858
txn_005859,Customer 609,2783.83,USD,2026-09-09,INV-005859
txn_005860,Customer 610,2920.20,USD,2026-09-10,INV-005860
txn_005861,Customer 611,3057.57,USD,2026-09-11,INV-005861
txn_005862,Customer 612,3194.94,USD,2026-09-12,INV-005862
txn_005863,Customer 613,3331.31,USD,2026-09-13,INV-005863
txn_005864,Customer 614,3468.68,USD,2026-09-14,INV-005864
txn_005865,Customer 615,3605.05,USD,2026-09-15,INV-005865
txn_005866,Customer 616,3742.42,USD,2026-09-16,INV-005866
txn_005867,Customer 617,3879.79,USD,2026-09-17,INV-005867
txn_005868,Customer 618,4016.16,USD,2026-09-18,INV-005868
txn_005869,Customer 619,4153.53,USD,2026-09-19,INV-005869
txn_005870,Customer 620,4290.90,USD,2026-09-20,INV-005870
txn_005871,Customer 621,4427.27,USD,2026-09-21,INV-005871
txn_005872,Customer 622,4564.64,USD,2026-09-22,INV-005872
txn_005873,Customer 623,4701.01,USD,2026-09-23,INV-005873
txn_005874,Customer 624,4838.38,USD,2026-09-24,INV-005874
txn_005875,Customer 625,4975.75,USD,2026-09-25,INV-005875
txn_005876,Customer 626,5112.12,USD,2026-09-26,INV-005876
txn_005877,Customer 627,5249.49,USD,2026-09-27,INV-005877
txn_005878,Customer 628,5386.86,USD,2026-09-28,INV-005878
txn_005879,Customer 629,5523.23,USD,2026-09-29,INV-005879
txn_005880,Customer 630,5660.60,USD,2026-09-30,INV-005880
txn_005881,Customer 631,5797.97,USD,2026-09-01,INV-005881
txn_005882,Customer 632,5934.34,USD,2026-09-02,INV-005882
txn_005883,Customer 633,6071.71,USD,2026-09-03,INV-005883
txn_005884,Customer 634,6208.08,USD,2026-09-04,INV-005884
txn_005885,Customer 635,6345.45,USD,2026-09-05,INV-005885
txn_005886,Customer 636,6482.82,USD,2026-09-06,INV-005886
txn_005887,Customer 637,6619.19,USD,2026-09-07,INV-005887
txn_005888,Customer 638,6756.56,USD,2026-09-08,INV-005888
txn_005889,Customer 639,6893.93,USD,2026-09-09,INV-005889
txn_005890,Customer 640,7030.30,USD,2026-09-10,INV-005890
txn_005891,Customer 641,7167.67,USD,2026-09-11,INV-005891
txn_005892,Customer 642,7304.04,USD,2026-09-12,INV-005892
txn_005893,Customer 643,7441.41,USD,2026-09-13,INV-005893
txn_005894,Customer 644,7578.78,USD,2026-09-14,INV-005894
txn_005895,Customer 645,7715.15,USD,2026-09-15,INV-005895
txn_005896,Customer 646,7852.52,USD,2026-09-16,INV-005896
txn_005897,Customer 647,7989.89,USD,2026-09-17,INV-005897
txn_005898,Customer 648,8126.26,USD,2026-09-18,INV-005898
txn_005899,Customer 649,8263.63,USD,2026-09-19,INV-005899
txn_005900,Customer 650,8400.00,USD,2026-09-20,INV-005900
txn_005901,Customer 651,8537.37,USD,2026-09-21,INV-005901
txn_005902,Customer 652,8674.74,USD,2026-09-22,INV-005902
txn_005903,Customer 653,8811.11,USD,2026-09-23,INV-005903
txn_005904,Customer 654,8948.48,USD,2026-09-24,INV-005904
txn_005905,Customer 655,9085.85,USD,2026-09-25,INV-005905
txn_005906,Customer 656,9222.22,USD,2026-09-26,INV-005906
txn_005907,Customer 657,9359.59,USD,2026-09-27,INV-005907
txn_005908,Customer 658,9496.96,USD,2026-09-28,INV-005908
txn_005909,Customer 659,9633.33,USD,2026-09-29,INV-005909
txn_005910,Customer 660,9770.70,USD,2026-09-30,INV-005910
txn_005911,Customer 661,9907.07,USD,2026-09-01,INV-005911
txn_005912,Customer 662,10044.44,USD,2026-09-02,INV-005912
txn_005913,Customer 663,10181.81,USD,2026-09-03,INV-005913
txn_005914,Customer 664,10318.18,USD,2026-09-04,INV-005914
txn_005915,Customer 665,10455.55,USD,2026-09-05,INV-005915
txn_005916,Customer 666,10592.92,USD,2026-09-06,INV-005916
txn_005917,Customer 667,10729.29,USD,2026-09-07,INV-005917
txn_005918,Customer 668,10866.66,USD,2026-09-08,INV-005918
txn_005919,Customer 669,11003.03,USD,2026-09-09,INV-005919
txn_005920,Customer 670,11140.40,USD,2026-09-10,INV-005920
txn_005921,Customer 671,11277.77,USD,2026-09-11,INV-005921
txn_005922,Customer 672,11414.14,USD,2026-09-12,INV-005922
txn_005923,Customer 673,11551.51,USD,2026-09-13,INV-005923
txn_005924,Customer 674,11688.88,USD,2026-09-14,INV-005924
txn_005925,Customer 675,11825.25,USD,2026-09-15,INV-005925
txn_005926,Customer 676,11962.62,USD,2026-09-16,INV-005926
txn_005927,Customer 677,12099.99,USD,2026-09-17,INV-005927
txn_005928,Customer 678,12236.36,USD,2026-09-18,INV-005928
txn_005929,Customer 679,12373.73,USD,2026-09-19,INV-005929
txn_005930,Customer 680,12510.10,USD,2026-09-20,INV-005930
txn_005931,Customer 681,12647.47,USD,2026-09-21,INV-005931
txn_005932,Customer 682,12784.84,USD,2026-09-22,INV-005932
txn_005933,Customer 683,12921.21,USD,2026-09-23,INV-005933
txn_005934,Customer 684,13058.58,USD,2026-09-24,INV-005934
txn_005935,Customer 685,13195.95,USD,2026-09-25,INV-005935
txn_005936,Customer 686,13332.32,USD,2026-09-26,INV-005936
txn_005937,Customer 687,13469.69,USD,2026-09-27,INV-005937
txn_005938,Customer 688,13606.06,USD,2026-09-28,INV-005938
txn_005939,Customer 689,13743.43,USD,2026-09-29,INV-005939
txn_005940,Customer 690,13880.80,USD,2026-09-30,INV-005940
txn_005941,Customer 691,14017.17,USD,2026-09-01,INV-005941
txn_005942,Customer 692,14154.54,USD,2026-09-02,INV-005942
txn_005943,Customer 693,14291.91,USD,2026-09-03,INV-005943
txn_005944,Customer 694,14428.28,USD,2026-09-04,INV-005944
txn_005945,Customer 695,14565.65,USD,2026-09-05,INV-005945
txn_005946,Customer 696,14702.02,USD,2026-09-06,INV-005946
txn_005947,Customer 697,14839.39,USD,2026-09-07,INV-005947
txn_005948,Customer 698,14976.76,USD,2026-09-08,INV-005948
txn_005949,Customer 699,15113.13,USD,2026-09-09,INV-005949
txn_005950,Customer 700,15250.50,USD,2026-09-10,INV-005950
txn_005951,Customer 701,15387.87,USD,2026-09-11,INV-005951
txn_005952,Customer 702,15524.24,USD,2026-09-12,INV-005952
txn_005953,Customer 703,15661.61,USD,2026-09-13,INV-005953
txn_005954,Customer 704,15798.98,USD,2026-09-14,INV-005954
txn_005955,Customer 705,15935.35,USD,2026-09-15,INV-005955
txn_005956,Customer 706,16072.72,USD,2026-09-16,INV-005956
txn_005957,Customer 707,16209.09,USD,2026-09-17,INV-005957
txn_005958,Customer 708,16346.46,USD,2026-09-18,INV-005958
txn_005959,Customer 709,16483.83,USD,2026-09-19,INV-005959
txn_005960,Customer 710,16620.20,USD,2026-09-20,INV-005960
txn_005961,Customer 711,16757.57,USD,2026-09-21,INV-005961
txn_005962,Customer 712,16894.94,USD,2026-09-22,INV-005962
txn_005963,Customer 713,17031.31,USD,2026-09-23,INV-005963
txn_005964,Customer 714,17168.68,USD,2026-09-24,INV-005964
txn_005965,Customer 715,17305.05,USD,2026-09-25,INV-005965
txn_005966,Customer 716,17442.42,USD,2026-09-26,INV-005966
txn_005967,Customer 717,17579.79,USD,2026-09-27,INV-005967
txn_005968,Customer 718,17716.16,USD,2026-09-28,INV-005968
txn_005969,Customer 719,17853.53,USD,2026-09-29,INV-005969
txn_005970,Customer 720,17990.90,USD,2026-09-30,INV-005970
txn_005971,Customer 721,18127.27,USD,2026-09-01,INV-005971
txn_005972,Customer 722,18264.64,USD,2026-09-02,INV-005972
txn_005973,Customer 723,18401.01,USD,2026-09-03,INV-005973
txn_005974,Customer 724,18538.38,USD,2026-09-04,INV-005974
txn_005975,Customer 725,18675.75,USD,2026-09-05,INV-005975
txn_005976,Customer 726,18812.12,USD,2026-09-06,INV-005976
txn_005977,Customer 727,18949.49,USD,2026-09-07,INV-005977
txn_005978,Customer 728,19086.86,USD,2026-09-08,INV-005978
txn_005979,Customer 729,19223.23,USD,2026-09-09,INV-005979
txn_005980,Customer 730,19360.60,USD,2026-09-10,INV-005980
txn_005981,Customer 731,19497.97,USD,2026-09-11,INV-005981
txn_005982,Customer 732,19634.34,USD,2026-09-12,INV-005982
txn_005983,Customer 733,19771.71,USD,2026-09-13,INV-005983
txn_005984,Customer 734,19908.08,USD,2026-09-14,INV-005984
txn_005985,Customer 735,20045.45,USD,2026-09-15,INV-005985
txn_005986,Customer 736,20182.82,USD,2026-09-16,INV-005986
txn_005987,Customer 737,20319.19,USD,2026-09-17,INV-005987
txn_005988,Customer 738,20456.56,USD,2026-09-18,INV-005988
txn_005989,Customer 739,20593.93,USD,2026-09-19,INV-005989
txn_005990,Customer 740,20730.30,USD,2026-09-20,INV-005990
txn_005991,Customer 741,20867.67,USD,2026-09-21,INV-005991
txn_005992,Customer 742,21004.04,USD,2026-09-22,INV-005992
txn_005993,Customer 743,21141.41,USD,2026-09-23,INV-005993
txn_005994,Customer 744,21278.78,USD,2026-09-24,INV-005994
txn_005995,Customer 745,21415.15,USD,2026-09-25,INV-005995
txn_005996,Customer 746,21552.52,USD,2026-09-26,INV-005996
txn_005997,Customer 747,21689.89,USD,2026-09-27,INV-005997
txn_005998,Customer 748,21826.26,USD,2026-09-28,INV-005998
txn_005999,Customer 749,21963.63,USD,2026-09-29,INV-005999
txn_006000,Customer 750,22100.00,USD,2026-09-30,INV-006000
txn_006001,Customer 001,22237.37,USD,2026-09-01,INV-006001
txn_006002,Customer 002,22374.74,USD,2026-09-02,INV-006002
txn_006003,Customer 003,22511.11,USD,2026-09-03,INV-006003
txn_006004,Customer 004,22648.48,USD,2026-09-04,INV-006004
txn_006005,Customer 005,22785.85,USD,2026-09-05,INV-006005
txn_006006,Customer 006,22922.22,USD,2026-09-06,INV-006006
txn_006007,Customer 007,23059.59,USD,2026-09-07,INV-006007
txn_006008,Customer 008,23196.96,USD,2026-09-08,INV-006008
txn_006009,Customer 009,23333.33,USD,2026-09-09,INV-006009
txn_006010,Customer 010,23470.70,USD,2026-09-10,INV-006010
txn_006011,Customer 011,23607.07,USD,2026-09-11,INV-006011
txn_006012,Customer 012,23744.44,USD,2026-09-12,INV-006012
txn_006013,Customer 013,23881.81,USD,2026-09-13,INV-006013
txn_006014,Customer 014,24018.18,USD,2026-09-14,INV-006014
txn_006015,Customer 015,24155.55,USD,2026-09-15,INV-006015
txn_006016,Customer 016,24292.92,USD,2026-09-16,INV-006016
txn_006017,Customer 017,24429.29,USD,2026-09-17,INV-006017
txn_006018,Customer 018,24566.66,USD,2026-09-18,INV-006018
txn_006019,Customer 019,24703.03,USD,2026-09-19,INV-006019
txn_006020,Customer 020,24840.40,USD,2026-09-20,INV-006020
txn_006021,Customer 021,24977.77,USD,2026-09-21,INV-006021
txn_006022,Customer 022,114.14,USD,2026-09-22,INV-006022
txn_006023,Customer 023,251.51,USD,2026-09-23,INV-006023
txn_006024,Customer 024,388.88,USD,2026-09-24,INV-006024
txn_006025,Customer 025,525.25,USD,2026-09-25,INV-006025
txn_006026,Customer 026,662.62,USD,2026-09-26,INV-006026
txn_006027,Customer 027,799.99,USD,2026-09-27,INV-006027
txn_006028,Customer 028,936.36,USD,2026-09-28,INV-006028
txn_006029,Customer 029,1073.73,USD,2026-09-29,INV-006029
txn_006030,Customer 030,1210.10,USD,2026-09-30,INV-006030
txn_006031,Customer 031,1347.47,USD,2026-09-01,INV-006031
txn_006032,Customer 032,1484.84,USD,2026-09-02,INV-006032
txn_006033,Customer 033,1621.21,USD,2026-09-03,INV-006033
txn_006034,Customer 034,1758.58,USD,2026-09-04,INV-006034
txn_006035,Customer 035,1895.95,USD,2026-09-05,INV-006035
txn_006036,Customer 036,2032.32,USD,2026-09-06,INV-006036
txn_006037,Customer 037,2169.69,USD,2026-09-07,INV-006037
txn_006038,Customer 038,2306.06,USD,2026-09-08,INV-006038
txn_006039,Customer 039,2443.43,USD,2026-09-09,INV-006039
txn_006040,Customer 040,2580.80,USD,2026-09-10,INV-006040
txn_006041,Customer 041,2717.17,USD,2026-09-11,INV-006041
txn_006042,Customer 042,2854.54,USD,2026-09-12,INV-006042
txn_006043,Customer 043,2991.91,USD,2026-09-13,INV-006043
txn_006044,Customer 044,3128.28,USD,2026-09-14,INV-006044
txn_006045,Customer 045,3265.65,USD,2026-09-15,INV-006045
txn_006046,Customer 046,3402.02,USD,2026-09-16,INV-006046
txn_006047,Customer 047,3539.39,USD,2026-09-17,INV-006047
txn_006048,Customer 048,3676.76,USD,2026-09-18,INV-006048
txn_006049,Customer 049,3813.13,USD,2026-09-19,INV-006049
txn_006050,Customer 050,3950.50,USD,2026-09-20,INV-006050
txn_006051,Customer 051,4087.87,USD,2026-09-21,INV-006051
txn_006052,Customer 052,4224.24,USD,2026-09-22,INV-006052
txn_006053,Customer 053,4361.61,USD,2026-09-23,INV-006053
txn_006054,Customer 054,4498.98,USD,2026-09-24,INV-006054
txn_006055,Customer 055,4635.35,USD,2026-09-25,INV-006055
txn_006056,Customer 056,4772.72,USD,2026-09-26,INV-006056
txn_006057,Customer 057,4909.09,USD,2026-09-27,INV-006057
txn_006058,Customer 058,5046.46,USD,2026-09-28,INV-006058
txn_006059,Customer 059,5183.83,USD,2026-09-29,INV-006059
txn_006060,Customer 060,5320.20,USD,2026-09-30,INV-006060
txn_006061,Customer 061,5457.57,USD,2026-09-01,INV-006061
txn_006062,Customer 062,5594.94,USD,2026-09-02,INV-006062
txn_006063,Customer 063,5731.31,USD,2026-09-03,INV-006063
txn_006064,Customer 064,5868.68,USD,2026-09-04,INV-006064
txn_006065,Customer 065,6005.05,USD,2026-09-05,INV-006065
txn_006066,Customer 066,6142.42,USD,2026-09-06,INV-006066
txn_006067,Customer 067,6279.79,USD,2026-09-07,INV-006067
txn_006068,Customer 068,6416.16,USD,2026-09-08,INV-006068
txn_006069,Customer 069,6553.53,USD,2026-09-09,INV-006069
txn_006070,Customer 070,6690.90,USD,2026-09-10,INV-006070
txn_006071,Customer 071,6827.27,USD,2026-09-11,INV-006071
txn_006072,Customer 072,6964.64,USD,2026-09-12,INV-006072
txn_006073,Customer 073,7101.01,USD,2026-09-13,INV-006073
txn_006074,Customer 074,7238.38,USD,2026-09-14,INV-006074
txn_006075,Customer 075,7375.75,USD,2026-09-15,INV-006075
txn_006076,Customer 076,7512.12,USD,2026-09-16,INV-006076
txn_006077,Customer 077,7649.49,USD,2026-09-17,INV-006077
txn_006078,Customer 078,7786.86,USD,2026-09-18,INV-006078
txn_006079,Customer 079,7923.23,USD,2026-09-19,INV-006079
txn_006080,Customer 080,8060.60,USD,2026-09-20,INV-006080
txn_006081,Customer 081,8197.97,USD,2026-09-21,INV-006081
txn_006082,Customer 082,8334.34,USD,2026-09-22,INV-006082
txn_006083,Customer 083,8471.71,USD,2026-09-23,INV-006083
txn_006084,Customer 084,8608.08,USD,2026-09-24,INV-006084
txn_006085,Customer 085,8745.45,USD,2026-09-25,INV-006085
txn_006086,Customer 086,8882.82,USD,2026-09-26,INV-006086
txn_006087,Customer 087,9019.19,USD,2026-09-27,INV-006087
txn_006088,Customer 088,9156.56,USD,2026-09-28,INV-006088
txn_006089,Customer 089,9293.93,USD,2026-09-29,INV-006089
txn_006090,Customer 090,9430.30,USD,2026-09-30,INV-006090
txn_006091,Customer 091,9567.67,USD,2026-09-01,INV-006091
txn_006092,Customer 092,9704.04,USD,2026-09-02,INV-006092
txn_006093,Customer 093,9841.41,USD,2026-09-03,INV-006093
txn_006094,Customer 094,9978.78,USD,2026-09-04,INV-006094
txn_006095,Customer 095,10115.15,USD,2026-09-05,INV-006095
txn_006096,Customer 096,10252.52,USD,2026-09-06,INV-006096
txn_006097,Customer 097,10389.89,USD,2026-09-07,INV-006097
txn_006098,Customer 098,10526.26,USD,2026-09-08,INV-006098
txn_006099,Customer 099,10663.63,USD,2026-09-09,INV-006099
txn_006100,Customer 100,10800.00,USD,2026-09-10,INV-006100
txn_006101,Customer 101,10937.37,USD,2026-09-11,INV-006101
txn_006102,Customer 102,11074.74,USD,2026-09-12,INV-006102
txn_006103,Customer 103,11211.11,USD,2026-09-13,INV-006103
txn_006104,Customer 104,11348.48,USD,2026-09-14,INV-006104
txn_006105,Customer 105,11485.85,USD,2026-09-15,INV-006105
txn_006106,Customer 106,11622.22,USD,2026-09-16,INV-006106
txn_006107,Customer 107,11759.59,USD,2026-09-17,INV-006107
txn_006108,Customer 108,11896.96,USD,2026-09-18,INV-006108
txn_006109,Customer 109,12033.33,USD,2026-09-19,INV-006109
txn_006110,Customer 110,12170.70,USD,2026-09-20,INV-006110
txn_006111,Customer 111,12307.07,USD,2026-09-21,INV-006111
txn_006112,Customer 112,12444.44,USD,2026-09-22,INV-006112
txn_006113,Customer 113,12581.81,USD,2026-09-23,INV-006113
txn_006114,Customer 114,12718.18,USD,2026-09-24,INV-006114
txn_006115,Customer 115,12855.55,USD,2026-09-25,INV-006115
txn_006116,Customer 116,12992.92,USD,2026-09-26,INV-006116
txn_006117,Customer 117,13129.29,USD,2026-09-27,INV-006117
txn_006118,Customer 118,13266.66,USD,2026-09-28,INV-006118
txn_006119,Customer 119,13403.03,USD,2026-09-29,INV-006119
txn_006120,Customer 120,13540.40,USD,2026-09-30,INV-006120
txn_006121,Customer 121,13677.77,USD,2026-09-01,INV-006121
txn_006122,Customer 122,13814.14,USD,2026-09-02,INV-006122
txn_006123,Customer 123,13951.51,USD,2026-09-03,INV-006123
txn_006124,Customer 124,14088.88,USD,2026-09-04,INV-006124
txn_006125,Customer 125,14225.25,USD,2026-09-05,INV-006125
txn_006126,Customer 126,14362.62,USD,2026-09-06,INV-006126
txn_006127,Customer 127,14499.99,USD,2026-09-07,INV-006127
txn_006128,Customer 128,14636.36,USD,2026-09-08,INV-006128
txn_006129,Customer 129,14773.73,USD,2026-09-09,INV-006129
txn_006130,Customer 130,14910.10,USD,2026-09-10,INV-006130
txn_006131,Customer 131,15047.47,USD,2026-09-11,INV-006131
txn_006132,Customer 132,15184.84,USD,2026-09-12,INV-006132
txn_006133,Customer 133,15321.21,USD,2026-09-13,INV-006133
txn_006134,Customer 134,15458.58,USD,2026-09-14,INV-006134
txn_006135,Customer 135,15595.95,USD,2026-09-15,INV-006135
txn_006136,Customer 136,15732.32,USD,2026-09-16,INV-006136
txn_006137,Customer 137,15869.69,USD,2026-09-17,INV-006137
txn_006138,Customer 138,16006.06,USD,2026-09-18,INV-006138
txn_006139,Customer 139,16143.43,USD,2026-09-19,INV-006139
txn_006140,Customer 140,16280.80,USD,2026-09-20,INV-006140
txn_006141,Customer 141,16417.17,USD,2026-09-21,INV-006141
txn_006142,Customer 142,16554.54,USD,2026-09-22,INV-006142
txn_006143,Customer 143,16691.91,USD,2026-09-23,INV-006143
txn_006144,Customer 144,16828.28,USD,2026-09-24,INV-006144
txn_006145,Customer 145,16965.65,USD,2026-09-25,INV-006145
txn_006146,Customer 146,17102.02,USD,2026-09-26,INV-006146
txn_006147,Customer 147,17239.39,USD,2026-09-27,INV-006147
txn_006148,Customer 148,17376.76,USD,2026-09-28,INV-006148
txn_006149,Customer 149,17513.13,USD,2026-09-29,INV-006149
txn_006150,Customer 150,17650.50,USD,2026-09-30,INV-006150
txn_006151,Customer 151,17787.87,USD,2026-09-01,INV-006151
txn_006152,Customer 152,17924.24,USD,2026-09-02,INV-006152
txn_006153,Customer 153,18061.61,USD,2026-09-03,INV-006153
txn_006154,Customer 154,18198.98,USD,2026-09-04,INV-006154
txn_006155,Customer 155,18335.35,USD,2026-09-05,INV-006155
txn_006156,Customer 156,18472.72,USD,2026-09-06,INV-006156
txn_006157,Customer 157,18609.09,USD,2026-09-07,INV-006157
txn_006158,Customer 158,18746.46,USD,2026-09-08,INV-006158
txn_006159,Customer 159,18883.83,USD,2026-09-09,INV-006159
txn_006160,Customer 160,19020.20,USD,2026-09-10,INV-006160
txn_006161,Customer 161,19157.57,USD,2026-09-11,INV-006161
txn_006162,Customer 162,19294.94,USD,2026-09-12,INV-006162
txn_006163,Customer 163,19431.31,USD,2026-09-13,INV-006163
txn_006164,Customer 164,19568.68,USD,2026-09-14,INV-006164
txn_006165,Customer 165,19705.05,USD,2026-09-15,INV-006165
txn_006166,Customer 166,19842.42,USD,2026-09-16,INV-006166
txn_006167,Customer 167,19979.79,USD,2026-09-17,INV-006167
txn_006168,Customer 168,20116.16,USD,2026-09-18,INV-006168
txn_006169,Customer 169,20253.53,USD,2026-09-19,INV-006169
txn_006170,Customer 170,20390.90,USD,2026-09-20,INV-006170
txn_006171,Customer 171,20527.27,USD,2026-09-21,INV-006171
txn_006172,Customer 172,20664.64,USD,2026-09-22,INV-006172
txn_006173,Customer 173,20801.01,USD,2026-09-23,INV-006173
txn_006174,Customer 174,20938.38,USD,2026-09-24,INV-006174
txn_006175,Customer 175,21075.75,USD,2026-09-25,INV-006175
txn_006176,Customer 176,21212.12,USD,2026-09-26,INV-006176
txn_006177,Customer 177,21349.49,USD,2026-09-27,INV-006177
txn_006178,Customer 178,21486.86,USD,2026-09-28,INV-006178
txn_006179,Customer 179,21623.23,USD,2026-09-29,INV-006179
txn_006180,Customer 180,21760.60,USD,2026-09-30,INV-006180
txn_006181,Customer 181,21897.97,USD,2026-09-01,INV-006181
txn_006182,Customer 182,22034.34,USD,2026-09-02,INV-006182
txn_006183,Customer 183,22171.71,USD,2026-09-03,INV-006183
txn_006184,Customer 184,22308.08,USD,2026-09-04,INV-006184
txn_006185,Customer 185,22445.45,USD,2026-09-05,INV-006185
txn_006186,Customer 186,22582.82,USD,2026-09-06,INV-006186
txn_006187,Customer 187,22719.19,USD,2026-09-07,INV-006187
txn_006188,Customer 188,22856.56,USD,2026-09-08,INV-006188
txn_006189,Customer 189,22993.93,USD,2026-09-09,INV-006189
txn_006190,Customer 190,23130.30,USD,2026-09-10,INV-006190
txn_006191,Customer 191,23267.67,USD,2026-09-11,INV-006191
txn_006192,Customer 192,23404.04,USD,2026-09-12,INV-006192
txn_006193,Customer 193,23541.41,USD,2026-09-13,INV-006193
txn_006194,Customer 194,23678.78,USD,2026-09-14,INV-006194
txn_006195,Customer 195,23815.15,USD,2026-09-15,INV-006195
txn_006196,Customer 196,23952.52,USD,2026-09-16,INV-006196
txn_006197,Customer 197,24089.89,USD,2026-09-17,INV-006197
txn_006198,Customer 198,24226.26,USD,2026-09-18,INV-006198
txn_006199,Customer 199,24363.63,USD,2026-09-19,INV-006199
txn_006200,Customer 200,24500.00,USD,2026-09-20,INV-006200
txn_006201,Customer 201,24637.37,USD,2026-09-21,INV-006201
txn_006202,Customer 202,24774.74,USD,2026-09-22,INV-006202
txn_006203,Customer 203,24911.11,USD,2026-09-23,INV-006203
txn_006204,Customer 204,25048.48,USD,2026-09-24,INV-006204
txn_006205,Customer 205,185.85,USD,2026-09-25,INV-006205
txn_006206,Customer 206,322.22,USD,2026-09-26,INV-006206
txn_006207,Customer 207,459.59,USD,2026-09-27,INV-006207
txn_006208,Customer 208,596.96,USD,2026-09-28,INV-006208
txn_006209,Customer 209,733.33,USD,2026-09-29,INV-006209
txn_006210,Customer 210,870.70,USD,2026-09-30,INV-006210
txn_006211,Customer 211,1007.07,USD,2026-09-01,INV-006211
txn_006212,Customer 212,1144.44,USD,2026-09-02,INV-006212
txn_006213,Customer 213,1281.81,USD,2026-09-03,INV-006213
txn_006214,Customer 214,1418.18,USD,2026-09-04,INV-006214
txn_006215,Customer 215,1555.55,USD,2026-09-05,INV-006215
txn_006216,Customer 216,1692.92,USD,2026-09-06,INV-006216
txn_006217,Customer 217,1829.29,USD,2026-09-07,INV-006217
txn_006218,Customer 218,1966.66,USD,2026-09-08,INV-006218
txn_006219,Customer 219,2103.03,USD,2026-09-09,INV-006219
txn_006220,Customer 220,2240.40,USD,2026-09-10,INV-006220
txn_006221,Customer 221,2377.77,USD,2026-09-11,INV-006221
txn_006222,Customer 222,2514.14,USD,2026-09-12,INV-006222
txn_006223,Customer 223,2651.51,USD,2026-09-13,INV-006223
txn_006224,Customer 224,2788.88,USD,2026-09-14,INV-006224
txn_006225,Customer 225,2925.25,USD,2026-09-15,INV-006225
txn_006226,Customer 226,3062.62,USD,2026-09-16,INV-006226
txn_006227,Customer 227,3199.99,USD,2026-09-17,INV-006227
txn_006228,Customer 228,3336.36,USD,2026-09-18,INV-006228
txn_006229,Customer 229,3473.73,USD,2026-09-19,INV-006229
txn_006230,Customer 230,3610.10,USD,2026-09-20,INV-006230
txn_006231,Customer 231,3747.47,USD,2026-09-21,INV-006231
txn_006232,Customer 232,3884.84,USD,2026-09-22,INV-006232
txn_006233,Customer 233,4021.21,USD,2026-09-23,INV-006233
txn_006234,Customer 234,4158.58,USD,2026-09-24,INV-006234
txn_006235,Customer 235,4295.95,USD,2026-09-25,INV-006235
txn_006236,Customer 236,4432.32,USD,2026-09-26,INV-006236
txn_006237,Customer 237,4569.69,USD,2026-09-27,INV-006237
txn_006238,Customer 238,4706.06,USD,2026-09-28,INV-006238
txn_006239,Customer 239,4843.43,USD,2026-09-29,INV-006239
txn_006240,Customer 240,4980.80,USD,2026-09-30,INV-006240
txn_006241,Customer 241,5117.17,USD,2026-09-01,INV-006241
txn_006242,Customer 242,5254.54,USD,2026-09-02,INV-006242
txn_006243,Customer 243,5391.91,USD,2026-09-03,INV-006243
txn_006244,Customer 244,5528.28,USD,2026-09-04,INV-006244
txn_006245,Customer 245,5665.65,USD,2026-09-05,INV-006245
txn_006246,Customer 246,5802.02,USD,2026-09-06,INV-006246
txn_006247,Customer 247,5939.39,USD,2026-09-07,INV-006247
txn_006248,Customer 248,6076.76,USD,2026-09-08,INV-006248
txn_006249,Customer 249,6213.13,USD,2026-09-09,INV-006249
txn_006250,Customer 250,6350.50,USD,2026-09-10,INV-006250
txn_006251,Customer 251,6487.87,USD,2026-09-11,INV-006251
txn_006252,Customer 252,6624.24,USD,2026-09-12,INV-006252
txn_006253,Customer 253,6761.61,USD,2026-09-13,INV-006253
txn_006254,Customer 254,6898.98,USD,2026-09-14,INV-006254
txn_006255,Customer 255,7035.35,USD,2026-09-15,INV-006255
txn_006256,Customer 256,7172.72,USD,2026-09-16,INV-006256
txn_006257,Customer 257,7309.09,USD,2026-09-17,INV-006257
txn_006258,Customer 258,7446.46,USD,2026-09-18,INV-006258
txn_006259,Customer 259,7583.83,USD,2026-09-19,INV-006259
txn_006260,Customer 260,7720.20,USD,2026-09-20,INV-006260
txn_006261,Customer 261,7857.57,USD,2026-09-21,INV-006261
txn_006262,Customer 262,7994.94,USD,2026-09-22,INV-006262
txn_006263,Customer 263,8131.31,USD,2026-09-23,INV-006263
txn_006264,Customer 264,8268.68,USD,2026-09-24,INV-006264
txn_006265,Customer 265,8405.05,USD,2026-09-25,INV-006265
txn_006266,Customer 266,8542.42,USD,2026-09-26,INV-006266
txn_006267,Customer 267,8679.79,USD,2026-09-27,INV-006267
txn_006268,Customer 268,8816.16,USD,2026-09-28,INV-006268
txn_006269,Customer 269,8953.53,USD,2026-09-29,INV-006269
txn_006270,Customer 270,9090.90,USD,2026-09-30,INV-006270
txn_006271,Customer 271,9227.27,USD,2026-09-01,INV-006271
txn_006272,Customer 272,9364.64,USD,2026-09-02,INV-006272
txn_006273,Customer 273,9501.01,USD,2026-09-03,INV-006273
txn_006274,Customer 274,9638.38,USD,2026-09-04,INV-006274
txn_006275,Customer 275,9775.75,USD,2026-09-05,INV-006275
txn_006276,Customer 276,9912.12,USD,2026-09-06,INV-006276
txn_006277,Customer 277,10049.49,USD,2026-09-07,INV-006277
txn_006278,Customer 278,10186.86,USD,2026-09-08,INV-006278
txn_006279,Customer 279,10323.23,USD,2026-09-09,INV-006279
txn_006280,Customer 280,10460.60,USD,2026-09-10,INV-006280
txn_006281,Customer 281,10597.97,USD,2026-09-11,INV-006281
txn_006282,Customer 282,10734.34,USD,2026-09-12,INV-006282
txn_006283,Customer 283,10871.71,USD,2026-09-13,INV-006283
txn_006284,Customer 284,11008.08,USD,2026-09-14,INV-006284
txn_006285,Customer 285,11145.45,USD,2026-09-15,INV-006285
txn_006286,Customer 286,11282.82,USD,2026-09-16,INV-006286
txn_006287,Customer 287,11419.19,USD,2026-09-17,INV-006287
txn_006288,Customer 288,11556.56,USD,2026-09-18,INV-006288
txn_006289,Customer 289,11693.93,USD,2026-09-19,INV-006289
txn_006290,Customer 290,11830.30,USD,2026-09-20,INV-006290
txn_006291,Customer 291,11967.67,USD,2026-09-21,INV-006291
txn_006292,Customer 292,12104.04,USD,2026-09-22,INV-006292
txn_006293,Customer 293,12241.41,USD,2026-09-23,INV-006293
txn_006294,Customer 294,12378.78,USD,2026-09-24,INV-006294
txn_006295,Customer 295,12515.15,USD,2026-09-25,INV-006295
txn_006296,Customer 296,12652.52,USD,2026-09-26,INV-006296
txn_006297,Customer 297,12789.89,USD,2026-09-27,INV-006297
txn_006298,Customer 298,12926.26,USD,2026-09-28,INV-006298
txn_006299,Customer 299,13063.63,USD,2026-09-29,INV-006299
txn_006300,Customer 300,13200.00,USD,2026-09-30,INV-006300
txn_006301,Customer 301,13337.37,USD,2026-09-01,INV-006301
txn_006302,Customer 302,13474.74,USD,2026-09-02,INV-006302
txn_006303,Customer 303,13611.11,USD,2026-09-03,INV-006303
txn_006304,Customer 304,13748.48,USD,2026-09-04,INV-006304
txn_006305,Customer 305,13885.85,USD,2026-09-05,INV-006305
txn_006306,Customer 306,14022.22,USD,2026-09-06,INV-006306
txn_006307,Customer 307,14159.59,USD,2026-09-07,INV-006307
txn_006308,Customer 308,14296.96,USD,2026-09-08,INV-006308
txn_006309,Customer 309,14433.33,USD,2026-09-09,INV-006309
txn_006310,Customer 310,14570.70,USD,2026-09-10,INV-006310
txn_006311,Customer 311,14707.07,USD,2026-09-11,INV-006311
txn_006312,Customer 312,14844.44,USD,2026-09-12,INV-006312
txn_006313,Customer 313,14981.81,USD,2026-09-13,INV-006313
txn_006314,Customer 314,15118.18,USD,2026-09-14,INV-006314
txn_006315,Customer 315,15255.55,USD,2026-09-15,INV-006315
txn_006316,Customer 316,15392.92,USD,2026-09-16,INV-006316
txn_006317,Customer 317,15529.29,USD,2026-09-17,INV-006317
txn_006318,Customer 318,15666.66,USD,2026-09-18,INV-006318
txn_006319,Customer 319,15803.03,USD,2026-09-19,INV-006319
txn_006320,Customer 320,15940.40,USD,2026-09-20,INV-006320
txn_006321,Customer 321,16077.77,USD,2026-09-21,INV-006321
txn_006322,Customer 322,16214.14,USD,2026-09-22,INV-006322
txn_006323,Customer 323,16351.51,USD,2026-09-23,INV-006323
txn_006324,Customer 324,16488.88,USD,2026-09-24,INV-006324
txn_006325,Customer 325,16625.25,USD,2026-09-25,INV-006325
txn_006326,Customer 326,16762.62,USD,2026-09-26,INV-006326
txn_006327,Customer 327,16899.99,USD,2026-09-27,INV-006327
txn_006328,Customer 328,17036.36,USD,2026-09-28,INV-006328
txn_006329,Customer 329,17173.73,USD,2026-09-29,INV-006329
txn_006330,Customer 330,17310.10,USD,2026-09-30,INV-006330
txn_006331,Customer 331,17447.47,USD,2026-09-01,INV-006331
txn_006332,Customer 332,17584.84,USD,2026-09-02,INV-006332
txn_006333,Customer 333,17721.21,USD,2026-09-03,INV-006333
txn_006334,Customer 334,17858.58,USD,2026-09-04,INV-006334
txn_006335,Customer 335,17995.95,USD,2026-09-05,INV-006335
txn_006336,Customer 336,18132.32,USD,2026-09-06,INV-006336
txn_006337,Customer 337,18269.69,USD,2026-09-07,INV-006337
txn_006338,Customer 338,18406.06,USD,2026-09-08,INV-006338
txn_006339,Customer 339,18543.43,USD,2026-09-09,INV-006339
txn_006340,Customer 340,18680.80,USD,2026-09-10,INV-006340
txn_006341,Customer 341,18817.17,USD,2026-09-11,INV-006341
txn_006342,Customer 342,18954.54,USD,2026-09-12,INV-006342
txn_006343,Customer 343,19091.91,USD,2026-09-13,INV-006343
txn_006344,Customer 344,19228.28,USD,2026-09-14,INV-006344
txn_006345,Customer 345,19365.65,USD,2026-09-15,INV-006345
txn_006346,Customer 346,19502.02,USD,2026-09-16,INV-006346
txn_006347,Customer 347,19639.39,USD,2026-09-17,INV-006347
txn_006348,Customer 348,19776.76,USD,2026-09-18,INV-006348
txn_006349,Customer 349,19913.13,USD,2026-09-19,INV-006349
txn_006350,Customer 350,20050.50,USD,2026-09-20,INV-006350
txn_006351,Customer 351,20187.87,USD,2026-09-21,INV-006351
txn_006352,Customer 352,20324.24,USD,2026-09-22,INV-006352
txn_006353,Customer 353,20461.61,USD,2026-09-23,INV-006353
txn_006354,Customer 354,20598.98,USD,2026-09-24,INV-006354
txn_006355,Customer 355,20735.35,USD,2026-09-25,INV-006355
txn_006356,Customer 356,20872.72,USD,2026-09-26,INV-006356
txn_006357,Customer 357,21009.09,USD,2026-09-27,INV-006357
txn_006358,Customer 358,21146.46,USD,2026-09-28,INV-006358
txn_006359,Customer 359,21283.83,USD,2026-09-29,INV-006359
txn_006360,Customer 360,21420.20,USD,2026-09-30,INV-006360
txn_006361,Customer 361,21557.57,USD,2026-09-01,INV-006361
txn_006362,Customer 362,21694.94,USD,2026-09-02,INV-006362
txn_006363,Customer 363,21831.31,USD,2026-09-03,INV-006363
txn_006364,Customer 364,21968.68,USD,2026-09-04,INV-006364
txn_006365,Customer 365,22105.05,USD,2026-09-05,INV-006365
txn_006366,Customer 366,22242.42,USD,2026-09-06,INV-006366
txn_006367,Customer 367,22379.79,USD,2026-09-07,INV-006367
txn_006368,Customer 368,22516.16,USD,2026-09-08,INV-006368
txn_006369,Customer 369,22653.53,USD,2026-09-09,INV-006369
txn_006370,Customer 370,22790.90,USD,2026-09-10,INV-006370
txn_006371,Customer 371,22927.27,USD,2026-09-11,INV-006371
txn_006372,Customer 372,23064.64,USD,2026-09-12,INV-006372
txn_006373,Customer 373,23201.01,USD,2026-09-13,INV-006373
txn_006374,Customer 374,23338.38,USD,2026-09-14,INV-006374
txn_006375,Customer 375,23475.75,USD,2026-09-15,INV-006375
txn_006376,Customer 376,23612.12,USD,2026-09-16,INV-006376
txn_006377,Customer 377,23749.49,USD,2026-09-17,INV-006377
txn_006378,Customer 378,23886.86,USD,2026-09-18,INV-006378
txn_006379,Customer 379,24023.23,USD,2026-09-19,INV-006379
txn_006380,Customer 380,24160.60,USD,2026-09-20,INV-006380
txn_006381,Customer 381,24297.97,USD,2026-09-21,INV-006381
txn_006382,Customer 382,24434.34,USD,2026-09-22,INV-006382
txn_006383,Customer 383,24571.71,USD,2026-09-23,INV-006383
txn_006384,Customer 384,24708.08,USD,2026-09-24,INV-006384
txn_006385,Customer 385,24845.45,USD,2026-09-25,INV-006385
txn_006386,Customer 386,24982.82,USD,2026-09-26,INV-006386
txn_006387,Customer 387,119.19,USD,2026-09-27,INV-006387
txn_006388,Customer 388,256.56,USD,2026-09-28,INV-006388
txn_006389,Customer 389,393.93,USD,2026-09-29,INV-006389
txn_006390,Customer 390,530.30,USD,2026-09-30,INV-006390
txn_006391,Customer 391,667.67,USD,2026-09-01,INV-006391
txn_006392,Customer 392,804.04,USD,2026-09-02,INV-006392
txn_006393,Customer 393,941.41,USD,2026-09-03,INV-006393
txn_006394,Customer 394,1078.78,USD,2026-09-04,INV-006394
txn_006395,Customer 395,1215.15,USD,2026-09-05,INV-006395
txn_006396,Customer 396,1352.52,USD,2026-09-06,INV-006396
txn_006397,Customer 397,1489.89,USD,2026-09-07,INV-006397
txn_006398,Customer 398,1626.26,USD,2026-09-08,INV-006398
txn_006399,Customer 399,1763.63,USD,2026-09-09,INV-006399
txn_006400,Customer 400,1900.00,USD,2026-09-10,INV-006400
txn_006401,Customer 401,2037.37,USD,2026-09-11,INV-006401
txn_006402,Customer 402,2174.74,USD,2026-09-12,INV-006402
txn_006403,Customer 403,2311.11,USD,2026-09-13,INV-006403
txn_006404,Customer 404,2448.48,USD,2026-09-14,INV-006404
txn_006405,Customer 405,2585.85,USD,2026-09-15,INV-006405
txn_006406,Customer 406,2722.22,USD,2026-09-16,INV-006406
txn_006407,Customer 407,2859.59,USD,2026-09-17,INV-006407
txn_006408,Customer 408,2996.96,USD,2026-09-18,INV-006408
txn_006409,Customer 409,3133.33,USD,2026-09-19,INV-006409
txn_006410,Customer 410,3270.70,USD,2026-09-20,INV-006410
txn_006411,Customer 411,3407.07,USD,2026-09-21,INV-006411
txn_006412,Customer 412,3544.44,USD,2026-09-22,INV-006412
txn_006413,Customer 413,3681.81,USD,2026-09-23,INV-006413
txn_006414,Customer 414,3818.18,USD,2026-09-24,INV-006414
txn_006415,Customer 415,3955.55,USD,2026-09-25,INV-006415
txn_006416,Customer 416,4092.92,USD,2026-09-26,INV-006416
txn_006417,Customer 417,4229.29,USD,2026-09-27,INV-006417
txn_006418,Customer 418,4366.66,USD,2026-09-28,INV-006418
txn_006419,Customer 419,4503.03,USD,2026-09-29,INV-006419
txn_006420,Customer 420,4640.40,USD,2026-09-30,INV-006420
txn_006421,Customer 421,4777.77,USD,2026-09-01,INV-006421
txn_006422,Customer 422,4914.14,USD,2026-09-02,INV-006422
txn_006423,Customer 423,5051.51,USD,2026-09-03,INV-006423
txn_006424,Customer 424,5188.88,USD,2026-09-04,INV-006424
txn_006425,Customer 425,5325.25,USD,2026-09-05,INV-006425
txn_006426,Customer 426,5462.62,USD,2026-09-06,INV-006426
txn_006427,Customer 427,5599.99,USD,2026-09-07,INV-006427
txn_006428,Customer 428,5736.36,USD,2026-09-08,INV-006428
txn_006429,Customer 429,5873.73,USD,2026-09-09,INV-006429
txn_006430,Customer 430,6010.10,USD,2026-09-10,INV-006430
txn_006431,Customer 431,6147.47,USD,2026-09-11,INV-006431
txn_006432,Customer 432,6284.84,USD,2026-09-12,INV-006432
txn_006433,Customer 433,6421.21,USD,2026-09-13,INV-006433
txn_006434,Customer 434,6558.58,USD,2026-09-14,INV-006434
txn_006435,Customer 435,6695.95,USD,2026-09-15,INV-006435
txn_006436,Customer 436,6832.32,USD,2026-09-16,INV-006436
txn_006437,Customer 437,6969.69,USD,2026-09-17,INV-006437
txn_006438,Customer 438,7106.06,USD,2026-09-18,INV-006438
txn_006439,Customer 439,7243.43,USD,2026-09-19,INV-006439
txn_006440,Customer 440,7380.80,USD,2026-09-20,INV-006440
txn_006441,Customer 441,7517.17,USD,2026-09-21,INV-006441
txn_006442,Customer 442,7654.54,USD,2026-09-22,INV-006442
txn_006443,Customer 443,7791.91,USD,2026-09-23,INV-006443
txn_006444,Customer 444,7928.28,USD,2026-09-24,INV-006444
txn_006445,Customer 445,8065.65,USD,2026-09-25,INV-006445
txn_006446,Customer 446,8202.02,USD,2026-09-26,INV-006446
txn_006447,Customer 447,8339.39,USD,2026-09-27,INV-006447
txn_006448,Customer 448,8476.76,USD,2026-09-28,INV-006448
txn_006449,Customer 449,8613.13,USD,2026-09-29,INV-006449
txn_006450,Customer 450,8750.50,USD,2026-09-30,INV-006450
txn_006451,Customer 451,8887.87,USD,2026-09-01,INV-006451
txn_006452,Customer 452,9024.24,USD,2026-09-02,INV-006452
txn_006453,Customer 453,9161.61,USD,2026-09-03,INV-006453
txn_006454,Customer 454,9298.98,USD,2026-09-04,INV-006454
txn_006455,Customer 455,9435.35,USD,2026-09-05,INV-006455
txn_006456,Customer 456,9572.72,USD,2026-09-06,INV-006456
txn_006457,Customer 457,9709.09,USD,2026-09-07,INV-006457
txn_006458,Customer 458,9846.46,USD,2026-09-08,INV-006458
txn_006459,Customer 459,9983.83,USD,2026-09-09,INV-006459
txn_006460,Customer 460,10120.20,USD,2026-09-10,INV-006460
txn_006461,Customer 461,10257.57,USD,2026-09-11,INV-006461
txn_006462,Customer 462,10394.94,USD,2026-09-12,INV-006462
txn_006463,Customer 463,10531.31,USD,2026-09-13,INV-006463
txn_006464,Customer 464,10668.68,USD,2026-09-14,INV-006464
txn_006465,Customer 465,10805.05,USD,2026-09-15,INV-006465
txn_006466,Customer 466,10942.42,USD,2026-09-16,INV-006466
txn_006467,Customer 467,11079.79,USD,2026-09-17,INV-006467
txn_006468,Customer 468,11216.16,USD,2026-09-18,INV-006468
txn_006469,Customer 469,11353.53,USD,2026-09-19,INV-006469
txn_006470,Customer 470,11490.90,USD,2026-09-20,INV-006470
txn_006471,Customer 471,11627.27,USD,2026-09-21,INV-006471
txn_006472,Customer 472,11764.64,USD,2026-09-22,INV-006472
txn_006473,Customer 473,11901.01,USD,2026-09-23,INV-006473
txn_006474,Customer 474,12038.38,USD,2026-09-24,INV-006474
txn_006475,Customer 475,12175.75,USD,2026-09-25,INV-006475
txn_006476,Customer 476,12312.12,USD,2026-09-26,INV-006476
txn_006477,Customer 477,12449.49,USD,2026-09-27,INV-006477
txn_006478,Customer 478,12586.86,USD,2026-09-28,INV-006478
txn_006479,Customer 479,12723.23,USD,2026-09-29,INV-006479
txn_006480,Customer 480,12860.60,USD,2026-09-30,INV-006480
txn_006481,Customer 481,12997.97,USD,2026-09-01,INV-006481
txn_006482,Customer 482,13134.34,USD,2026-09-02,INV-006482
txn_006483,Customer 483,13271.71,USD,2026-09-03,INV-006483
txn_006484,Customer 484,13408.08,USD,2026-09-04,INV-006484
txn_006485,Customer 485,13545.45,USD,2026-09-05,INV-006485
txn_006486,Customer 486,13682.82,USD,2026-09-06,INV-006486
txn_006487,Customer 487,13819.19,USD,2026-09-07,INV-006487
txn_006488,Customer 488,13956.56,USD,2026-09-08,INV-006488
txn_006489,Customer 489,14093.93,USD,2026-09-09,INV-006489
txn_006490,Customer 490,14230.30,USD,2026-09-10,INV-006490
txn_006491,Customer 491,14367.67,USD,2026-09-11,INV-006491
txn_006492,Customer 492,14504.04,USD,2026-09-12,INV-006492
txn_006493,Customer 493,14641.41,USD,2026-09-13,INV-006493
txn_006494,Customer 494,14778.78,USD,2026-09-14,INV-006494
txn_006495,Customer 495,14915.15,USD,2026-09-15,INV-006495
txn_006496,Customer 496,15052.52,USD,2026-09-16,INV-006496
txn_006497,Customer 497,15189.89,USD,2026-09-17,INV-006497
txn_006498,Customer 498,15326.26,USD,2026-09-18,INV-006498
txn_006499,Customer 499,15463.63,USD,2026-09-19,INV-006499
txn_006500,Customer 500,15600.00,USD,2026-09-20,INV-006500
txn_006501,Customer 501,15737.37,USD,2026-09-21,INV-006501
txn_006502,Customer 502,15874.74,USD,2026-09-22,INV-006502
txn_006503,Customer 503,16011.11,USD,2026-09-23,INV-006503
txn_006504,Customer 504,16148.48,USD,2026-09-24,INV-006504
txn_006505,Customer 505,16285.85,USD,2026-09-25,INV-006505
txn_006506,Customer 506,16422.22,USD,2026-09-26,INV-006506
txn_006507,Customer 507,16559.59,USD,2026-09-27,INV-006507
txn_006508,Customer 508,16696.96,USD,2026-09-28,INV-006508
txn_006509,Customer 509,16833.33,USD,2026-09-29,INV-006509
txn_006510,Customer 510,16970.70,USD,2026-09-30,INV-006510
txn_006511,Customer 511,17107.07,USD,2026-09-01,INV-006511
txn_006512,Customer 512,17244.44,USD,2026-09-02,INV-006512
txn_006513,Customer 513,17381.81,USD,2026-09-03,INV-006513
txn_006514,Customer 514,17518.18,USD,2026-09-04,INV-006514
txn_006515,Customer 515,17655.55,USD,2026-09-05,INV-006515
txn_006516,Customer 516,17792.92,USD,2026-09-06,INV-006516
txn_006517,Customer 517,17929.29,USD,2026-09-07,INV-006517
txn_006518,Customer 518,18066.66,USD,2026-09-08,INV-006518
txn_006519,Customer 519,18203.03,USD,2026-09-09,INV-006519
txn_006520,Customer 520,18340.40,USD,2026-09-10,INV-006520
txn_006521,Customer 521,18477.77,USD,2026-09-11,INV-006521
txn_006522,Customer 522,18614.14,USD,2026-09-12,INV-006522
txn_006523,Customer 523,18751.51,USD,2026-09-13,INV-006523
txn_006524,Customer 524,18888.88,USD,2026-09-14,INV-006524
txn_006525,Customer 525,19025.25,USD,2026-09-15,INV-006525
txn_006526,Customer 526,19162.62,USD,2026-09-16,INV-006526
txn_006527,Customer 527,19299.99,USD,2026-09-17,INV-006527
txn_006528,Customer 528,19436.36,USD,2026-09-18,INV-006528
txn_006529,Customer 529,19573.73,USD,2026-09-19,INV-006529
txn_006530,Customer 530,19710.10,USD,2026-09-20,INV-006530
txn_006531,Customer 531,19847.47,USD,2026-09-21,INV-006531
txn_006532,Customer 532,19984.84,USD,2026-09-22,INV-006532
txn_006533,Customer 533,20121.21,USD,2026-09-23,INV-006533
txn_006534,Customer 534,20258.58,USD,2026-09-24,INV-006534
txn_006535,Customer 535,20395.95,USD,2026-09-25,INV-006535
txn_006536,Customer 536,20532.32,USD,2026-09-26,INV-006536
txn_006537,Customer 537,20669.69,USD,2026-09-27,INV-006537
txn_006538,Customer 538,20806.06,USD,2026-09-28,INV-006538
txn_006539,Customer 539,20943.43,USD,2026-09-29,INV-006539
txn_006540,Customer 540,21080.80,USD,2026-09-30,INV-006540
txn_006541,Customer 541,21217.17,USD,2026-09-01,INV-006541
txn_006542,Customer 542,21354.54,USD,2026-09-02,INV-006542
txn_006543,Customer 543,21491.91,USD,2026-09-03,INV-006543
txn_006544,Customer 544,21628.28,USD,2026-09-04,INV-006544
txn_006545,Customer 545,21765.65,USD,2026-09-05,INV-006545
txn_006546,Customer 546,21902.02,USD,2026-09-06,INV-006546
txn_006547,Customer 547,22039.39,USD,2026-09-07,INV-006547
txn_006548,Customer 548,22176.76,USD,2026-09-08,INV-006548
txn_006549,Customer 549,22313.13,USD,2026-09-09,INV-006549
txn_006550,Customer 550,22450.50,USD,2026-09-10,INV-006550
txn_006551,Customer 551,22587.87,USD,2026-09-11,INV-006551
txn_006552,Customer 552,22724.24,USD,2026-09-12,INV-006552
txn_006553,Customer 553,22861.61,USD,2026-09-13,INV-006553
txn_006554,Customer 554,22998.98,USD,2026-09-14,INV-006554
txn_006555,Customer 555,23135.35,USD,2026-09-15,INV-006555
txn_006556,Customer 556,23272.72,USD,2026-09-16,INV-006556
txn_006557,Customer 557,23409.09,USD,2026-09-17,INV-006557
txn_006558,Customer 558,23546.46,USD,2026-09-18,INV-006558
txn_006559,Customer 559,23683.83,USD,2026-09-19,INV-006559
txn_006560,Customer 560,23820.20,USD,2026-09-20,INV-006560
txn_006561,Customer 561,23957.57,USD,2026-09-21,INV-006561
txn_006562,Customer 562,24094.94,USD,2026-09-22,INV-006562
txn_006563,Customer 563,24231.31,USD,2026-09-23,INV-006563
txn_006564,Customer 564,24368.68,USD,2026-09-24,INV-006564
txn_006565,Customer 565,24505.05,USD,2026-09-25,INV-006565
txn_006566,Customer 566,24642.42,USD,2026-09-26,INV-006566
txn_006567,Customer 567,24779.79,USD,2026-09-27,INV-006567
txn_006568,Customer 568,24916.16,USD,2026-09-28,INV-006568
txn_006569,Customer 569,25053.53,USD,2026-09-29,INV-006569
txn_006570,Customer 570,190.90,USD,2026-09-30,INV-006570
txn_006571,Customer 571,327.27,USD,2026-09-01,INV-006571
txn_006572,Customer 572,464.64,USD,2026-09-02,INV-006572
txn_006573,Customer 573,601.01,USD,2026-09-03,INV-006573
txn_006574,Customer 574,738.38,USD,2026-09-04,INV-006574
txn_006575,Customer 575,875.75,USD,2026-09-05,INV-006575
txn_006576,Customer 576,1012.12,USD,2026-09-06,INV-006576
txn_006577,Customer 577,1149.49,USD,2026-09-07,INV-006577
txn_006578,Customer 578,1286.86,USD,2026-09-08,INV-006578
txn_006579,Customer 579,1423.23,USD,2026-09-09,INV-006579
txn_006580,Customer 580,1560.60,USD,2026-09-10,INV-006580
txn_006581,Customer 581,1697.97,USD,2026-09-11,INV-006581
txn_006582,Customer 582,1834.34,USD,2026-09-12,INV-006582
txn_006583,Customer 583,1971.71,USD,2026-09-13,INV-006583
txn_006584,Customer 584,2108.08,USD,2026-09-14,INV-006584
txn_006585,Customer 585,2245.45,USD,2026-09-15,INV-006585
txn_006586,Customer 586,2382.82,USD,2026-09-16,INV-006586
txn_006587,Customer 587,2519.19,USD,2026-09-17,INV-006587
txn_006588,Customer 588,2656.56,USD,2026-09-18,INV-006588
txn_006589,Customer 589,2793.93,USD,2026-09-19,INV-006589
txn_006590,Customer 590,2930.30,USD,2026-09-20,INV-006590
txn_006591,Customer 591,3067.67,USD,2026-09-21,INV-006591
txn_006592,Customer 592,3204.04,USD,2026-09-22,INV-006592
txn_006593,Customer 593,3341.41,USD,2026-09-23,INV-006593
txn_006594,Customer 594,3478.78,USD,2026-09-24,INV-006594
txn_006595,Customer 595,3615.15,USD,2026-09-25,INV-006595
txn_006596,Customer 596,3752.52,USD,2026-09-26,INV-006596
txn_006597,Customer 597,3889.89,USD,2026-09-27,INV-006597
txn_006598,Customer 598,4026.26,USD,2026-09-28,INV-006598
txn_006599,Customer 599,4163.63,USD,2026-09-29,INV-006599
txn_006600,Customer 600,4300.00,USD,2026-09-30,INV-006600
txn_006601,Customer 601,4437.37,USD,2026-09-01,INV-006601
txn_006602,Customer 602,4574.74,USD,2026-09-02,INV-006602
txn_006603,Customer 603,4711.11,USD,2026-09-03,INV-006603
txn_006604,Customer 604,4848.48,USD,2026-09-04,INV-006604
txn_006605,Customer 605,4985.85,USD,2026-09-05,INV-006605
txn_006606,Customer 606,5122.22,USD,2026-09-06,INV-006606
txn_006607,Customer 607,5259.59,USD,2026-09-07,INV-006607
txn_006608,Customer 608,5396.96,USD,2026-09-08,INV-006608
txn_006609,Customer 609,5533.33,USD,2026-09-09,INV-006609
txn_006610,Customer 610,5670.70,USD,2026-09-10,INV-006610
txn_006611,Customer 611,5807.07,USD,2026-09-11,INV-006611
txn_006612,Customer 612,5944.44,USD,2026-09-12,INV-006612
txn_006613,Customer 613,6081.81,USD,2026-09-13,INV-006613
txn_006614,Customer 614,6218.18,USD,2026-09-14,INV-006614
txn_006615,Customer 615,6355.55,USD,2026-09-15,INV-006615
txn_006616,Customer 616,6492.92,USD,2026-09-16,INV-006616
txn_006617,Customer 617,6629.29,USD,2026-09-17,INV-006617
txn_006618,Customer 618,6766.66,USD,2026-09-18,INV-006618
txn_006619,Customer 619,6903.03,USD,2026-09-19,INV-006619
txn_006620,Customer 620,7040.40,USD,2026-09-20,INV-006620
txn_006621,Customer 621,7177.77,USD,2026-09-21,INV-006621
txn_006622,Customer 622,7314.14,USD,2026-09-22,INV-006622
txn_006623,Customer 623,7451.51,USD,2026-09-23,INV-006623
txn_006624,Customer 624,7588.88,USD,2026-09-24,INV-006624
txn_006625,Customer 625,7725.25,USD,2026-09-25,INV-006625
txn_006626,Customer 626,7862.62,USD,2026-09-26,INV-006626
txn_006627,Customer 627,7999.99,USD,2026-09-27,INV-006627
txn_006628,Customer 628,8136.36,USD,2026-09-28,INV-006628
txn_006629,Customer 629,8273.73,USD,2026-09-29,INV-006629
txn_006630,Customer 630,8410.10,USD,2026-09-30,INV-006630
txn_006631,Customer 631,8547.47,USD,2026-09-01,INV-006631
txn_006632,Customer 632,8684.84,USD,2026-09-02,INV-006632
txn_006633,Customer 633,8821.21,USD,2026-09-03,INV-006633
txn_006634,Customer 634,8958.58,USD,2026-09-04,INV-006634
txn_006635,Customer 635,9095.95,USD,2026-09-05,INV-006635
txn_006636,Customer 636,9232.32,USD,2026-09-06,INV-006636
txn_006637,Customer 637,9369.69,USD,2026-09-07,INV-006637
txn_006638,Customer 638,9506.06,USD,2026-09-08,INV-006638
txn_006639,Customer 639,9643.43,USD,2026-09-09,INV-006639
txn_006640,Customer 640,9780.80,USD,2026-09-10,INV-006640
txn_006641,Customer 641,9917.17,USD,2026-09-11,INV-006641
txn_006642,Customer 642,10054.54,USD,2026-09-12,INV-006642
txn_006643,Customer 643,10191.91,USD,2026-09-13,INV-006643
txn_006644,Customer 644,10328.28,USD,2026-09-14,INV-006644
txn_006645,Customer 645,10465.65,USD,2026-09-15,INV-006645
txn_006646,Customer 646,10602.02,USD,2026-09-16,INV-006646
txn_006647,Customer 647,10739.39,USD,2026-09-17,INV-006647
txn_006648,Customer 648,10876.76,USD,2026-09-18,INV-006648
txn_006649,Customer 649,11013.13,USD,2026-09-19,INV-006649
txn_006650,Customer 650,11150.50,USD,2026-09-20,INV-006650
txn_006651,Customer 651,11287.87,USD,2026-09-21,INV-006651
txn_006652,Customer 652,11424.24,USD,2026-09-22,INV-006652
txn_006653,Customer 653,11561.61,USD,2026-09-23,INV-006653
txn_006654,Customer 654,11698.98,USD,2026-09-24,INV-006654
txn_006655,Customer 655,11835.35,USD,2026-09-25,INV-006655
txn_006656,Customer 656,11972.72,USD,2026-09-26,INV-006656
txn_006657,Customer 657,12109.09,USD,2026-09-27,INV-006657
txn_006658,Customer 658,12246.46,USD,2026-09-28,INV-006658
txn_006659,Customer 659,12383.83,USD,2026-09-29,INV-006659
txn_006660,Customer 660,12520.20,USD,2026-09-30,INV-006660
txn_006661,Customer 661,12657.57,USD,2026-09-01,INV-006661
txn_006662,Customer 662,12794.94,USD,2026-09-02,INV-006662
txn_006663,Customer 663,12931.31,USD,2026-09-03,INV-006663
txn_006664,Customer 664,13068.68,USD,2026-09-04,INV-006664
txn_006665,Customer 665,13205.05,USD,2026-09-05,INV-006665
txn_006666,Customer 666,13342.42,USD,2026-09-06,INV-006666
txn_006667,Customer 667,13479.79,USD,2026-09-07,INV-006667
txn_006668,Customer 668,13616.16,USD,2026-09-08,INV-006668
txn_006669,Customer 669,13753.53,USD,2026-09-09,INV-006669
txn_006670,Customer 670,13890.90,USD,2026-09-10,INV-006670
txn_006671,Customer 671,14027.27,USD,2026-09-11,INV-006671
txn_006672,Customer 672,14164.64,USD,2026-09-12,INV-006672
txn_006673,Customer 673,14301.01,USD,2026-09-13,INV-006673
txn_006674,Customer 674,14438.38,USD,2026-09-14,INV-006674
txn_006675,Customer 675,14575.75,USD,2026-09-15,INV-006675
txn_006676,Customer 676,14712.12,USD,2026-09-16,INV-006676
txn_006677,Customer 677,14849.49,USD,2026-09-17,INV-006677
txn_006678,Customer 678,14986.86,USD,2026-09-18,INV-006678
txn_006679,Customer 679,15123.23,USD,2026-09-19,INV-006679
txn_006680,Customer 680,15260.60,USD,2026-09-20,INV-006680
txn_006681,Customer 681,15397.97,USD,2026-09-21,INV-006681
txn_006682,Customer 682,15534.34,USD,2026-09-22,INV-006682
txn_006683,Customer 683,15671.71,USD,2026-09-23,INV-006683
txn_006684,Customer 684,15808.08,USD,2026-09-24,INV-006684
txn_006685,Customer 685,15945.45,USD,2026-09-25,INV-006685
txn_006686,Customer 686,16082.82,USD,2026-09-26,INV-006686
txn_006687,Customer 687,16219.19,USD,2026-09-27,INV-006687
txn_006688,Customer 688,16356.56,USD,2026-09-28,INV-006688
txn_006689,Customer 689,16493.93,USD,2026-09-29,INV-006689
txn_006690,Customer 690,16630.30,USD,2026-09-30,INV-006690
txn_006691,Customer 691,16767.67,USD,2026-09-01,INV-006691
txn_006692,Customer 692,16904.04,USD,2026-09-02,INV-006692
txn_006693,Customer 693,17041.41,USD,2026-09-03,INV-006693
txn_006694,Customer 694,17178.78,USD,2026-09-04,INV-006694
txn_006695,Customer 695,17315.15,USD,2026-09-05,INV-006695
txn_006696,Customer 696,17452.52,USD,2026-09-06,INV-006696
txn_006697,Customer 697,17589.89,USD,2026-09-07,INV-006697
txn_006698,Customer 698,17726.26,USD,2026-09-08,INV-006698
txn_006699,Customer 699,17863.63,USD,2026-09-09,INV-006699
txn_006700,Customer 700,18000.00,USD,2026-09-10,INV-006700
txn_006701,Customer 701,18137.37,USD,2026-09-11,INV-006701
txn_006702,Customer 702,18274.74,USD,2026-09-12,INV-006702
txn_006703,Customer 703,18411.11,USD,2026-09-13,INV-006703
txn_006704,Customer 704,18548.48,USD,2026-09-14,INV-006704
txn_006705,Customer 705,18685.85,USD,2026-09-15,INV-006705
txn_006706,Customer 706,18822.22,USD,2026-09-16,INV-006706
txn_006707,Customer 707,18959.59,USD,2026-09-17,INV-006707
txn_006708,Customer 708,19096.96,USD,2026-09-18,INV-006708
txn_006709,Customer 709,19233.33,USD,2026-09-19,INV-006709
txn_006710,Customer 710,19370.70,USD,2026-09-20,INV-006710
txn_006711,Customer 711,19507.07,USD,2026-09-21,INV-006711
txn_006712,Customer 712,19644.44,USD,2026-09-22,INV-006712
txn_006713,Customer 713,19781.81,USD,2026-09-23,INV-006713
txn_006714,Customer 714,19918.18,USD,2026-09-24,INV-006714
txn_006715,Customer 715,20055.55,USD,2026-09-25,INV-006715
txn_006716,Customer 716,20192.92,USD,2026-09-26,INV-006716
txn_006717,Customer 717,20329.29,USD,2026-09-27,INV-006717
txn_006718,Customer 718,20466.66,USD,2026-09-28,INV-006718
txn_006719,Customer 719,20603.03,USD,2026-09-29,INV-006719
txn_006720,Customer 720,20740.40,USD,2026-09-30,INV-006720
txn_006721,Customer 721,20877.77,USD,2026-09-01,INV-006721
txn_006722,Customer 722,21014.14,USD,2026-09-02,INV-006722
txn_006723,Customer 723,21151.51,USD,2026-09-03,INV-006723
txn_006724,Customer 724,21288.88,USD,2026-09-04,INV-006724
txn_006725,Customer 725,21425.25,USD,2026-09-05,INV-006725
txn_006726,Customer 726,21562.62,USD,2026-09-06,INV-006726
txn_006727,Customer 727,21699.99,USD,2026-09-07,INV-006727
txn_006728,Customer 728,21836.36,USD,2026-09-08,INV-006728
txn_006729,Customer 729,21973.73,USD,2026-09-09,INV-006729
txn_006730,Customer 730,22110.10,USD,2026-09-10,INV-006730
txn_006731,Customer 731,22247.47,USD,2026-09-11,INV-006731
txn_006732,Customer 732,22384.84,USD,2026-09-12,INV-006732
txn_006733,Customer 733,22521.21,USD,2026-09-13,INV-006733
txn_006734,Customer 734,22658.58,USD,2026-09-14,INV-006734
txn_006735,Customer 735,22795.95,USD,2026-09-15,INV-006735
txn_006736,Customer 736,22932.32,USD,2026-09-16,INV-006736
txn_006737,Customer 737,23069.69,USD,2026-09-17,INV-006737
txn_006738,Customer 738,23206.06,USD,2026-09-18,INV-006738
txn_006739,Customer 739,23343.43,USD,2026-09-19,INV-006739
txn_006740,Customer 740,23480.80,USD,2026-09-20,INV-006740
txn_006741,Customer 741,23617.17,USD,2026-09-21,INV-006741
txn_006742,Customer 742,23754.54,USD,2026-09-22,INV-006742
txn_006743,Customer 743,23891.91,USD,2026-09-23,INV-006743
txn_006744,Customer 744,24028.28,USD,2026-09-24,INV-006744
txn_006745,Customer 745,24165.65,USD,2026-09-25,INV-006745
txn_006746,Customer 746,24302.02,USD,2026-09-26,INV-006746
txn_006747,Customer 747,24439.39,USD,2026-09-27,INV-006747
txn_006748,Customer 748,24576.76,USD,2026-09-28,INV-006748
txn_006749,Customer 749,24713.13,USD,2026-09-29,INV-006749
txn_006750,Customer 750,24850.50,USD,2026-09-30,INV-006750
txn_006751,Customer 001,24987.87,USD,2026-09-01,INV-006751
txn_006752,Customer 002,124.24,USD,2026-09-02,INV-006752
txn_006753,Customer 003,261.61,USD,2026-09-03,INV-006753
txn_006754,Customer 004,398.98,USD,2026-09-04,INV-006754
txn_006755,Customer 005,535.35,USD,2026-09-05,INV-006755
txn_006756,Customer 006,672.72,USD,2026-09-06,INV-006756
txn_006757,Customer 007,809.09,USD,2026-09-07,INV-006757
txn_006758,Customer 008,946.46,USD,2026-09-08,INV-006758
txn_006759,Customer 009,1083.83,USD,2026-09-09,INV-006759
txn_006760,Customer 010,1220.20,USD,2026-09-10,INV-006760
txn_006761,Customer 011,1357.57,USD,2026-09-11,INV-006761
txn_006762,Customer 012,1494.94,USD,2026-09-12,INV-006762
txn_006763,Customer 013,1631.31,USD,2026-09-13,INV-006763
txn_006764,Customer 014,1768.68,USD,2026-09-14,INV-006764
txn_006765,Customer 015,1905.05,USD,2026-09-15,INV-006765
txn_006766,Customer 016,2042.42,USD,2026-09-16,INV-006766
txn_006767,Customer 017,2179.79,USD,2026-09-17,INV-006767
txn_006768,Customer 018,2316.16,USD,2026-09-18,INV-006768
txn_006769,Customer 019,2453.53,USD,2026-09-19,INV-006769
txn_006770,Customer 020,2590.90,USD,2026-09-20,INV-006770
txn_006771,Customer 021,2727.27,USD,2026-09-21,INV-006771
txn_006772,Customer 022,2864.64,USD,2026-09-22,INV-006772
txn_006773,Customer 023,3001.01,USD,2026-09-23,INV-006773
txn_006774,Customer 024,3138.38,USD,2026-09-24,INV-006774
txn_006775,Customer 025,3275.75,USD,2026-09-25,INV-006775
txn_006776,Customer 026,3412.12,USD,2026-09-26,INV-006776
txn_006777,Customer 027,3549.49,USD,2026-09-27,INV-006777
txn_006778,Customer 028,3686.86,USD,2026-09-28,INV-006778
txn_006779,Customer 029,3823.23,USD,2026-09-29,INV-006779
txn_006780,Customer 030,3960.60,USD,2026-09-30,INV-006780
txn_006781,Customer 031,4097.97,USD,2026-09-01,INV-006781
txn_006782,Customer 032,4234.34,USD,2026-09-02,INV-006782
txn_006783,Customer 033,4371.71,USD,2026-09-03,INV-006783
txn_006784,Customer 034,4508.08,USD,2026-09-04,INV-006784
txn_006785,Customer 035,4645.45,USD,2026-09-05,INV-006785
txn_006786,Customer 036,4782.82,USD,2026-09-06,INV-006786
txn_006787,Customer 037,4919.19,USD,2026-09-07,INV-006787
txn_006788,Customer 038,5056.56,USD,2026-09-08,INV-006788
txn_006789,Customer 039,5193.93,USD,2026-09-09,INV-006789
txn_006790,Customer 040,5330.30,USD,2026-09-10,INV-006790
txn_006791,Customer 041,5467.67,USD,2026-09-11,INV-006791
txn_006792,Customer 042,5604.04,USD,2026-09-12,INV-006792
txn_006793,Customer 043,5741.41,USD,2026-09-13,INV-006793
txn_006794,Customer 044,5878.78,USD,2026-09-14,INV-006794
txn_006795,Customer 045,6015.15,USD,2026-09-15,INV-006795
txn_006796,Customer 046,6152.52,USD,2026-09-16,INV-006796
txn_006797,Customer 047,6289.89,USD,2026-09-17,INV-006797
txn_006798,Customer 048,6426.26,USD,2026-09-18,INV-006798
txn_006799,Customer 049,6563.63,USD,2026-09-19,INV-006799
txn_006800,Customer 050,6700.00,USD,2026-09-20,INV-006800
txn_006801,Customer 051,6837.37,USD,2026-09-21,INV-006801
txn_006802,Customer 052,6974.74,USD,2026-09-22,INV-006802
txn_006803,Customer 053,7111.11,USD,2026-09-23,INV-006803
txn_006804,Customer 054,7248.48,USD,2026-09-24,INV-006804
txn_006805,Customer 055,7385.85,USD,2026-09-25,INV-006805
txn_006806,Customer 056,7522.22,USD,2026-09-26,INV-006806
txn_006807,Customer 057,7659.59,USD,2026-09-27,INV-006807
txn_006808,Customer 058,7796.96,USD,2026-09-28,INV-006808
txn_006809,Customer 059,7933.33,USD,2026-09-29,INV-006809
txn_006810,Customer 060,8070.70,USD,2026-09-30,INV-006810
txn_006811,Customer 061,8207.07,USD,2026-09-01,INV-006811
txn_006812,Customer 062,8344.44,USD,2026-09-02,INV-006812
txn_006813,Customer 063,8481.81,USD,2026-09-03,INV-006813
txn_006814,Customer 064,8618.18,USD,2026-09-04,INV-006814
txn_006815,Customer 065,8755.55,USD,2026-09-05,INV-006815
txn_006816,Customer 066,8892.92,USD,2026-09-06,INV-006816
txn_006817,Customer 067,9029.29,USD,2026-09-07,INV-006817
txn_006818,Customer 068,9166.66,USD,2026-09-08,INV-006818
txn_006819,Customer 069,9303.03,USD,2026-09-09,INV-006819
txn_006820,Customer 070,9440.40,USD,2026-09-10,INV-006820
txn_006821,Customer 071,9577.77,USD,2026-09-11,INV-006821
txn_006822,Customer 072,9714.14,USD,2026-09-12,INV-006822
txn_006823,Customer 073,9851.51,USD,2026-09-13,INV-006823
txn_006824,Customer 074,9988.88,USD,2026-09-14,INV-006824
txn_006825,Customer 075,10125.25,USD,2026-09-15,INV-006825
txn_006826,Customer 076,10262.62,USD,2026-09-16,INV-006826
txn_006827,Customer 077,10399.99,USD,2026-09-17,INV-006827
txn_006828,Customer 078,10536.36,USD,2026-09-18,INV-006828
txn_006829,Customer 079,10673.73,USD,2026-09-19,INV-006829
txn_006830,Customer 080,10810.10,USD,2026-09-20,INV-006830
txn_006831,Customer 081,10947.47,USD,2026-09-21,INV-006831
txn_006832,Customer 082,11084.84,USD,2026-09-22,INV-006832
txn_006833,Customer 083,11221.21,USD,2026-09-23,INV-006833
txn_006834,Customer 084,11358.58,USD,2026-09-24,INV-006834
txn_006835,Customer 085,11495.95,USD,2026-09-25,INV-006835
txn_006836,Customer 086,11632.32,USD,2026-09-26,INV-006836
txn_006837,Customer 087,11769.69,USD,2026-09-27,INV-006837
txn_006838,Customer 088,11906.06,USD,2026-09-28,INV-006838
txn_006839,Customer 089,12043.43,USD,2026-09-29,INV-006839
txn_006840,Customer 090,12180.80,USD,2026-09-30,INV-006840
txn_006841,Customer 091,12317.17,USD,2026-09-01,INV-006841
txn_006842,Customer 092,12454.54,USD,2026-09-02,INV-006842
txn_006843,Customer 093,12591.91,USD,2026-09-03,INV-006843
txn_006844,Customer 094,12728.28,USD,2026-09-04,INV-006844
txn_006845,Customer 095,12865.65,USD,2026-09-05,INV-006845
txn_006846,Customer 096,13002.02,USD,2026-09-06,INV-006846
txn_006847,Customer 097,13139.39,USD,2026-09-07,INV-006847
txn_006848,Customer 098,13276.76,USD,2026-09-08,INV-006848
txn_006849,Customer 099,13413.13,USD,2026-09-09,INV-006849
txn_006850,Customer 100,13550.50,USD,2026-09-10,INV-006850
txn_006851,Customer 101,13687.87,USD,2026-09-11,INV-006851
txn_006852,Customer 102,13824.24,USD,2026-09-12,INV-006852
txn_006853,Customer 103,13961.61,USD,2026-09-13,INV-006853
txn_006854,Customer 104,14098.98,USD,2026-09-14,INV-006854
txn_006855,Customer 105,14235.35,USD,2026-09-15,INV-006855
txn_006856,Customer 106,14372.72,USD,2026-09-16,INV-006856
txn_006857,Customer 107,14509.09,USD,2026-09-17,INV-006857
txn_006858,Customer 108,14646.46,USD,2026-09-18,INV-006858
txn_006859,Customer 109,14783.83,USD,2026-09-19,INV-006859
txn_006860,Customer 110,14920.20,USD,2026-09-20,INV-006860
txn_006861,Customer 111,15057.57,USD,2026-09-21,INV-006861
txn_006862,Customer 112,15194.94,USD,2026-09-22,INV-006862
txn_006863,Customer 113,15331.31,USD,2026-09-23,INV-006863
txn_006864,Customer 114,15468.68,USD,2026-09-24,INV-006864
txn_006865,Customer 115,15605.05,USD,2026-09-25,INV-006865
txn_006866,Customer 116,15742.42,USD,2026-09-26,INV-006866
txn_006867,Customer 117,15879.79,USD,2026-09-27,INV-006867
txn_006868,Customer 118,16016.16,USD,2026-09-28,INV-006868
txn_006869,Customer 119,16153.53,USD,2026-09-29,INV-006869
txn_006870,Customer 120,16290.90,USD,2026-09-30,INV-006870
txn_006871,Customer 121,16427.27,USD,2026-09-01,INV-006871
txn_006872,Customer 122,16564.64,USD,2026-09-02,INV-006872
txn_006873,Customer 123,16701.01,USD,2026-09-03,INV-006873
txn_006874,Customer 124,16838.38,USD,2026-09-04,INV-006874
txn_006875,Customer 125,16975.75,USD,2026-09-05,INV-006875
txn_006876,Customer 126,17112.12,USD,2026-09-06,INV-006876
txn_006877,Customer 127,17249.49,USD,2026-09-07,INV-006877
txn_006878,Customer 128,17386.86,USD,2026-09-08,INV-006878
txn_006879,Customer 129,17523.23,USD,2026-09-09,INV-006879
txn_006880,Customer 130,17660.60,USD,2026-09-10,INV-006880
txn_006881,Customer 131,17797.97,USD,2026-09-11,INV-006881
txn_006882,Customer 132,17934.34,USD,2026-09-12,INV-006882
txn_006883,Customer 133,18071.71,USD,2026-09-13,INV-006883
txn_006884,Customer 134,18208.08,USD,2026-09-14,INV-006884
txn_006885,Customer 135,18345.45,USD,2026-09-15,INV-006885
txn_006886,Customer 136,18482.82,USD,2026-09-16,INV-006886
txn_006887,Customer 137,18619.19,USD,2026-09-17,INV-006887
txn_006888,Customer 138,18756.56,USD,2026-09-18,INV-006888
txn_006889,Customer 139,18893.93,USD,2026-09-19,INV-006889
txn_006890,Customer 140,19030.30,USD,2026-09-20,INV-006890
txn_006891,Customer 141,19167.67,USD,2026-09-21,INV-006891
txn_006892,Customer 142,19304.04,USD,2026-09-22,INV-006892
txn_006893,Customer 143,19441.41,USD,2026-09-23,INV-006893
txn_006894,Customer 144,19578.78,USD,2026-09-24,INV-006894
txn_006895,Customer 145,19715.15,USD,2026-09-25,INV-006895
txn_006896,Customer 146,19852.52,USD,2026-09-26,INV-006896
txn_006897,Customer 147,19989.89,USD,2026-09-27,INV-006897
txn_006898,Customer 148,20126.26,USD,2026-09-28,INV-006898
txn_006899,Customer 149,20263.63,USD,2026-09-29,INV-006899
txn_006900,Customer 150,20400.00,USD,2026-09-30,INV-006900
txn_006901,Customer 151,20537.37,USD,2026-09-01,INV-006901
txn_006902,Customer 152,20674.74,USD,2026-09-02,INV-006902
txn_006903,Customer 153,20811.11,USD,2026-09-03,INV-006903
txn_006904,Customer 154,20948.48,USD,2026-09-04,INV-006904
txn_006905,Customer 155,21085.85,USD,2026-09-05,INV-006905
txn_006906,Customer 156,21222.22,USD,2026-09-06,INV-006906
txn_006907,Customer 157,21359.59,USD,2026-09-07,INV-006907
txn_006908,Customer 158,21496.96,USD,2026-09-08,INV-006908
txn_006909,Customer 159,21633.33,USD,2026-09-09,INV-006909
txn_006910,Customer 160,21770.70,USD,2026-09-10,INV-006910
txn_006911,Customer 161,21907.07,USD,2026-09-11,INV-006911
txn_006912,Customer 162,22044.44,USD,2026-09-12,INV-006912
txn_006913,Customer 163,22181.81,USD,2026-09-13,INV-006913
txn_006914,Customer 164,22318.18,USD,2026-09-14,INV-006914
txn_006915,Customer 165,22455.55,USD,2026-09-15,INV-006915
txn_006916,Customer 166,22592.92,USD,2026-09-16,INV-006916
txn_006917,Customer 167,22729.29,USD,2026-09-17,INV-006917
txn_006918,Customer 168,22866.66,USD,2026-09-18,INV-006918
txn_006919,Customer 169,23003.03,USD,2026-09-19,INV-006919
txn_006920,Customer 170,23140.40,USD,2026-09-20,INV-006920
txn_006921,Customer 171,23277.77,USD,2026-09-21,INV-006921
txn_006922,Customer 172,23414.14,USD,2026-09-22,INV-006922
txn_006923,Customer 173,23551.51,USD,2026-09-23,INV-006923
txn_006924,Customer 174,23688.88,USD,2026-09-24,INV-006924
txn_006925,Customer 175,23825.25,USD,2026-09-25,INV-006925
txn_006926,Customer 176,23962.62,USD,2026-09-26,INV-006926
txn_006927,Customer 177,24099.99,USD,2026-09-27,INV-006927
txn_006928,Customer 178,24236.36,USD,2026-09-28,INV-006928
txn_006929,Customer 179,24373.73,USD,2026-09-29,INV-006929
txn_006930,Customer 180,24510.10,USD,2026-09-30,INV-006930
txn_006931,Customer 181,24647.47,USD,2026-09-01,INV-006931
txn_006932,Customer 182,24784.84,USD,2026-09-02,INV-006932
txn_006933,Customer 183,24921.21,USD,2026-09-03,INV-006933
txn_006934,Customer 184,25058.58,USD,2026-09-04,INV-006934
txn_006935,Customer 185,195.95,USD,2026-09-05,INV-006935
txn_006936,Customer 186,332.32,USD,2026-09-06,INV-006936
txn_006937,Customer 187,469.69,USD,2026-09-07,INV-006937
txn_006938,Customer 188,606.06,USD,2026-09-08,INV-006938
txn_006939,Customer 189,743.43,USD,2026-09-09,INV-006939
txn_006940,Customer 190,880.80,USD,2026-09-10,INV-006940
txn_006941,Customer 191,1017.17,USD,2026-09-11,INV-006941
txn_006942,Customer 192,1154.54,USD,2026-09-12,INV-006942
txn_006943,Customer 193,1291.91,USD,2026-09-13,INV-006943
txn_006944,Customer 194,1428.28,USD,2026-09-14,INV-006944
txn_006945,Customer 195,1565.65,USD,2026-09-15,INV-006945
txn_006946,Customer 196,1702.02,USD,2026-09-16,INV-006946
txn_006947,Customer 197,1839.39,USD,2026-09-17,INV-006947
txn_006948,Customer 198,1976.76,USD,2026-09-18,INV-006948
txn_006949,Customer 199,2113.13,USD,2026-09-19,INV-006949
txn_006950,Customer 200,2250.50,USD,2026-09-20,INV-006950
txn_006951,Customer 201,2387.87,USD,2026-09-21,INV-006951
txn_006952,Customer 202,2524.24,USD,2026-09-22,INV-006952
txn_006953,Customer 203,2661.61,USD,2026-09-23,INV-006953
txn_006954,Customer 204,2798.98,USD,2026-09-24,INV-006954
txn_006955,Customer 205,2935.35,USD,2026-09-25,INV-006955
txn_006956,Customer 206,3072.72,USD,2026-09-26,INV-006956
txn_006957,Customer 207,3209.09,USD,2026-09-27,INV-006957
txn_006958,Customer 208,3346.46,USD,2026-09-28,INV-006958
txn_006959,Customer 209,3483.83,USD,2026-09-29,INV-006959
txn_006960,Customer 210,3620.20,USD,2026-09-30,INV-006960
txn_006961,Customer 211,3757.57,USD,2026-09-01,INV-006961
txn_006962,Customer 212,3894.94,USD,2026-09-02,INV-006962
txn_006963,Customer 213,4031.31,USD,2026-09-03,INV-006963
txn_006964,Customer 214,4168.68,USD,2026-09-04,INV-006964
txn_006965,Customer 215,4305.05,USD,2026-09-05,INV-006965
txn_006966,Customer 216,4442.42,USD,2026-09-06,INV-006966
txn_006967,Customer 217,4579.79,USD,2026-09-07,INV-006967
txn_006968,Customer 218,4716.16,USD,2026-09-08,INV-006968
txn_006969,Customer 219,4853.53,USD,2026-09-09,INV-006969
txn_006970,Customer 220,4990.90,USD,2026-09-10,INV-006970
txn_006971,Customer 221,5127.27,USD,2026-09-11,INV-006971
txn_006972,Customer 222,5264.64,USD,2026-09-12,INV-006972
txn_006973,Customer 223,5401.01,USD,2026-09-13,INV-006973
txn_006974,Customer 224,5538.38,USD,2026-09-14,INV-006974
txn_006975,Customer 225,5675.75,USD,2026-09-15,INV-006975
txn_006976,Customer 226,5812.12,USD,2026-09-16,INV-006976
txn_006977,Customer 227,5949.49,USD,2026-09-17,INV-006977
txn_006978,Customer 228,6086.86,USD,2026-09-18,INV-006978
txn_006979,Customer 229,6223.23,USD,2026-09-19,INV-006979
txn_006980,Customer 230,6360.60,USD,2026-09-20,INV-006980
txn_006981,Customer 231,6497.97,USD,2026-09-21,INV-006981
txn_006982,Customer 232,6634.34,USD,2026-09-22,INV-006982
txn_006983,Customer 233,6771.71,USD,2026-09-23,INV-006983
txn_006984,Customer 234,6908.08,USD,2026-09-24,INV-006984
txn_006985,Customer 235,7045.45,USD,2026-09-25,INV-006985
txn_006986,Customer 236,7182.82,USD,2026-09-26,INV-006986
txn_006987,Customer 237,7319.19,USD,2026-09-27,INV-006987
txn_006988,Customer 238,7456.56,USD,2026-09-28,INV-006988
txn_006989,Customer 239,7593.93,USD,2026-09-29,INV-006989
txn_006990,Customer 240,7730.30,USD,2026-09-30,INV-006990
txn_006991,Customer 241,7867.67,USD,2026-09-01,INV-006991
txn_006992,Customer 242,8004.04,USD,2026-09-02,INV-006992
txn_006993,Customer 243,8141.41,USD,2026-09-03,INV-006993
txn_006994,Customer 244,8278.78,USD,2026-09-04,INV-006994
txn_006995,Customer 245,8415.15,USD,2026-09-05,INV-006995
txn_006996,Customer 246,8552.52,USD,2026-09-06,INV-006996
txn_006997,Customer 247,8689.89,USD,2026-09-07,INV-006997
txn_006998,Customer 248,8826.26,USD,2026-09-08,INV-006998
txn_006999,Customer 249,8963.63,USD,2026-09-09,INV-006999
txn_007000,Customer 250,9100.00,USD,2026-09-10,INV-007000
txn_007001,Customer 251,9237.37,USD,2026-09-11,INV-007001
txn_007002,Customer 252,9374.74,USD,2026-09-12,INV-007002
txn_007003,Customer 253,9511.11,USD,2026-09-13,INV-007003
txn_007004,Customer 254,9648.48,USD,2026-09-14,INV-007004
txn_007005,Customer 255,9785.85,USD,2026-09-15,INV-007005
txn_007006,Customer 256,9922.22,USD,2026-09-16,INV-007006
txn_007007,Customer 257,10059.59,USD,2026-09-17,INV-007007
txn_007008,Customer 258,10196.96,USD,2026-09-18,INV-007008
txn_007009,Customer 259,10333.33,USD,2026-09-19,INV-007009
txn_007010,Customer 260,10470.70,USD,2026-09-20,INV-007010
txn_007011,Customer 261,10607.07,USD,2026-09-21,INV-007011
txn_007012,Customer 262,10744.44,USD,2026-09-22,INV-007012
txn_007013,Customer 263,10881.81,USD,2026-09-23,INV-007013
txn_007014,Customer 264,11018.18,USD,2026-09-24,INV-007014
txn_007015,Customer 265,11155.55,USD,2026-09-25,INV-007015
txn_007016,Customer 266,11292.92,USD,2026-09-26,INV-007016
txn_007017,Customer 267,11429.29,USD,2026-09-27,INV-007017
txn_007018,Customer 268,11566.66,USD,2026-09-28,INV-007018
txn_007019,Customer 269,11703.03,USD,2026-09-29,INV-007019
txn_007020,Customer 270,11840.40,USD,2026-09-30,INV-007020
txn_007021,Customer 271,11977.77,USD,2026-09-01,INV-007021
txn_007022,Customer 272,12114.14,USD,2026-09-02,INV-007022
txn_007023,Customer 273,12251.51,USD,2026-09-03,INV-007023
txn_007024,Customer 274,12388.88,USD,2026-09-04,INV-007024
txn_007025,Customer 275,12525.25,USD,2026-09-05,INV-007025
txn_007026,Customer 276,12662.62,USD,2026-09-06,INV-007026
txn_007027,Customer 277,12799.99,USD,2026-09-07,INV-007027
txn_007028,Customer 278,12936.36,USD,2026-09-08,INV-007028
txn_007029,Customer 279,13073.73,USD,2026-09-09,INV-007029
txn_007030,Customer 280,13210.10,USD,2026-09-10,INV-007030
txn_007031,Customer 281,13347.47,USD,2026-09-11,INV-007031
txn_007032,Customer 282,13484.84,USD,2026-09-12,INV-007032
txn_007033,Customer 283,13621.21,USD,2026-09-13,INV-007033
txn_007034,Customer 284,13758.58,USD,2026-09-14,INV-007034
txn_007035,Customer 285,13895.95,USD,2026-09-15,INV-007035
txn_007036,Customer 286,14032.32,USD,2026-09-16,INV-007036
txn_007037,Customer 287,14169.69,USD,2026-09-17,INV-007037
txn_007038,Customer 288,14306.06,USD,2026-09-18,INV-007038
txn_007039,Customer 289,14443.43,USD,2026-09-19,INV-007039
txn_007040,Customer 290,14580.80,USD,2026-09-20,INV-007040
txn_007041,Customer 291,14717.17,USD,2026-09-21,INV-007041
txn_007042,Customer 292,14854.54,USD,2026-09-22,INV-007042
txn_007043,Customer 293,14991.91,USD,2026-09-23,INV-007043
txn_007044,Customer 294,15128.28,USD,2026-09-24,INV-007044
txn_007045,Customer 295,15265.65,USD,2026-09-25,INV-007045
txn_007046,Customer 296,15402.02,USD,2026-09-26,INV-007046
txn_007047,Customer 297,15539.39,USD,2026-09-27,INV-007047
txn_007048,Customer 298,15676.76,USD,2026-09-28,INV-007048
txn_007049,Customer 299,15813.13,USD,2026-09-29,INV-007049
txn_007050,Customer 300,15950.50,USD,2026-09-30,INV-007050
txn_007051,Customer 301,16087.87,USD,2026-09-01,INV-007051
txn_007052,Customer 302,16224.24,USD,2026-09-02,INV-007052
txn_007053,Customer 303,16361.61,USD,2026-09-03,INV-007053
txn_007054,Customer 304,16498.98,USD,2026-09-04,INV-007054
txn_007055,Customer 305,16635.35,USD,2026-09-05,INV-007055
txn_007056,Customer 306,16772.72,USD,2026-09-06,INV-007056
txn_007057,Customer 307,16909.09,USD,2026-09-07,INV-007057
txn_007058,Customer 308,17046.46,USD,2026-09-08,INV-007058
txn_007059,Customer 309,17183.83,USD,2026-09-09,INV-007059
txn_007060,Customer 310,17320.20,USD,2026-09-10,INV-007060
txn_007061,Customer 311,17457.57,USD,2026-09-11,INV-007061
txn_007062,Customer 312,17594.94,USD,2026-09-12,INV-007062
txn_007063,Customer 313,17731.31,USD,2026-09-13,INV-007063
txn_007064,Customer 314,17868.68,USD,2026-09-14,INV-007064
txn_007065,Customer 315,18005.05,USD,2026-09-15,INV-007065
txn_007066,Customer 316,18142.42,USD,2026-09-16,INV-007066
txn_007067,Customer 317,18279.79,USD,2026-09-17,INV-007067
txn_007068,Customer 318,18416.16,USD,2026-09-18,INV-007068
txn_007069,Customer 319,18553.53,USD,2026-09-19,INV-007069
txn_007070,Customer 320,18690.90,USD,2026-09-20,INV-007070
txn_007071,Customer 321,18827.27,USD,2026-09-21,INV-007071
txn_007072,Customer 322,18964.64,USD,2026-09-22,INV-007072
txn_007073,Customer 323,19101.01,USD,2026-09-23,INV-007073
txn_007074,Customer 324,19238.38,USD,2026-09-24,INV-007074
txn_007075,Customer 325,19375.75,USD,2026-09-25,INV-007075
txn_007076,Customer 326,19512.12,USD,2026-09-26,INV-007076
txn_007077,Customer 327,19649.49,USD,2026-09-27,INV-007077
txn_007078,Customer 328,19786.86,USD,2026-09-28,INV-007078
txn_007079,Customer 329,19923.23,USD,2026-09-29,INV-007079
txn_007080,Customer 330,20060.60,USD,2026-09-30,INV-007080
txn_007081,Customer 331,20197.97,USD,2026-09-01,INV-007081
txn_007082,Customer 332,20334.34,USD,2026-09-02,INV-007082
txn_007083,Customer 333,20471.71,USD,2026-09-03,INV-007083
txn_007084,Customer 334,20608.08,USD,2026-09-04,INV-007084
txn_007085,Customer 335,20745.45,USD,2026-09-05,INV-007085
txn_007086,Customer 336,20882.82,USD,2026-09-06,INV-007086
txn_007087,Customer 337,21019.19,USD,2026-09-07,INV-007087
txn_007088,Customer 338,21156.56,USD,2026-09-08,INV-007088
txn_007089,Customer 339,21293.93,USD,2026-09-09,INV-007089
txn_007090,Customer 340,21430.30,USD,2026-09-10,INV-007090
txn_007091,Customer 341,21567.67,USD,2026-09-11,INV-007091
txn_007092,Customer 342,21704.04,USD,2026-09-12,INV-007092
txn_007093,Customer 343,21841.41,USD,2026-09-13,INV-007093
txn_007094,Customer 344,21978.78,USD,2026-09-14,INV-007094
txn_007095,Customer 345,22115.15,USD,2026-09-15,INV-007095
txn_007096,Customer 346,22252.52,USD,2026-09-16,INV-007096
txn_007097,Customer 347,22389.89,USD,2026-09-17,INV-007097
txn_007098,Customer 348,22526.26,USD,2026-09-18,INV-007098
txn_007099,Customer 349,22663.63,USD,2026-09-19,INV-007099
txn_007100,Customer 350,22800.00,USD,2026-09-20,INV-007100
txn_007101,Customer 351,22937.37,USD,2026-09-21,INV-007101
txn_007102,Customer 352,23074.74,USD,2026-09-22,INV-007102
txn_007103,Customer 353,23211.11,USD,2026-09-23,INV-007103
txn_007104,Customer 354,23348.48,USD,2026-09-24,INV-007104
txn_007105,Customer 355,23485.85,USD,2026-09-25,INV-007105
txn_007106,Customer 356,23622.22,USD,2026-09-26,INV-007106
txn_007107,Customer 357,23759.59,USD,2026-09-27,INV-007107
txn_007108,Customer 358,23896.96,USD,2026-09-28,INV-007108
txn_007109,Customer 359,24033.33,USD,2026-09-29,INV-007109
txn_007110,Customer 360,24170.70,USD,2026-09-30,INV-007110
txn_007111,Customer 361,24307.07,USD,2026-09-01,INV-007111
txn_007112,Customer 362,24444.44,USD,2026-09-02,INV-007112
txn_007113,Customer 363,24581.81,USD,2026-09-03,INV-007113
txn_007114,Customer 364,24718.18,USD,2026-09-04,INV-007114
txn_007115,Customer 365,24855.55,USD,2026-09-05,INV-007115
txn_007116,Customer 366,24992.92,USD,2026-09-06,INV-007116
txn_007117,Customer 367,129.29,USD,2026-09-07,INV-007117
txn_007118,Customer 368,266.66,USD,2026-09-08,INV-007118
txn_007119,Customer 369,403.03,USD,2026-09-09,INV-007119
txn_007120,Customer 370,540.40,USD,2026-09-10,INV-007120
txn_007121,Customer 371,677.77,USD,2026-09-11,INV-007121
txn_007122,Customer 372,814.14,USD,2026-09-12,INV-007122
txn_007123,Customer 373,951.51,USD,2026-09-13,INV-007123
txn_007124,Customer 374,1088.88,USD,2026-09-14,INV-007124
txn_007125,Customer 375,1225.25,USD,2026-09-15,INV-007125
txn_007126,Customer 376,1362.62,USD,2026-09-16,INV-007126
txn_007127,Customer 377,1499.99,USD,2026-09-17,INV-007127
txn_007128,Customer 378,1636.36,USD,2026-09-18,INV-007128
txn_007129,Customer 379,1773.73,USD,2026-09-19,INV-007129
txn_007130,Customer 380,1910.10,USD,2026-09-20,INV-007130
txn_007131,Customer 381,2047.47,USD,2026-09-21,INV-007131
txn_007132,Customer 382,2184.84,USD,2026-09-22,INV-007132
txn_007133,Customer 383,2321.21,USD,2026-09-23,INV-007133
txn_007134,Customer 384,2458.58,USD,2026-09-24,INV-007134
txn_007135,Customer 385,2595.95,USD,2026-09-25,INV-007135
txn_007136,Customer 386,2732.32,USD,2026-09-26,INV-007136
txn_007137,Customer 387,2869.69,USD,2026-09-27,INV-007137
txn_007138,Customer 388,3006.06,USD,2026-09-28,INV-007138
txn_007139,Customer 389,3143.43,USD,2026-09-29,INV-007139
txn_007140,Customer 390,3280.80,USD,2026-09-30,INV-007140
txn_007141,Customer 391,3417.17,USD,2026-09-01,INV-007141
txn_007142,Customer 392,3554.54,USD,2026-09-02,INV-007142
txn_007143,Customer 393,3691.91,USD,2026-09-03,INV-007143
txn_007144,Customer 394,3828.28,USD,2026-09-04,INV-007144
txn_007145,Customer 395,3965.65,USD,2026-09-05,INV-007145
txn_007146,Customer 396,4102.02,USD,2026-09-06,INV-007146
txn_007147,Customer 397,4239.39,USD,2026-09-07,INV-007147
txn_007148,Customer 398,4376.76,USD,2026-09-08,INV-007148
txn_007149,Customer 399,4513.13,USD,2026-09-09,INV-007149
txn_007150,Customer 400,4650.50,USD,2026-09-10,INV-007150
txn_007151,Customer 401,4787.87,USD,2026-09-11,INV-007151
txn_007152,Customer 402,4924.24,USD,2026-09-12,INV-007152
txn_007153,Customer 403,5061.61,USD,2026-09-13,INV-007153
txn_007154,Customer 404,5198.98,USD,2026-09-14,INV-007154
txn_007155,Customer 405,5335.35,USD,2026-09-15,INV-007155
txn_007156,Customer 406,5472.72,USD,2026-09-16,INV-007156
txn_007157,Customer 407,5609.09,USD,2026-09-17,INV-007157
txn_007158,Customer 408,5746.46,USD,2026-09-18,INV-007158
txn_007159,Customer 409,5883.83,USD,2026-09-19,INV-007159
txn_007160,Customer 410,6020.20,USD,2026-09-20,INV-007160
txn_007161,Customer 411,6157.57,USD,2026-09-21,INV-007161
txn_007162,Customer 412,6294.94,USD,2026-09-22,INV-007162
txn_007163,Customer 413,6431.31,USD,2026-09-23,INV-007163
txn_007164,Customer 414,6568.68,USD,2026-09-24,INV-007164
txn_007165,Customer 415,6705.05,USD,2026-09-25,INV-007165
txn_007166,Customer 416,6842.42,USD,2026-09-26,INV-007166
txn_007167,Customer 417,6979.79,USD,2026-09-27,INV-007167
txn_007168,Customer 418,7116.16,USD,2026-09-28,INV-007168
txn_007169,Customer 419,7253.53,USD,2026-09-29,INV-007169
txn_007170,Customer 420,7390.90,USD,2026-09-30,INV-007170
txn_007171,Customer 421,7527.27,USD,2026-09-01,INV-007171
txn_007172,Customer 422,7664.64,USD,2026-09-02,INV-007172
txn_007173,Customer 423,7801.01,USD,2026-09-03,INV-007173
txn_007174,Customer 424,7938.38,USD,2026-09-04,INV-007174
txn_007175,Customer 425,8075.75,USD,2026-09-05,INV-007175
txn_007176,Customer 426,8212.12,USD,2026-09-06,INV-007176
txn_007177,Customer 427,8349.49,USD,2026-09-07,INV-007177
txn_007178,Customer 428,8486.86,USD,2026-09-08,INV-007178
txn_007179,Customer 429,8623.23,USD,2026-09-09,INV-007179
txn_007180,Customer 430,8760.60,USD,2026-09-10,INV-007180
txn_007181,Customer 431,8897.97,USD,2026-09-11,INV-007181
txn_007182,Customer 432,9034.34,USD,2026-09-12,INV-007182
txn_007183,Customer 433,9171.71,USD,2026-09-13,INV-007183
txn_007184,Customer 434,9308.08,USD,2026-09-14,INV-007184
txn_007185,Customer 435,9445.45,USD,2026-09-15,INV-007185
txn_007186,Customer 436,9582.82,USD,2026-09-16,INV-007186
txn_007187,Customer 437,9719.19,USD,2026-09-17,INV-007187
txn_007188,Customer 438,9856.56,USD,2026-09-18,INV-007188
txn_007189,Customer 439,9993.93,USD,2026-09-19,INV-007189
txn_007190,Customer 440,10130.30,USD,2026-09-20,INV-007190
txn_007191,Customer 441,10267.67,USD,2026-09-21,INV-007191
txn_007192,Customer 442,10404.04,USD,2026-09-22,INV-007192
txn_007193,Customer 443,10541.41,USD,2026-09-23,INV-007193
txn_007194,Customer 444,10678.78,USD,2026-09-24,INV-007194
txn_007195,Customer 445,10815.15,USD,2026-09-25,INV-007195
txn_007196,Customer 446,10952.52,USD,2026-09-26,INV-007196
txn_007197,Customer 447,11089.89,USD,2026-09-27,INV-007197
txn_007198,Customer 448,11226.26,USD,2026-09-28,INV-007198
txn_007199,Customer 449,11363.63,USD,2026-09-29,INV-007199
txn_007200,Customer 450,11500.00,USD,2026-09-30,INV-007200
txn_007201,Customer 451,11637.37,USD,2026-09-01,INV-007201
txn_007202,Customer 452,11774.74,USD,2026-09-02,INV-007202
txn_007203,Customer 453,11911.11,USD,2026-09-03,INV-007203
txn_007204,Customer 454,12048.48,USD,2026-09-04,INV-007204
txn_007205,Customer 455,12185.85,USD,2026-09-05,INV-007205
txn_007206,Customer 456,12322.22,USD,2026-09-06,INV-007206
txn_007207,Customer 457,12459.59,USD,2026-09-07,INV-007207
txn_007208,Customer 458,12596.96,USD,2026-09-08,INV-007208
txn_007209,Customer 459,12733.33,USD,2026-09-09,INV-007209
txn_007210,Customer 460,12870.70,USD,2026-09-10,INV-007210
txn_007211,Customer 461,13007.07,USD,2026-09-11,INV-007211
txn_007212,Customer 462,13144.44,USD,2026-09-12,INV-007212
txn_007213,Customer 463,13281.81,USD,2026-09-13,INV-007213
txn_007214,Customer 464,13418.18,USD,2026-09-14,INV-007214
txn_007215,Customer 465,13555.55,USD,2026-09-15,INV-007215
txn_007216,Customer 466,13692.92,USD,2026-09-16,INV-007216
txn_007217,Customer 467,13829.29,USD,2026-09-17,INV-007217
txn_007218,Customer 468,13966.66,USD,2026-09-18,INV-007218
txn_007219,Customer 469,14103.03,USD,2026-09-19,INV-007219
txn_007220,Customer 470,14240.40,USD,2026-09-20,INV-007220
txn_007221,Customer 471,14377.77,USD,2026-09-21,INV-007221
txn_007222,Customer 472,14514.14,USD,2026-09-22,INV-007222
txn_007223,Customer 473,14651.51,USD,2026-09-23,INV-007223
txn_007224,Customer 474,14788.88,USD,2026-09-24,INV-007224
txn_007225,Customer 475,14925.25,USD,2026-09-25,INV-007225
txn_007226,Customer 476,15062.62,USD,2026-09-26,INV-007226
txn_007227,Customer 477,15199.99,USD,2026-09-27,INV-007227
txn_007228,Customer 478,15336.36,USD,2026-09-28,INV-007228
txn_007229,Customer 479,15473.73,USD,2026-09-29,INV-007229
txn_007230,Customer 480,15610.10,USD,2026-09-30,INV-007230
txn_007231,Customer 481,15747.47,USD,2026-09-01,INV-007231
txn_007232,Customer 482,15884.84,USD,2026-09-02,INV-007232
txn_007233,Customer 483,16021.21,USD,2026-09-03,INV-007233
txn_007234,Customer 484,16158.58,USD,2026-09-04,INV-007234
txn_007235,Customer 485,16295.95,USD,2026-09-05,INV-007235
txn_007236,Customer 486,16432.32,USD,2026-09-06,INV-007236
txn_007237,Customer 487,16569.69,USD,2026-09-07,INV-007237
txn_007238,Customer 488,16706.06,USD,2026-09-08,INV-007238
txn_007239,Customer 489,16843.43,USD,2026-09-09,INV-007239
txn_007240,Customer 490,16980.80,USD,2026-09-10,INV-007240
txn_007241,Customer 491,17117.17,USD,2026-09-11,INV-007241
txn_007242,Customer 492,17254.54,USD,2026-09-12,INV-007242
txn_007243,Customer 493,17391.91,USD,2026-09-13,INV-007243
txn_007244,Customer 494,17528.28,USD,2026-09-14,INV-007244
txn_007245,Customer 495,17665.65,USD,2026-09-15,INV-007245
txn_007246,Customer 496,17802.02,USD,2026-09-16,INV-007246
txn_007247,Customer 497,17939.39,USD,2026-09-17,INV-007247
txn_007248,Customer 498,18076.76,USD,2026-09-18,INV-007248
txn_007249,Customer 499,18213.13,USD,2026-09-19,INV-007249
txn_007250,Customer 500,18350.50,USD,2026-09-20,INV-007250
txn_007251,Customer 501,18487.87,USD,2026-09-21,INV-007251
txn_007252,Customer 502,18624.24,USD,2026-09-22,INV-007252
txn_007253,Customer 503,18761.61,USD,2026-09-23,INV-007253
txn_007254,Customer 504,18898.98,USD,2026-09-24,INV-007254
txn_007255,Customer 505,19035.35,USD,2026-09-25,INV-007255
txn_007256,Customer 506,19172.72,USD,2026-09-26,INV-007256
txn_007257,Customer 507,19309.09,USD,2026-09-27,INV-007257
txn_007258,Customer 508,19446.46,USD,2026-09-28,INV-007258
txn_007259,Customer 509,19583.83,USD,2026-09-29,INV-007259
txn_007260,Customer 510,19720.20,USD,2026-09-30,INV-007260
txn_007261,Customer 511,19857.57,USD,2026-09-01,INV-007261
txn_007262,Customer 512,19994.94,USD,2026-09-02,INV-007262
txn_007263,Customer 513,20131.31,USD,2026-09-03,INV-007263
txn_007264,Customer 514,20268.68,USD,2026-09-04,INV-007264
txn_007265,Customer 515,20405.05,USD,2026-09-05,INV-007265
txn_007266,Customer 516,20542.42,USD,2026-09-06,INV-007266
txn_007267,Customer 517,20679.79,USD,2026-09-07,INV-007267
txn_007268,Customer 518,20816.16,USD,2026-09-08,INV-007268
txn_007269,Customer 519,20953.53,USD,2026-09-09,INV-007269
txn_007270,Customer 520,21090.90,USD,2026-09-10,INV-007270
txn_007271,Customer 521,21227.27,USD,2026-09-11,INV-007271
txn_007272,Customer 522,21364.64,USD,2026-09-12,INV-007272
txn_007273,Customer 523,21501.01,USD,2026-09-13,INV-007273
txn_007274,Customer 524,21638.38,USD,2026-09-14,INV-007274
txn_007275,Customer 525,21775.75,USD,2026-09-15,INV-007275
txn_007276,Customer 526,21912.12,USD,2026-09-16,INV-007276
txn_007277,Customer 527,22049.49,USD,2026-09-17,INV-007277
txn_007278,Customer 528,22186.86,USD,2026-09-18,INV-007278
txn_007279,Customer 529,22323.23,USD,2026-09-19,INV-007279
txn_007280,Customer 530,22460.60,USD,2026-09-20,INV-007280
txn_007281,Customer 531,22597.97,USD,2026-09-21,INV-007281
txn_007282,Customer 532,22734.34,USD,2026-09-22,INV-007282
txn_007283,Customer 533,22871.71,USD,2026-09-23,INV-007283
txn_007284,Customer 534,23008.08,USD,2026-09-24,INV-007284
txn_007285,Customer 535,23145.45,USD,2026-09-25,INV-007285
txn_007286,Customer 536,23282.82,USD,2026-09-26,INV-007286
txn_007287,Customer 537,23419.19,USD,2026-09-27,INV-007287
txn_007288,Customer 538,23556.56,USD,2026-09-28,INV-007288
txn_007289,Customer 539,23693.93,USD,2026-09-29,INV-007289
txn_007290,Customer 540,23830.30,USD,2026-09-30,INV-007290
txn_007291,Customer 541,23967.67,USD,2026-09-01,INV-007291
txn_007292,Customer 542,24104.04,USD,2026-09-02,INV-007292
txn_007293,Customer 543,24241.41,USD,2026-09-03,INV-007293
txn_007294,Customer 544,24378.78,USD,2026-09-04,INV-007294
txn_007295,Customer 545,24515.15,USD,2026-09-05,INV-007295
txn_007296,Customer 546,24652.52,USD,2026-09-06,INV-007296
txn_007297,Customer 547,24789.89,USD,2026-09-07,INV-007297
txn_007298,Customer 548,24926.26,USD,2026-09-08,INV-007298
txn_007299,Customer 549,25063.63,USD,2026-09-09,INV-007299
txn_007300,Customer 550,200.00,USD,2026-09-10,INV-007300
txn_007301,Customer 551,337.37,USD,2026-09-11,INV-007301
txn_007302,Customer 552,474.74,USD,2026-09-12,INV-007302
txn_007303,Customer 553,611.11,USD,2026-09-13,INV-007303
txn_007304,Customer 554,748.48,USD,2026-09-14,INV-007304
txn_007305,Customer 555,885.85,USD,2026-09-15,INV-007305
txn_007306,Customer 556,1022.22,USD,2026-09-16,INV-007306
txn_007307,Customer 557,1159.59,USD,2026-09-17,INV-007307
txn_007308,Customer 558,1296.96,USD,2026-09-18,INV-007308
txn_007309,Customer 559,1433.33,USD,2026-09-19,INV-007309
txn_007310,Customer 560,1570.70,USD,2026-09-20,INV-007310
txn_007311,Customer 561,1707.07,USD,2026-09-21,INV-007311
txn_007312,Customer 562,1844.44,USD,2026-09-22,INV-007312
txn_007313,Customer 563,1981.81,USD,2026-09-23,INV-007313
txn_007314,Customer 564,2118.18,USD,2026-09-24,INV-007314
txn_007315,Customer 565,2255.55,USD,2026-09-25,INV-007315
txn_007316,Customer 566,2392.92,USD,2026-09-26,INV-007316
txn_007317,Customer 567,2529.29,USD,2026-09-27,INV-007317
txn_007318,Customer 568,2666.66,USD,2026-09-28,INV-007318
txn_007319,Customer 569,2803.03,USD,2026-09-29,INV-007319
txn_007320,Customer 570,2940.40,USD,2026-09-30,INV-007320
txn_007321,Customer 571,3077.77,USD,2026-09-01,INV-007321
txn_007322,Customer 572,3214.14,USD,2026-09-02,INV-007322
txn_007323,Customer 573,3351.51,USD,2026-09-03,INV-007323
txn_007324,Customer 574,3488.88,USD,2026-09-04,INV-007324
txn_007325,Customer 575,3625.25,USD,2026-09-05,INV-007325
txn_007326,Customer 576,3762.62,USD,2026-09-06,INV-007326
txn_007327,Customer 577,3899.99,USD,2026-09-07,INV-007327
txn_007328,Customer 578,4036.36,USD,2026-09-08,INV-007328
txn_007329,Customer 579,4173.73,USD,2026-09-09,INV-007329
txn_007330,Customer 580,4310.10,USD,2026-09-10,INV-007330
txn_007331,Customer 581,4447.47,USD,2026-09-11,INV-007331
txn_007332,Customer 582,4584.84,USD,2026-09-12,INV-007332
txn_007333,Customer 583,4721.21,USD,2026-09-13,INV-007333
txn_007334,Customer 584,4858.58,USD,2026-09-14,INV-007334
txn_007335,Customer 585,4995.95,USD,2026-09-15,INV-007335
txn_007336,Customer 586,5132.32,USD,2026-09-16,INV-007336
txn_007337,Customer 587,5269.69,USD,2026-09-17,INV-007337
txn_007338,Customer 588,5406.06,USD,2026-09-18,INV-007338
txn_007339,Customer 589,5543.43,USD,2026-09-19,INV-007339
txn_007340,Customer 590,5680.80,USD,2026-09-20,INV-007340
txn_007341,Customer 591,5817.17,USD,2026-09-21,INV-007341
txn_007342,Customer 592,5954.54,USD,2026-09-22,INV-007342
txn_007343,Customer 593,6091.91,USD,2026-09-23,INV-007343
txn_007344,Customer 594,6228.28,USD,2026-09-24,INV-007344
txn_007345,Customer 595,6365.65,USD,2026-09-25,INV-007345
txn_007346,Customer 596,6502.02,USD,2026-09-26,INV-007346
txn_007347,Customer 597,6639.39,USD,2026-09-27,INV-007347
txn_007348,Customer 598,6776.76,USD,2026-09-28,INV-007348
txn_007349,Customer 599,6913.13,USD,2026-09-29,INV-007349
txn_007350,Customer 600,7050.50,USD,2026-09-30,INV-007350
txn_007351,Customer 601,7187.87,USD,2026-09-01,INV-007351
txn_007352,Customer 602,7324.24,USD,2026-09-02,INV-007352
txn_007353,Customer 603,7461.61,USD,2026-09-03,INV-007353
txn_007354,Customer 604,7598.98,USD,2026-09-04,INV-007354
txn_007355,Customer 605,7735.35,USD,2026-09-05,INV-007355
txn_007356,Customer 606,7872.72,USD,2026-09-06,INV-007356
txn_007357,Customer 607,8009.09,USD,2026-09-07,INV-007357
txn_007358,Customer 608,8146.46,USD,2026-09-08,INV-007358
txn_007359,Customer 609,8283.83,USD,2026-09-09,INV-007359
txn_007360,Customer 610,8420.20,USD,2026-09-10,INV-007360
txn_007361,Customer 611,8557.57,USD,2026-09-11,INV-007361
txn_007362,Customer 612,8694.94,USD,2026-09-12,INV-007362
txn_007363,Customer 613,8831.31,USD,2026-09-13,INV-007363
txn_007364,Customer 614,8968.68,USD,2026-09-14,INV-007364
txn_007365,Customer 615,9105.05,USD,2026-09-15,INV-007365
txn_007366,Customer 616,9242.42,USD,2026-09-16,INV-007366
txn_007367,Customer 617,9379.79,USD,2026-09-17,INV-007367
txn_007368,Customer 618,9516.16,USD,2026-09-18,INV-007368
txn_007369,Customer 619,9653.53,USD,2026-09-19,INV-007369
txn_007370,Customer 620,9790.90,USD,2026-09-20,INV-007370
txn_007371,Customer 621,9927.27,USD,2026-09-21,INV-007371
txn_007372,Customer 622,10064.64,USD,2026-09-22,INV-007372
txn_007373,Customer 623,10201.01,USD,2026-09-23,INV-007373
txn_007374,Customer 624,10338.38,USD,2026-09-24,INV-007374
txn_007375,Customer 625,10475.75,USD,2026-09-25,INV-007375
txn_007376,Customer 626,10612.12,USD,2026-09-26,INV-007376
txn_007377,Customer 627,10749.49,USD,2026-09-27,INV-007377
txn_007378,Customer 628,10886.86,USD,2026-09-28,INV-007378
txn_007379,Customer 629,11023.23,USD,2026-09-29,INV-007379
txn_007380,Customer 630,11160.60,USD,2026-09-30,INV-007380
txn_007381,Customer 631,11297.97,USD,2026-09-01,INV-007381
txn_007382,Customer 632,11434.34,USD,2026-09-02,INV-007382
txn_007383,Customer 633,11571.71,USD,2026-09-03,INV-007383
txn_007384,Customer 634,11708.08,USD,2026-09-04,INV-007384
txn_007385,Customer 635,11845.45,USD,2026-09-05,INV-007385
txn_007386,Customer 636,11982.82,USD,2026-09-06,INV-007386
txn_007387,Customer 637,12119.19,USD,2026-09-07,INV-007387
txn_007388,Customer 638,12256.56,USD,2026-09-08,INV-007388
txn_007389,Customer 639,12393.93,USD,2026-09-09,INV-007389
txn_007390,Customer 640,12530.30,USD,2026-09-10,INV-007390
txn_007391,Customer 641,12667.67,USD,2026-09-11,INV-007391
txn_007392,Customer 642,12804.04,USD,2026-09-12,INV-007392
txn_007393,Customer 643,12941.41,USD,2026-09-13,INV-007393
txn_007394,Customer 644,13078.78,USD,2026-09-14,INV-007394
txn_007395,Customer 645,13215.15,USD,2026-09-15,INV-007395
txn_007396,Customer 646,13352.52,USD,2026-09-16,INV-007396
txn_007397,Customer 647,13489.89,USD,2026-09-17,INV-007397
txn_007398,Customer 648,13626.26,USD,2026-09-18,INV-007398
txn_007399,Customer 649,13763.63,USD,2026-09-19,INV-007399
txn_007400,Customer 650,13900.00,USD,2026-09-20,INV-007400
txn_007401,Customer 651,14037.37,USD,2026-09-21,INV-007401
txn_007402,Customer 652,14174.74,USD,2026-09-22,INV-007402
txn_007403,Customer 653,14311.11,USD,2026-09-23,INV-007403
txn_007404,Customer 654,14448.48,USD,2026-09-24,INV-007404
txn_007405,Customer 655,14585.85,USD,2026-09-25,INV-007405
txn_007406,Customer 656,14722.22,USD,2026-09-26,INV-007406
txn_007407,Customer 657,14859.59,USD,2026-09-27,INV-007407
txn_007408,Customer 658,14996.96,USD,2026-09-28,INV-007408
txn_007409,Customer 659,15133.33,USD,2026-09-29,INV-007409
txn_007410,Customer 660,15270.70,USD,2026-09-30,INV-007410
txn_007411,Customer 661,15407.07,USD,2026-09-01,INV-007411
txn_007412,Customer 662,15544.44,USD,2026-09-02,INV-007412
txn_007413,Customer 663,15681.81,USD,2026-09-03,INV-007413
txn_007414,Customer 664,15818.18,USD,2026-09-04,INV-007414
txn_007415,Customer 665,15955.55,USD,2026-09-05,INV-007415
txn_007416,Customer 666,16092.92,USD,2026-09-06,INV-007416
txn_007417,Customer 667,16229.29,USD,2026-09-07,INV-007417
txn_007418,Customer 668,16366.66,USD,2026-09-08,INV-007418
txn_007419,Customer 669,16503.03,USD,2026-09-09,INV-007419
txn_007420,Customer 670,16640.40,USD,2026-09-10,INV-007420
txn_007421,Customer 671,16777.77,USD,2026-09-11,INV-007421
txn_007422,Customer 672,16914.14,USD,2026-09-12,INV-007422
txn_007423,Customer 673,17051.51,USD,2026-09-13,INV-007423
txn_007424,Customer 674,17188.88,USD,2026-09-14,INV-007424
txn_007425,Customer 675,17325.25,USD,2026-09-15,INV-007425
txn_007426,Customer 676,17462.62,USD,2026-09-16,INV-007426
txn_007427,Customer 677,17599.99,USD,2026-09-17,INV-007427
txn_007428,Customer 678,17736.36,USD,2026-09-18,INV-007428
txn_007429,Customer 679,17873.73,USD,2026-09-19,INV-007429
txn_007430,Customer 680,18010.10,USD,2026-09-20,INV-007430
txn_007431,Customer 681,18147.47,USD,2026-09-21,INV-007431
txn_007432,Customer 682,18284.84,USD,2026-09-22,INV-007432
txn_007433,Customer 683,18421.21,USD,2026-09-23,INV-007433
txn_007434,Customer 684,18558.58,USD,2026-09-24,INV-007434
txn_007435,Customer 685,18695.95,USD,2026-09-25,INV-007435
txn_007436,Customer 686,18832.32,USD,2026-09-26,INV-007436
txn_007437,Customer 687,18969.69,USD,2026-09-27,INV-007437
txn_007438,Customer 688,19106.06,USD,2026-09-28,INV-007438
txn_007439,Customer 689,19243.43,USD,2026-09-29,INV-007439
txn_007440,Customer 690,19380.80,USD,2026-09-30,INV-007440
txn_007441,Customer 691,19517.17,USD,2026-09-01,INV-007441
txn_007442,Customer 692,19654.54,USD,2026-09-02,INV-007442
txn_007443,Customer 693,19791.91,USD,2026-09-03,INV-007443
txn_007444,Customer 694,19928.28,USD,2026-09-04,INV-007444
txn_007445,Customer 695,20065.65,USD,2026-09-05,INV-007445
txn_007446,Customer 696,20202.02,USD,2026-09-06,INV-007446
txn_007447,Customer 697,20339.39,USD,2026-09-07,INV-007447
txn_007448,Customer 698,20476.76,USD,2026-09-08,INV-007448
txn_007449,Customer 699,20613.13,USD,2026-09-09,INV-007449
txn_007450,Customer 700,20750.50,USD,2026-09-10,INV-007450
txn_007451,Customer 701,20887.87,USD,2026-09-11,INV-007451
txn_007452,Customer 702,21024.24,USD,2026-09-12,INV-007452
txn_007453,Customer 703,21161.61,USD,2026-09-13,INV-007453
txn_007454,Customer 704,21298.98,USD,2026-09-14,INV-007454
txn_007455,Customer 705,21435.35,USD,2026-09-15,INV-007455
txn_007456,Customer 706,21572.72,USD,2026-09-16,INV-007456
txn_007457,Customer 707,21709.09,USD,2026-09-17,INV-007457
txn_007458,Customer 708,21846.46,USD,2026-09-18,INV-007458
txn_007459,Customer 709,21983.83,USD,2026-09-19,INV-007459
txn_007460,Customer 710,22120.20,USD,2026-09-20,INV-007460
txn_007461,Customer 711,22257.57,USD,2026-09-21,INV-007461
txn_007462,Customer 712,22394.94,USD,2026-09-22,INV-007462
txn_007463,Customer 713,22531.31,USD,2026-09-23,INV-007463
txn_007464,Customer 714,22668.68,USD,2026-09-24,INV-007464
txn_007465,Customer 715,22805.05,USD,2026-09-25,INV-007465
txn_007466,Customer 716,22942.42,USD,2026-09-26,INV-007466
txn_007467,Customer 717,23079.79,USD,2026-09-27,INV-007467
txn_007468,Customer 718,23216.16,USD,2026-09-28,INV-007468
txn_007469,Customer 719,23353.53,USD,2026-09-29,INV-007469
txn_007470,Customer 720,23490.90,USD,2026-09-30,INV-007470
txn_007471,Customer 721,23627.27,USD,2026-09-01,INV-007471
txn_007472,Customer 722,23764.64,USD,2026-09-02,INV-007472
txn_007473,Customer 723,23901.01,USD,2026-09-03,INV-007473
txn_007474,Customer 724,24038.38,USD,2026-09-04,INV-007474
txn_007475,Customer 725,24175.75,USD,2026-09-05,INV-007475
txn_007476,Customer 726,24312.12,USD,2026-09-06,INV-007476
txn_007477,Customer 727,24449.49,USD,2026-09-07,INV-007477
txn_007478,Customer 728,24586.86,USD,2026-09-08,INV-007478
txn_007479,Customer 729,24723.23,USD,2026-09-09,INV-007479
txn_007480,Customer 730,24860.60,USD,2026-09-10,INV-007480
txn_007481,Customer 731,24997.97,USD,2026-09-11,INV-007481
txn_007482,Customer 732,134.34,USD,2026-09-12,INV-007482
txn_007483,Customer 733,271.71,USD,2026-09-13,INV-007483
txn_007484,Customer 734,408.08,USD,2026-09-14,INV-007484
txn_007485,Customer 735,545.45,USD,2026-09-15,INV-007485
txn_007486,Customer 736,682.82,USD,2026-09-16,INV-007486
txn_007487,Customer 737,819.19,USD,2026-09-17,INV-007487
txn_007488,Customer 738,956.56,USD,2026-09-18,INV-007488
txn_007489,Customer 739,1093.93,USD,2026-09-19,INV-007489
txn_007490,Customer 740,1230.30,USD,2026-09-20,INV-007490
txn_007491,Customer 741,1367.67,USD,2026-09-21,INV-007491
txn_007492,Customer 742,1504.04,USD,2026-09-22,INV-007492
txn_007493,Customer 743,1641.41,USD,2026-09-23,INV-007493
txn_007494,Customer 744,1778.78,USD,2026-09-24,INV-007494
txn_007495,Customer 745,1915.15,USD,2026-09-25,INV-007495
txn_007496,Customer 746,2052.52,USD,2026-09-26,INV-007496
txn_007497,Customer 747,2189.89,USD,2026-09-27,INV-007497
txn_007498,Customer 748,2326.26,USD,2026-09-28,INV-007498
txn_007499,Customer 749,2463.63,USD,2026-09-29,INV-007499
txn_007500,Customer 750,2600.00,USD,2026-09-30,INV-007500
txn_007501,Customer 001,2737.37,USD,2026-09-01,INV-007501
txn_007502,Customer 002,2874.74,USD,2026-09-02,INV-007502
txn_007503,Customer 003,3011.11,USD,2026-09-03,INV-007503
txn_007504,Customer 004,3148.48,USD,2026-09-04,INV-007504
txn_007505,Customer 005,3285.85,USD,2026-09-05,INV-007505
txn_007506,Customer 006,3422.22,USD,2026-09-06,INV-007506
txn_007507,Customer 007,3559.59,USD,2026-09-07,INV-007507
txn_007508,Customer 008,3696.96,USD,2026-09-08,INV-007508
txn_007509,Customer 009,3833.33,USD,2026-09-09,INV-007509
txn_007510,Customer 010,3970.70,USD,2026-09-10,INV-007510
txn_007511,Customer 011,4107.07,USD,2026-09-11,INV-007511
txn_007512,Customer 012,4244.44,USD,2026-09-12,INV-007512
txn_007513,Customer 013,4381.81,USD,2026-09-13,INV-007513
txn_007514,Customer 014,4518.18,USD,2026-09-14,INV-007514
txn_007515,Customer 015,4655.55,USD,2026-09-15,INV-007515
txn_007516,Customer 016,4792.92,USD,2026-09-16,INV-007516
txn_007517,Customer 017,4929.29,USD,2026-09-17,INV-007517
txn_007518,Customer 018,5066.66,USD,2026-09-18,INV-007518
txn_007519,Customer 019,5203.03,USD,2026-09-19,INV-007519
txn_007520,Customer 020,5340.40,USD,2026-09-20,INV-007520
txn_007521,Customer 021,5477.77,USD,2026-09-21,INV-007521
txn_007522,Customer 022,5614.14,USD,2026-09-22,INV-007522
txn_007523,Customer 023,5751.51,USD,2026-09-23,INV-007523
txn_007524,Customer 024,5888.88,USD,2026-09-24,INV-007524
txn_007525,Customer 025,6025.25,USD,2026-09-25,INV-007525
txn_007526,Customer 026,6162.62,USD,2026-09-26,INV-007526
txn_007527,Customer 027,6299.99,USD,2026-09-27,INV-007527
txn_007528,Customer 028,6436.36,USD,2026-09-28,INV-007528
txn_007529,Customer 029,6573.73,USD,2026-09-29,INV-007529
txn_007530,Customer 030,6710.10,USD,2026-09-30,INV-007530
txn_007531,Customer 031,6847.47,USD,2026-09-01,INV-007531
txn_007532,Customer 032,6984.84,USD,2026-09-02,INV-007532
txn_007533,Customer 033,7121.21,USD,2026-09-03,INV-007533
txn_007534,Customer 034,7258.58,USD,2026-09-04,INV-007534
txn_007535,Customer 035,7395.95,USD,2026-09-05,INV-007535
txn_007536,Customer 036,7532.32,USD,2026-09-06,INV-007536
txn_007537,Customer 037,7669.69,USD,2026-09-07,INV-007537
txn_007538,Customer 038,7806.06,USD,2026-09-08,INV-007538
txn_007539,Customer 039,7943.43,USD,2026-09-09,INV-007539
txn_007540,Customer 040,8080.80,USD,2026-09-10,INV-007540
txn_007541,Customer 041,8217.17,USD,2026-09-11,INV-007541
txn_007542,Customer 042,8354.54,USD,2026-09-12,INV-007542
txn_007543,Customer 043,8491.91,USD,2026-09-13,INV-007543
txn_007544,Customer 044,8628.28,USD,2026-09-14,INV-007544
txn_007545,Customer 045,8765.65,USD,2026-09-15,INV-007545
txn_007546,Customer 046,8902.02,USD,2026-09-16,INV-007546
txn_007547,Customer 047,9039.39,USD,2026-09-17,INV-007547
txn_007548,Customer 048,9176.76,USD,2026-09-18,INV-007548
txn_007549,Customer 049,9313.13,USD,2026-09-19,INV-007549
txn_007550,Customer 050,9450.50,USD,2026-09-20,INV-007550
txn_007551,Customer 051,9587.87,USD,2026-09-21,INV-007551
txn_007552,Customer 052,9724.24,USD,2026-09-22,INV-007552
txn_007553,Customer 053,9861.61,USD,2026-09-23,INV-007553
txn_007554,Customer 054,9998.98,USD,2026-09-24,INV-007554
txn_007555,Customer 055,10135.35,USD,2026-09-25,INV-007555
txn_007556,Customer 056,10272.72,USD,2026-09-26,INV-007556
txn_007557,Customer 057,10409.09,USD,2026-09-27,INV-007557
txn_007558,Customer 058,10546.46,USD,2026-09-28,INV-007558
txn_007559,Customer 059,10683.83,USD,2026-09-29,INV-007559
txn_007560,Customer 060,10820.20,USD,2026-09-30,INV-007560
txn_007561,Customer 061,10957.57,USD,2026-09-01,INV-007561
txn_007562,Customer 062,11094.94,USD,2026-09-02,INV-007562
txn_007563,Customer 063,11231.31,USD,2026-09-03,INV-007563
txn_007564,Customer 064,11368.68,USD,2026-09-04,INV-007564
txn_007565,Customer 065,11505.05,USD,2026-09-05,INV-007565
txn_007566,Customer 066,11642.42,USD,2026-09-06,INV-007566
txn_007567,Customer 067,11779.79,USD,2026-09-07,INV-007567
txn_007568,Customer 068,11916.16,USD,2026-09-08,INV-007568
txn_007569,Customer 069,12053.53,USD,2026-09-09,INV-007569
txn_007570,Customer 070,12190.90,USD,2026-09-10,INV-007570
txn_007571,Customer 071,12327.27,USD,2026-09-11,INV-007571
txn_007572,Customer 072,12464.64,USD,2026-09-12,INV-007572
txn_007573,Customer 073,12601.01,USD,2026-09-13,INV-007573
txn_007574,Customer 074,12738.38,USD,2026-09-14,INV-007574
txn_007575,Customer 075,12875.75,USD,2026-09-15,INV-007575
txn_007576,Customer 076,13012.12,USD,2026-09-16,INV-007576
txn_007577,Customer 077,13149.49,USD,2026-09-17,INV-007577
txn_007578,Customer 078,13286.86,USD,2026-09-18,INV-007578
txn_007579,Customer 079,13423.23,USD,2026-09-19,INV-007579
txn_007580,Customer 080,13560.60,USD,2026-09-20,INV-007580
txn_007581,Customer 081,13697.97,USD,2026-09-21,INV-007581
txn_007582,Customer 082,13834.34,USD,2026-09-22,INV-007582
txn_007583,Customer 083,13971.71,USD,2026-09-23,INV-007583
txn_007584,Customer 084,14108.08,USD,2026-09-24,INV-007584
txn_007585,Customer 085,14245.45,USD,2026-09-25,INV-007585
txn_007586,Customer 086,14382.82,USD,2026-09-26,INV-007586
txn_007587,Customer 087,14519.19,USD,2026-09-27,INV-007587
txn_007588,Customer 088,14656.56,USD,2026-09-28,INV-007588
txn_007589,Customer 089,14793.93,USD,2026-09-29,INV-007589
txn_007590,Customer 090,14930.30,USD,2026-09-30,INV-007590
txn_007591,Customer 091,15067.67,USD,2026-09-01,INV-007591
txn_007592,Customer 092,15204.04,USD,2026-09-02,INV-007592
txn_007593,Customer 093,15341.41,USD,2026-09-03,INV-007593
txn_007594,Customer 094,15478.78,USD,2026-09-04,INV-007594
txn_007595,Customer 095,15615.15,USD,2026-09-05,INV-007595
txn_007596,Customer 096,15752.52,USD,2026-09-06,INV-007596
txn_007597,Customer 097,15889.89,USD,2026-09-07,INV-007597
txn_007598,Customer 098,16026.26,USD,2026-09-08,INV-007598
txn_007599,Customer 099,16163.63,USD,2026-09-09,INV-007599
txn_007600,Customer 100,16300.00,USD,2026-09-10,INV-007600
txn_007601,Customer 101,16437.37,USD,2026-09-11,INV-007601
txn_007602,Customer 102,16574.74,USD,2026-09-12,INV-007602
txn_007603,Customer 103,16711.11,USD,2026-09-13,INV-007603
txn_007604,Customer 104,16848.48,USD,2026-09-14,INV-007604
txn_007605,Customer 105,16985.85,USD,2026-09-15,INV-007605
txn_007606,Customer 106,17122.22,USD,2026-09-16,INV-007606
txn_007607,Customer 107,17259.59,USD,2026-09-17,INV-007607
txn_007608,Customer 108,17396.96,USD,2026-09-18,INV-007608
txn_007609,Customer 109,17533.33,USD,2026-09-19,INV-007609
txn_007610,Customer 110,17670.70,USD,2026-09-20,INV-007610
txn_007611,Customer 111,17807.07,USD,2026-09-21,INV-007611
txn_007612,Customer 112,17944.44,USD,2026-09-22,INV-007612
txn_007613,Customer 113,18081.81,USD,2026-09-23,INV-007613
txn_007614,Customer 114,18218.18,USD,2026-09-24,INV-007614
txn_007615,Customer 115,18355.55,USD,2026-09-25,INV-007615
txn_007616,Customer 116,18492.92,USD,2026-09-26,INV-007616
txn_007617,Customer 117,18629.29,USD,2026-09-27,INV-007617
txn_007618,Customer 118,18766.66,USD,2026-09-28,INV-007618
txn_007619,Customer 119,18903.03,USD,2026-09-29,INV-007619
txn_007620,Customer 120,19040.40,USD,2026-09-30,INV-007620
txn_007621,Customer 121,19177.77,USD,2026-09-01,INV-007621
txn_007622,Customer 122,19314.14,USD,2026-09-02,INV-007622
txn_007623,Customer 123,19451.51,USD,2026-09-03,INV-007623
txn_007624,Customer 124,19588.88,USD,2026-09-04,INV-007624
txn_007625,Customer 125,19725.25,USD,2026-09-05,INV-007625
txn_007626,Customer 126,19862.62,USD,2026-09-06,INV-007626
txn_007627,Customer 127,19999.99,USD,2026-09-07,INV-007627
txn_007628,Customer 128,20136.36,USD,2026-09-08,INV-007628
txn_007629,Customer 129,20273.73,USD,2026-09-09,INV-007629
txn_007630,Customer 130,20410.10,USD,2026-09-10,INV-007630
txn_007631,Customer 131,20547.47,USD,2026-09-11,INV-007631
txn_007632,Customer 132,20684.84,USD,2026-09-12,INV-007632
txn_007633,Customer 133,20821.21,USD,2026-09-13,INV-007633
txn_007634,Customer 134,20958.58,USD,2026-09-14,INV-007634
txn_007635,Customer 135,21095.95,USD,2026-09-15,INV-007635
txn_007636,Customer 136,21232.32,USD,2026-09-16,INV-007636
txn_007637,Customer 137,21369.69,USD,2026-09-17,INV-007637
txn_007638,Customer 138,21506.06,USD,2026-09-18,INV-007638
txn_007639,Customer 139,21643.43,USD,2026-09-19,INV-007639
txn_007640,Customer 140,21780.80,USD,2026-09-20,INV-007640
txn_007641,Customer 141,21917.17,USD,2026-09-21,INV-007641
txn_007642,Customer 142,22054.54,USD,2026-09-22,INV-007642
txn_007643,Customer 143,22191.91,USD,2026-09-23,INV-007643
txn_007644,Customer 144,22328.28,USD,2026-09-24,INV-007644
txn_007645,Customer 145,22465.65,USD,2026-09-25,INV-007645
txn_007646,Customer 146,22602.02,USD,2026-09-26,INV-007646
txn_007647,Customer 147,22739.39,USD,2026-09-27,INV-007647
txn_007648,Customer 148,22876.76,USD,2026-09-28,INV-007648
txn_007649,Customer 149,23013.13,USD,2026-09-29,INV-007649
txn_007650,Customer 150,23150.50,USD,2026-09-30,INV-007650
txn_007651,Customer 151,23287.87,USD,2026-09-01,INV-007651
txn_007652,Customer 152,23424.24,USD,2026-09-02,INV-007652
txn_007653,Customer 153,23561.61,USD,2026-09-03,INV-007653
txn_007654,Customer 154,23698.98,USD,2026-09-04,INV-007654
txn_007655,Customer 155,23835.35,USD,2026-09-05,INV-007655
txn_007656,Customer 156,23972.72,USD,2026-09-06,INV-007656
txn_007657,Customer 157,24109.09,USD,2026-09-07,INV-007657
txn_007658,Customer 158,24246.46,USD,2026-09-08,INV-007658
txn_007659,Customer 159,24383.83,USD,2026-09-09,INV-007659
txn_007660,Customer 160,24520.20,USD,2026-09-10,INV-007660
txn_007661,Customer 161,24657.57,USD,2026-09-11,INV-007661
txn_007662,Customer 162,24794.94,USD,2026-09-12,INV-007662
txn_007663,Customer 163,24931.31,USD,2026-09-13,INV-007663
txn_007664,Customer 164,25068.68,USD,2026-09-14,INV-007664
txn_007665,Customer 165,205.05,USD,2026-09-15,INV-007665
txn_007666,Customer 166,342.42,USD,2026-09-16,INV-007666
txn_007667,Customer 167,479.79,USD,2026-09-17,INV-007667
txn_007668,Customer 168,616.16,USD,2026-09-18,INV-007668
txn_007669,Customer 169,753.53,USD,2026-09-19,INV-007669
txn_007670,Customer 170,890.90,USD,2026-09-20,INV-007670
txn_007671,Customer 171,1027.27,USD,2026-09-21,INV-007671
txn_007672,Customer 172,1164.64,USD,2026-09-22,INV-007672
txn_007673,Customer 173,1301.01,USD,2026-09-23,INV-007673
txn_007674,Customer 174,1438.38,USD,2026-09-24,INV-007674
txn_007675,Customer 175,1575.75,USD,2026-09-25,INV-007675
txn_007676,Customer 176,1712.12,USD,2026-09-26,INV-007676
txn_007677,Customer 177,1849.49,USD,2026-09-27,INV-007677
txn_007678,Customer 178,1986.86,USD,2026-09-28,INV-007678
txn_007679,Customer 179,2123.23,USD,2026-09-29,INV-007679
txn_007680,Customer 180,2260.60,USD,2026-09-30,INV-007680
txn_007681,Customer 181,2397.97,USD,2026-09-01,INV-007681
txn_007682,Customer 182,2534.34,USD,2026-09-02,INV-007682
txn_007683,Customer 183,2671.71,USD,2026-09-03,INV-007683
txn_007684,Customer 184,2808.08,USD,2026-09-04,INV-007684
txn_007685,Customer 185,2945.45,USD,2026-09-05,INV-007685
txn_007686,Customer 186,3082.82,USD,2026-09-06,INV-007686
txn_007687,Customer 187,3219.19,USD,2026-09-07,INV-007687
txn_007688,Customer 188,3356.56,USD,2026-09-08,INV-007688
txn_007689,Customer 189,3493.93,USD,2026-09-09,INV-007689
txn_007690,Customer 190,3630.30,USD,2026-09-10,INV-007690
txn_007691,Customer 191,3767.67,USD,2026-09-11,INV-007691
txn_007692,Customer 192,3904.04,USD,2026-09-12,INV-007692
txn_007693,Customer 193,4041.41,USD,2026-09-13,INV-007693
txn_007694,Customer 194,4178.78,USD,2026-09-14,INV-007694
txn_007695,Customer 195,4315.15,USD,2026-09-15,INV-007695
txn_007696,Customer 196,4452.52,USD,2026-09-16,INV-007696
txn_007697,Customer 197,4589.89,USD,2026-09-17,INV-007697
txn_007698,Customer 198,4726.26,USD,2026-09-18,INV-007698
txn_007699,Customer 199,4863.63,USD,2026-09-19,INV-007699
txn_007700,Customer 200,5000.00,USD,2026-09-20,INV-007700
txn_007701,Customer 201,5137.37,USD,2026-09-21,INV-007701
txn_007702,Customer 202,5274.74,USD,2026-09-22,INV-007702
txn_007703,Customer 203,5411.11,USD,2026-09-23,INV-007703
txn_007704,Customer 204,5548.48,USD,2026-09-24,INV-007704
txn_007705,Customer 205,5685.85,USD,2026-09-25,INV-007705
txn_007706,Customer 206,5822.22,USD,2026-09-26,INV-007706
txn_007707,Customer 207,5959.59,USD,2026-09-27,INV-007707
txn_007708,Customer 208,6096.96,USD,2026-09-28,INV-007708
txn_007709,Customer 209,6233.33,USD,2026-09-29,INV-007709
txn_007710,Customer 210,6370.70,USD,2026-09-30,INV-007710
txn_007711,Customer 211,6507.07,USD,2026-09-01,INV-007711
txn_007712,Customer 212,6644.44,USD,2026-09-02,INV-007712
txn_007713,Customer 213,6781.81,USD,2026-09-03,INV-007713
txn_007714,Customer 214,6918.18,USD,2026-09-04,INV-007714
txn_007715,Customer 215,7055.55,USD,2026-09-05,INV-007715
txn_007716,Customer 216,7192.92,USD,2026-09-06,INV-007716
txn_007717,Customer 217,7329.29,USD,2026-09-07,INV-007717
txn_007718,Customer 218,7466.66,USD,2026-09-08,INV-007718
txn_007719,Customer 219,7603.03,USD,2026-09-09,INV-007719
txn_007720,Customer 220,7740.40,USD,2026-09-10,INV-007720
txn_007721,Customer 221,7877.77,USD,2026-09-11,INV-007721
txn_007722,Customer 222,8014.14,USD,2026-09-12,INV-007722
txn_007723,Customer 223,8151.51,USD,2026-09-13,INV-007723
txn_007724,Customer 224,8288.88,USD,2026-09-14,INV-007724
txn_007725,Customer 225,8425.25,USD,2026-09-15,INV-007725
txn_007726,Customer 226,8562.62,USD,2026-09-16,INV-007726
txn_007727,Customer 227,8699.99,USD,2026-09-17,INV-007727
txn_007728,Customer 228,8836.36,USD,2026-09-18,INV-007728
txn_007729,Customer 229,8973.73,USD,2026-09-19,INV-007729
txn_007730,Customer 230,9110.10,USD,2026-09-20,INV-007730
txn_007731,Customer 231,9247.47,USD,2026-09-21,INV-007731
txn_007732,Customer 232,9384.84,USD,2026-09-22,INV-007732
txn_007733,Customer 233,9521.21,USD,2026-09-23,INV-007733
txn_007734,Customer 234,9658.58,USD,2026-09-24,INV-007734
txn_007735,Customer 235,9795.95,USD,2026-09-25,INV-007735
txn_007736,Customer 236,9932.32,USD,2026-09-26,INV-007736
txn_007737,Customer 237,10069.69,USD,2026-09-27,INV-007737
txn_007738,Customer 238,10206.06,USD,2026-09-28,INV-007738
txn_007739,Customer 239,10343.43,USD,2026-09-29,INV-007739
txn_007740,Customer 240,10480.80,USD,2026-09-30,INV-007740
txn_007741,Customer 241,10617.17,USD,2026-09-01,INV-007741
txn_007742,Customer 242,10754.54,USD,2026-09-02,INV-007742
txn_007743,Customer 243,10891.91,USD,2026-09-03,INV-007743
txn_007744,Customer 244,11028.28,USD,2026-09-04,INV-007744
txn_007745,Customer 245,11165.65,USD,2026-09-05,INV-007745
txn_007746,Customer 246,11302.02,USD,2026-09-06,INV-007746
txn_007747,Customer 247,11439.39,USD,2026-09-07,INV-007747
txn_007748,Customer 248,11576.76,USD,2026-09-08,INV-007748
txn_007749,Customer 249,11713.13,USD,2026-09-09,INV-007749
txn_007750,Customer 250,11850.50,USD,2026-09-10,INV-007750
txn_007751,Customer 251,11987.87,USD,2026-09-11,INV-007751
txn_007752,Customer 252,12124.24,USD,2026-09-12,INV-007752
txn_007753,Customer 253,12261.61,USD,2026-09-13,INV-007753
txn_007754,Customer 254,12398.98,USD,2026-09-14,INV-007754
txn_007755,Customer 255,12535.35,USD,2026-09-15,INV-007755
txn_007756,Customer 256,12672.72,USD,2026-09-16,INV-007756
txn_007757,Customer 257,12809.09,USD,2026-09-17,INV-007757
txn_007758,Customer 258,12946.46,USD,2026-09-18,INV-007758
txn_007759,Customer 259,13083.83,USD,2026-09-19,INV-007759
txn_007760,Customer 260,13220.20,USD,2026-09-20,INV-007760
txn_007761,Customer 261,13357.57,USD,2026-09-21,INV-007761
txn_007762,Customer 262,13494.94,USD,2026-09-22,INV-007762
txn_007763,Customer 263,13631.31,USD,2026-09-23,INV-007763
txn_007764,Customer 264,13768.68,USD,2026-09-24,INV-007764
txn_007765,Customer 265,13905.05,USD,2026-09-25,INV-007765
txn_007766,Customer 266,14042.42,USD,2026-09-26,INV-007766
txn_007767,Customer 267,14179.79,USD,2026-09-27,INV-007767
txn_007768,Customer 268,14316.16,USD,2026-09-28,INV-007768
txn_007769,Customer 269,14453.53,USD,2026-09-29,INV-007769
txn_007770,Customer 270,14590.90,USD,2026-09-30,INV-007770
txn_007771,Customer 271,14727.27,USD,2026-09-01,INV-007771
txn_007772,Customer 272,14864.64,USD,2026-09-02,INV-007772
txn_007773,Customer 273,15001.01,USD,2026-09-03,INV-007773
txn_007774,Customer 274,15138.38,USD,2026-09-04,INV-007774
txn_007775,Customer 275,15275.75,USD,2026-09-05,INV-007775
txn_007776,Customer 276,15412.12,USD,2026-09-06,INV-007776
txn_007777,Customer 277,15549.49,USD,2026-09-07,INV-007777
txn_007778,Customer 278,15686.86,USD,2026-09-08,INV-007778
txn_007779,Customer 279,15823.23,USD,2026-09-09,INV-007779
txn_007780,Customer 280,15960.60,USD,2026-09-10,INV-007780
txn_007781,Customer 281,16097.97,USD,2026-09-11,INV-007781
txn_007782,Customer 282,16234.34,USD,2026-09-12,INV-007782
txn_007783,Customer 283,16371.71,USD,2026-09-13,INV-007783
txn_007784,Customer 284,16508.08,USD,2026-09-14,INV-007784
txn_007785,Customer 285,16645.45,USD,2026-09-15,INV-007785
txn_007786,Customer 286,16782.82,USD,2026-09-16,INV-007786
txn_007787,Customer 287,16919.19,USD,2026-09-17,INV-007787
txn_007788,Customer 288,17056.56,USD,2026-09-18,INV-007788
txn_007789,Customer 289,17193.93,USD,2026-09-19,INV-007789
txn_007790,Customer 290,17330.30,USD,2026-09-20,INV-007790
txn_007791,Customer 291,17467.67,USD,2026-09-21,INV-007791
txn_007792,Customer 292,17604.04,USD,2026-09-22,INV-007792
txn_007793,Customer 293,17741.41,USD,2026-09-23,INV-007793
txn_007794,Customer 294,17878.78,USD,2026-09-24,INV-007794
txn_007795,Customer 295,18015.15,USD,2026-09-25,INV-007795
txn_007796,Customer 296,18152.52,USD,2026-09-26,INV-007796
txn_007797,Customer 297,18289.89,USD,2026-09-27,INV-007797
txn_007798,Customer 298,18426.26,USD,2026-09-28,INV-007798
txn_007799,Customer 299,18563.63,USD,2026-09-29,INV-007799
txn_007800,Customer 300,18700.00,USD,2026-09-30,INV-007800
txn_007801,Customer 301,18837.37,USD,2026-09-01,INV-007801
txn_007802,Customer 302,18974.74,USD,2026-09-02,INV-007802
txn_007803,Customer 303,19111.11,USD,2026-09-03,INV-007803
txn_007804,Customer 304,19248.48,USD,2026-09-04,INV-007804
txn_007805,Customer 305,19385.85,USD,2026-09-05,INV-007805
txn_007806,Customer 306,19522.22,USD,2026-09-06,INV-007806
txn_007807,Customer 307,19659.59,USD,2026-09-07,INV-007807
txn_007808,Customer 308,19796.96,USD,2026-09-08,INV-007808
txn_007809,Customer 309,19933.33,USD,2026-09-09,INV-007809
txn_007810,Customer 310,20070.70,USD,2026-09-10,INV-007810
txn_007811,Customer 311,20207.07,USD,2026-09-11,INV-007811
txn_007812,Customer 312,20344.44,USD,2026-09-12,INV-007812
txn_007813,Customer 313,20481.81,USD,2026-09-13,INV-007813
txn_007814,Customer 314,20618.18,USD,2026-09-14,INV-007814
txn_007815,Customer 315,20755.55,USD,2026-09-15,INV-007815
txn_007816,Customer 316,20892.92,USD,2026-09-16,INV-007816
txn_007817,Customer 317,21029.29,USD,2026-09-17,INV-007817
txn_007818,Customer 318,21166.66,USD,2026-09-18,INV-007818
txn_007819,Customer 319,21303.03,USD,2026-09-19,INV-007819
txn_007820,Customer 320,21440.40,USD,2026-09-20,INV-007820
txn_007821,Customer 321,21577.77,USD,2026-09-21,INV-007821
txn_007822,Customer 322,21714.14,USD,2026-09-22,INV-007822
txn_007823,Customer 323,21851.51,USD,2026-09-23,INV-007823
txn_007824,Customer 324,21988.88,USD,2026-09-24,INV-007824
txn_007825,Customer 325,22125.25,USD,2026-09-25,INV-007825
txn_007826,Customer 326,22262.62,USD,2026-09-26,INV-007826
txn_007827,Customer 327,22399.99,USD,2026-09-27,INV-007827
txn_007828,Customer 328,22536.36,USD,2026-09-28,INV-007828
txn_007829,Customer 329,22673.73,USD,2026-09-29,INV-007829
txn_007830,Customer 330,22810.10,USD,2026-09-30,INV-007830
txn_007831,Customer 331,22947.47,USD,2026-09-01,INV-007831
txn_007832,Customer 332,23084.84,USD,2026-09-02,INV-007832
txn_007833,Customer 333,23221.21,USD,2026-09-03,INV-007833
txn_007834,Customer 334,23358.58,USD,2026-09-04,INV-007834
txn_007835,Customer 335,23495.95,USD,2026-09-05,INV-007835
txn_007836,Customer 336,23632.32,USD,2026-09-06,INV-007836
txn_007837,Customer 337,23769.69,USD,2026-09-07,INV-007837
txn_007838,Customer 338,23906.06,USD,2026-09-08,INV-007838
txn_007839,Customer 339,24043.43,USD,2026-09-09,INV-007839
txn_007840,Customer 340,24180.80,USD,2026-09-10,INV-007840
txn_007841,Customer 341,24317.17,USD,2026-09-11,INV-007841
txn_007842,Customer 342,24454.54,USD,2026-09-12,INV-007842
txn_007843,Customer 343,24591.91,USD,2026-09-13,INV-007843
txn_007844,Customer 344,24728.28,USD,2026-09-14,INV-007844
txn_007845,Customer 345,24865.65,USD,2026-09-15,INV-007845
txn_007846,Customer 346,25002.02,USD,2026-09-16,INV-007846
txn_007847,Customer 347,139.39,USD,2026-09-17,INV-007847
txn_007848,Customer 348,276.76,USD,2026-09-18,INV-007848
txn_007849,Customer 349,413.13,USD,2026-09-19,INV-007849
txn_007850,Customer 350,550.50,USD,2026-09-20,INV-007850
txn_007851,Customer 351,687.87,USD,2026-09-21,INV-007851
txn_007852,Customer 352,824.24,USD,2026-09-22,INV-007852
txn_007853,Customer 353,961.61,USD,2026-09-23,INV-007853
txn_007854,Customer 354,1098.98,USD,2026-09-24,INV-007854
txn_007855,Customer 355,1235.35,USD,2026-09-25,INV-007855
txn_007856,Customer 356,1372.72,USD,2026-09-26,INV-007856
txn_007857,Customer 357,1509.09,USD,2026-09-27,INV-007857
txn_007858,Customer 358,1646.46,USD,2026-09-28,INV-007858
txn_007859,Customer 359,1783.83,USD,2026-09-29,INV-007859
txn_007860,Customer 360,1920.20,USD,2026-09-30,INV-007860
txn_007861,Customer 361,2057.57,USD,2026-09-01,INV-007861
txn_007862,Customer 362,2194.94,USD,2026-09-02,INV-007862
txn_007863,Customer 363,2331.31,USD,2026-09-03,INV-007863
txn_007864,Customer 364,2468.68,USD,2026-09-04,INV-007864
txn_007865,Customer 365,2605.05,USD,2026-09-05,INV-007865
txn_007866,Customer 366,2742.42,USD,2026-09-06,INV-007866
txn_007867,Customer 367,2879.79,USD,2026-09-07,INV-007867
txn_007868,Customer 368,3016.16,USD,2026-09-08,INV-007868
txn_007869,Customer 369,3153.53,USD,2026-09-09,INV-007869
txn_007870,Customer 370,3290.90,USD,2026-09-10,INV-007870
txn_007871,Customer 371,3427.27,USD,2026-09-11,INV-007871
txn_007872,Customer 372,3564.64,USD,2026-09-12,INV-007872
txn_007873,Customer 373,3701.01,USD,2026-09-13,INV-007873
txn_007874,Customer 374,3838.38,USD,2026-09-14,INV-007874
txn_007875,Customer 375,3975.75,USD,2026-09-15,INV-007875
txn_007876,Customer 376,4112.12,USD,2026-09-16,INV-007876
txn_007877,Customer 377,4249.49,USD,2026-09-17,INV-007877
txn_007878,Customer 378,4386.86,USD,2026-09-18,INV-007878
txn_007879,Customer 379,4523.23,USD,2026-09-19,INV-007879
txn_007880,Customer 380,4660.60,USD,2026-09-20,INV-007880
txn_007881,Customer 381,4797.97,USD,2026-09-21,INV-007881
txn_007882,Customer 382,4934.34,USD,2026-09-22,INV-007882
txn_007883,Customer 383,5071.71,USD,2026-09-23,INV-007883
txn_007884,Customer 384,5208.08,USD,2026-09-24,INV-007884
txn_007885,Customer 385,5345.45,USD,2026-09-25,INV-007885
txn_007886,Customer 386,5482.82,USD,2026-09-26,INV-007886
txn_007887,Customer 387,5619.19,USD,2026-09-27,INV-007887
txn_007888,Customer 388,5756.56,USD,2026-09-28,INV-007888
txn_007889,Customer 389,5893.93,USD,2026-09-29,INV-007889
txn_007890,Customer 390,6030.30,USD,2026-09-30,INV-007890
txn_007891,Customer 391,6167.67,USD,2026-09-01,INV-007891
txn_007892,Customer 392,6304.04,USD,2026-09-02,INV-007892
txn_007893,Customer 393,6441.41,USD,2026-09-03,INV-007893
txn_007894,Customer 394,6578.78,USD,2026-09-04,INV-007894
txn_007895,Customer 395,6715.15,USD,2026-09-05,INV-007895
txn_007896,Customer 396,6852.52,USD,2026-09-06,INV-007896
txn_007897,Customer 397,6989.89,USD,2026-09-07,INV-007897
txn_007898,Customer 398,7126.26,USD,2026-09-08,INV-007898
txn_007899,Customer 399,7263.63,USD,2026-09-09,INV-007899
txn_007900,Customer 400,7400.00,USD,2026-09-10,INV-007900
txn_007901,Customer 401,7537.37,USD,2026-09-11,INV-007901
txn_007902,Customer 402,7674.74,USD,2026-09-12,INV-007902
txn_007903,Customer 403,7811.11,USD,2026-09-13,INV-007903
txn_007904,Customer 404,7948.48,USD,2026-09-14,INV-007904
txn_007905,Customer 405,8085.85,USD,2026-09-15,INV-007905
txn_007906,Customer 406,8222.22,USD,2026-09-16,INV-007906
txn_007907,Customer 407,8359.59,USD,2026-09-17,INV-007907
txn_007908,Customer 408,8496.96,USD,2026-09-18,INV-007908
txn_007909,Customer 409,8633.33,USD,2026-09-19,INV-007909
txn_007910,Customer 410,8770.70,USD,2026-09-20,INV-007910
txn_007911,Customer 411,8907.07,USD,2026-09-21,INV-007911
txn_007912,Customer 412,9044.44,USD,2026-09-22,INV-007912
txn_007913,Customer 413,9181.81,USD,2026-09-23,INV-007913
txn_007914,Customer 414,9318.18,USD,2026-09-24,INV-007914
txn_007915,Customer 415,9455.55,USD,2026-09-25,INV-007915
txn_007916,Customer 416,9592.92,USD,2026-09-26,INV-007916
txn_007917,Customer 417,9729.29,USD,2026-09-27,INV-007917
txn_007918,Customer 418,9866.66,USD,2026-09-28,INV-007918
txn_007919,Customer 419,10003.03,USD,2026-09-29,INV-007919
txn_007920,Customer 420,10140.40,USD,2026-09-30,INV-007920
txn_007921,Customer 421,10277.77,USD,2026-09-01,INV-007921
txn_007922,Customer 422,10414.14,USD,2026-09-02,INV-007922
txn_007923,Customer 423,10551.51,USD,2026-09-03,INV-007923
txn_007924,Customer 424,10688.88,USD,2026-09-04,INV-007924
txn_007925,Customer 425,10825.25,USD,2026-09-05,INV-007925
txn_007926,Customer 426,10962.62,USD,2026-09-06,INV-007926
txn_007927,Customer 427,11099.99,USD,2026-09-07,INV-007927
txn_007928,Customer 428,11236.36,USD,2026-09-08,INV-007928
txn_007929,Customer 429,11373.73,USD,2026-09-09,INV-007929
txn_007930,Customer 430,11510.10,USD,2026-09-10,INV-007930
txn_007931,Customer 431,11647.47,USD,2026-09-11,INV-007931
txn_007932,Customer 432,11784.84,USD,2026-09-12,INV-007932
txn_007933,Customer 433,11921.21,USD,2026-09-13,INV-007933
txn_007934,Customer 434,12058.58,USD,2026-09-14,INV-007934
txn_007935,Customer 435,12195.95,USD,2026-09-15,INV-007935
txn_007936,Customer 436,12332.32,USD,2026-09-16,INV-007936
txn_007937,Customer 437,12469.69,USD,2026-09-17,INV-007937
txn_007938,Customer 438,12606.06,USD,2026-09-18,INV-007938
txn_007939,Customer 439,12743.43,USD,2026-09-19,INV-007939
txn_007940,Customer 440,12880.80,USD,2026-09-20,INV-007940
txn_007941,Customer 441,13017.17,USD,2026-09-21,INV-007941
txn_007942,Customer 442,13154.54,USD,2026-09-22,INV-007942
txn_007943,Customer 443,13291.91,USD,2026-09-23,INV-007943
txn_007944,Customer 444,13428.28,USD,2026-09-24,INV-007944
txn_007945,Customer 445,13565.65,USD,2026-09-25,INV-007945
txn_007946,Customer 446,13702.02,USD,2026-09-26,INV-007946
txn_007947,Customer 447,13839.39,USD,2026-09-27,INV-007947
txn_007948,Customer 448,13976.76,USD,2026-09-28,INV-007948
txn_007949,Customer 449,14113.13,USD,2026-09-29,INV-007949
txn_007950,Customer 450,14250.50,USD,2026-09-30,INV-007950
txn_007951,Customer 451,14387.87,USD,2026-09-01,INV-007951
txn_007952,Customer 452,14524.24,USD,2026-09-02,INV-007952
txn_007953,Customer 453,14661.61,USD,2026-09-03,INV-007953
txn_007954,Customer 454,14798.98,USD,2026-09-04,INV-007954
txn_007955,Customer 455,14935.35,USD,2026-09-05,INV-007955
txn_007956,Customer 456,15072.72,USD,2026-09-06,INV-007956
txn_007957,Customer 457,15209.09,USD,2026-09-07,INV-007957
txn_007958,Customer 458,15346.46,USD,2026-09-08,INV-007958
txn_007959,Customer 459,15483.83,USD,2026-09-09,INV-007959
txn_007960,Customer 460,15620.20,USD,2026-09-10,INV-007960
txn_007961,Customer 461,15757.57,USD,2026-09-11,INV-007961
txn_007962,Customer 462,15894.94,USD,2026-09-12,INV-007962
txn_007963,Customer 463,16031.31,USD,2026-09-13,INV-007963
txn_007964,Customer 464,16168.68,USD,2026-09-14,INV-007964
txn_007965,Customer 465,16305.05,USD,2026-09-15,INV-007965
txn_007966,Customer 466,16442.42,USD,2026-09-16,INV-007966
txn_007967,Customer 467,16579.79,USD,2026-09-17,INV-007967
txn_007968,Customer 468,16716.16,USD,2026-09-18,INV-007968
txn_007969,Customer 469,16853.53,USD,2026-09-19,INV-007969
txn_007970,Customer 470,16990.90,USD,2026-09-20,INV-007970
txn_007971,Customer 471,17127.27,USD,2026-09-21,INV-007971
txn_007972,Customer 472,17264.64,USD,2026-09-22,INV-007972
txn_007973,Customer 473,17401.01,USD,2026-09-23,INV-007973
txn_007974,Customer 474,17538.38,USD,2026-09-24,INV-007974
txn_007975,Customer 475,17675.75,USD,2026-09-25,INV-007975
txn_007976,Customer 476,17812.12,USD,2026-09-26,INV-007976
txn_007977,Customer 477,17949.49,USD,2026-09-27,INV-007977
txn_007978,Customer 478,18086.86,USD,2026-09-28,INV-007978
txn_007979,Customer 479,18223.23,USD,2026-09-29,INV-007979
txn_007980,Customer 480,18360.60,USD,2026-09-30,INV-007980
txn_007981,Customer 481,18497.97,USD,2026-09-01,INV-007981
txn_007982,Customer 482,18634.34,USD,2026-09-02,INV-007982
txn_007983,Customer 483,18771.71,USD,2026-09-03,INV-007983
txn_007984,Customer 484,18908.08,USD,2026-09-04,INV-007984
txn_007985,Customer 485,19045.45,USD,2026-09-05,INV-007985
txn_007986,Customer 486,19182.82,USD,2026-09-06,INV-007986
txn_007987,Customer 487,19319.19,USD,2026-09-07,INV-007987
txn_007988,Customer 488,19456.56,USD,2026-09-08,INV-007988
txn_007989,Customer 489,19593.93,USD,2026-09-09,INV-007989
txn_007990,Customer 490,19730.30,USD,2026-09-10,INV-007990
txn_007991,Customer 491,19867.67,USD,2026-09-11,INV-007991
txn_007992,Customer 492,20004.04,USD,2026-09-12,INV-007992
txn_007993,Customer 493,20141.41,USD,2026-09-13,INV-007993
txn_007994,Customer 494,20278.78,USD,2026-09-14,INV-007994
txn_007995,Customer 495,20415.15,USD,2026-09-15,INV-007995
txn_007996,Customer 496,20552.52,USD,2026-09-16,INV-007996
txn_007997,Customer 497,20689.89,USD,2026-09-17,INV-007997
txn_007998,Customer 498,20826.26,USD,2026-09-18,INV-007998
txn_007999,Customer 499,20963.63,USD,2026-09-19,INV-007999
txn_008000,Customer 500,21100.00,USD,2026-09-20,INV-008000
txn_008001,Customer 501,21237.37,USD,2026-09-21,INV-008001
txn_008002,Customer 502,21374.74,USD,2026-09-22,INV-008002
txn_008003,Customer 503,21511.11,USD,2026-09-23,INV-008003
txn_008004,Customer 504,21648.48,USD,2026-09-24,INV-008004
txn_008005,Customer 505,21785.85,USD,2026-09-25,INV-008005
txn_008006,Customer 506,21922.22,USD,2026-09-26,INV-008006
txn_008007,Customer 507,22059.59,USD,2026-09-27,INV-008007
txn_008008,Customer 508,22196.96,USD,2026-09-28,INV-008008
txn_008009,Customer 509,22333.33,USD,2026-09-29,INV-008009
txn_008010,Customer 510,22470.70,USD,2026-09-30,INV-008010
txn_008011,Customer 511,22607.07,USD,2026-09-01,INV-008011
txn_008012,Customer 512,22744.44,USD,2026-09-02,INV-008012
txn_008013,Customer 513,22881.81,USD,2026-09-03,INV-008013
txn_008014,Customer 514,23018.18,USD,2026-09-04,INV-008014
txn_008015,Customer 515,23155.55,USD,2026-09-05,INV-008015
txn_008016,Customer 516,23292.92,USD,2026-09-06,INV-008016
txn_008017,Customer 517,23429.29,USD,2026-09-07,INV-008017
txn_008018,Customer 518,23566.66,USD,2026-09-08,INV-008018
txn_008019,Customer 519,23703.03,USD,2026-09-09,INV-008019
txn_008020,Customer 520,23840.40,USD,2026-09-10,INV-008020
txn_008021,Customer 521,23977.77,USD,2026-09-11,INV-008021
txn_008022,Customer 522,24114.14,USD,2026-09-12,INV-008022
txn_008023,Customer 523,24251.51,USD,2026-09-13,INV-008023
txn_008024,Customer 524,24388.88,USD,2026-09-14,INV-008024
txn_008025,Customer 525,24525.25,USD,2026-09-15,INV-008025
txn_008026,Customer 526,24662.62,USD,2026-09-16,INV-008026
txn_008027,Customer 527,24799.99,USD,2026-09-17,INV-008027
txn_008028,Customer 528,24936.36,USD,2026-09-18,INV-008028
txn_008029,Customer 529,25073.73,USD,2026-09-19,INV-008029
txn_008030,Customer 530,210.10,USD,2026-09-20,INV-008030
txn_008031,Customer 531,347.47,USD,2026-09-21,INV-008031
txn_008032,Customer 532,484.84,USD,2026-09-22,INV-008032
txn_008033,Customer 533,621.21,USD,2026-09-23,INV-008033
txn_008034,Customer 534,758.58,USD,2026-09-24,INV-008034
txn_008035,Customer 535,895.95,USD,2026-09-25,INV-008035
txn_008036,Customer 536,1032.32,USD,2026-09-26,INV-008036
txn_008037,Customer 537,1169.69,USD,2026-09-27,INV-008037
txn_008038,Customer 538,1306.06,USD,2026-09-28,INV-008038
txn_008039,Customer 539,1443.43,USD,2026-09-29,INV-008039
txn_008040,Customer 540,1580.80,USD,2026-09-30,INV-008040
txn_008041,Customer 541,1717.17,USD,2026-09-01,INV-008041
txn_008042,Customer 542,1854.54,USD,2026-09-02,INV-008042
txn_008043,Customer 543,1991.91,USD,2026-09-03,INV-008043
txn_008044,Customer 544,2128.28,USD,2026-09-04,INV-008044
txn_008045,Customer 545,2265.65,USD,2026-09-05,INV-008045
txn_008046,Customer 546,2402.02,USD,2026-09-06,INV-008046
txn_008047,Customer 547,2539.39,USD,2026-09-07,INV-008047
txn_008048,Customer 548,2676.76,USD,2026-09-08,INV-008048
txn_008049,Customer 549,2813.13,USD,2026-09-09,INV-008049
txn_008050,Customer 550,2950.50,USD,2026-09-10,INV-008050
txn_008051,Customer 551,3087.87,USD,2026-09-11,INV-008051
txn_008052,Customer 552,3224.24,USD,2026-09-12,INV-008052
txn_008053,Customer 553,3361.61,USD,2026-09-13,INV-008053
txn_008054,Customer 554,3498.98,USD,2026-09-14,INV-008054
txn_008055,Customer 555,3635.35,USD,2026-09-15,INV-008055
txn_008056,Customer 556,3772.72,USD,2026-09-16,INV-008056
txn_008057,Customer 557,3909.09,USD,2026-09-17,INV-008057
txn_008058,Customer 558,4046.46,USD,2026-09-18,INV-008058
txn_008059,Customer 559,4183.83,USD,2026-09-19,INV-008059
txn_008060,Customer 560,4320.20,USD,2026-09-20,INV-008060
txn_008061,Customer 561,4457.57,USD,2026-09-21,INV-008061
txn_008062,Customer 562,4594.94,USD,2026-09-22,INV-008062
txn_008063,Customer 563,4731.31,USD,2026-09-23,INV-008063
txn_008064,Customer 564,4868.68,USD,2026-09-24,INV-008064
txn_008065,Customer 565,5005.05,USD,2026-09-25,INV-008065
txn_008066,Customer 566,5142.42,USD,2026-09-26,INV-008066
txn_008067,Customer 567,5279.79,USD,2026-09-27,INV-008067
txn_008068,Customer 568,5416.16,USD,2026-09-28,INV-008068
txn_008069,Customer 569,5553.53,USD,2026-09-29,INV-008069
txn_008070,Customer 570,5690.90,USD,2026-09-30,INV-008070
txn_008071,Customer 571,5827.27,USD,2026-09-01,INV-008071
txn_008072,Customer 572,5964.64,USD,2026-09-02,INV-008072
txn_008073,Customer 573,6101.01,USD,2026-09-03,INV-008073
txn_008074,Customer 574,6238.38,USD,2026-09-04,INV-008074
txn_008075,Customer 575,6375.75,USD,2026-09-05,INV-008075
txn_008076,Customer 576,6512.12,USD,2026-09-06,INV-008076
txn_008077,Customer 577,6649.49,USD,2026-09-07,INV-008077
txn_008078,Customer 578,6786.86,USD,2026-09-08,INV-008078
txn_008079,Customer 579,6923.23,USD,2026-09-09,INV-008079
txn_008080,Customer 580,7060.60,USD,2026-09-10,INV-008080
txn_008081,Customer 581,7197.97,USD,2026-09-11,INV-008081
txn_008082,Customer 582,7334.34,USD,2026-09-12,INV-008082
txn_008083,Customer 583,7471.71,USD,2026-09-13,INV-008083
txn_008084,Customer 584,7608.08,USD,2026-09-14,INV-008084
txn_008085,Customer 585,7745.45,USD,2026-09-15,INV-008085
txn_008086,Customer 586,7882.82,USD,2026-09-16,INV-008086
txn_008087,Customer 587,8019.19,USD,2026-09-17,INV-008087
txn_008088,Customer 588,8156.56,USD,2026-09-18,INV-008088
txn_008089,Customer 589,8293.93,USD,2026-09-19,INV-008089
txn_008090,Customer 590,8430.30,USD,2026-09-20,INV-008090
txn_008091,Customer 591,8567.67,USD,2026-09-21,INV-008091
txn_008092,Customer 592,8704.04,USD,2026-09-22,INV-008092
txn_008093,Customer 593,8841.41,USD,2026-09-23,INV-008093
txn_008094,Customer 594,8978.78,USD,2026-09-24,INV-008094
txn_008095,Customer 595,9115.15,USD,2026-09-25,INV-008095
txn_008096,Customer 596,9252.52,USD,2026-09-26,INV-008096
txn_008097,Customer 597,9389.89,USD,2026-09-27,INV-008097
txn_008098,Customer 598,9526.26,USD,2026-09-28,INV-008098
txn_008099,Customer 599,9663.63,USD,2026-09-29,INV-008099
txn_008100,Customer 600,9800.00,USD,2026-09-30,INV-008100
txn_008101,Customer 601,9937.37,USD,2026-09-01,INV-008101
txn_008102,Customer 602,10074.74,USD,2026-09-02,INV-008102
txn_008103,Customer 603,10211.11,USD,2026-09-03,INV-008103
txn_008104,Customer 604,10348.48,USD,2026-09-04,INV-008104
txn_008105,Customer 605,10485.85,USD,2026-09-05,INV-008105
txn_008106,Customer 606,10622.22,USD,2026-09-06,INV-008106
txn_008107,Customer 607,10759.59,USD,2026-09-07,INV-008107
txn_008108,Customer 608,10896.96,USD,2026-09-08,INV-008108
txn_008109,Customer 609,11033.33,USD,2026-09-09,INV-008109
txn_008110,Customer 610,11170.70,USD,2026-09-10,INV-008110
txn_008111,Customer 611,11307.07,USD,2026-09-11,INV-008111
txn_008112,Customer 612,11444.44,USD,2026-09-12,INV-008112
txn_008113,Customer 613,11581.81,USD,2026-09-13,INV-008113
txn_008114,Customer 614,11718.18,USD,2026-09-14,INV-008114
txn_008115,Customer 615,11855.55,USD,2026-09-15,INV-008115
txn_008116,Customer 616,11992.92,USD,2026-09-16,INV-008116
txn_008117,Customer 617,12129.29,USD,2026-09-17,INV-008117
txn_008118,Customer 618,12266.66,USD,2026-09-18,INV-008118
txn_008119,Customer 619,12403.03,USD,2026-09-19,INV-008119
txn_008120,Customer 620,12540.40,USD,2026-09-20,INV-008120
txn_008121,Customer 621,12677.77,USD,2026-09-21,INV-008121
txn_008122,Customer 622,12814.14,USD,2026-09-22,INV-008122
txn_008123,Customer 623,12951.51,USD,2026-09-23,INV-008123
txn_008124,Customer 624,13088.88,USD,2026-09-24,INV-008124
txn_008125,Customer 625,13225.25,USD,2026-09-25,INV-008125
txn_008126,Customer 626,13362.62,USD,2026-09-26,INV-008126
txn_008127,Customer 627,13499.99,USD,2026-09-27,INV-008127
txn_008128,Customer 628,13636.36,USD,2026-09-28,INV-008128
txn_008129,Customer 629,13773.73,USD,2026-09-29,INV-008129
txn_008130,Customer 630,13910.10,USD,2026-09-30,INV-008130
txn_008131,Customer 631,14047.47,USD,2026-09-01,INV-008131
txn_008132,Customer 632,14184.84,USD,2026-09-02,INV-008132
txn_008133,Customer 633,14321.21,USD,2026-09-03,INV-008133
txn_008134,Customer 634,14458.58,USD,2026-09-04,INV-008134
txn_008135,Customer 635,14595.95,USD,2026-09-05,INV-008135
txn_008136,Customer 636,14732.32,USD,2026-09-06,INV-008136
txn_008137,Customer 637,14869.69,USD,2026-09-07,INV-008137
txn_008138,Customer 638,15006.06,USD,2026-09-08,INV-008138
txn_008139,Customer 639,15143.43,USD,2026-09-09,INV-008139
txn_008140,Customer 640,15280.80,USD,2026-09-10,INV-008140
txn_008141,Customer 641,15417.17,USD,2026-09-11,INV-008141
txn_008142,Customer 642,15554.54,USD,2026-09-12,INV-008142
txn_008143,Customer 643,15691.91,USD,2026-09-13,INV-008143
txn_008144,Customer 644,15828.28,USD,2026-09-14,INV-008144
txn_008145,Customer 645,15965.65,USD,2026-09-15,INV-008145
txn_008146,Customer 646,16102.02,USD,2026-09-16,INV-008146
txn_008147,Customer 647,16239.39,USD,2026-09-17,INV-008147
txn_008148,Customer 648,16376.76,USD,2026-09-18,INV-008148
txn_008149,Customer 649,16513.13,USD,2026-09-19,INV-008149
txn_008150,Customer 650,16650.50,USD,2026-09-20,INV-008150
txn_008151,Customer 651,16787.87,USD,2026-09-21,INV-008151
txn_008152,Customer 652,16924.24,USD,2026-09-22,INV-008152
txn_008153,Customer 653,17061.61,USD,2026-09-23,INV-008153
txn_008154,Customer 654,17198.98,USD,2026-09-24,INV-008154
txn_008155,Customer 655,17335.35,USD,2026-09-25,INV-008155
txn_008156,Customer 656,17472.72,USD,2026-09-26,INV-008156
txn_008157,Customer 657,17609.09,USD,2026-09-27,INV-008157
txn_008158,Customer 658,17746.46,USD,2026-09-28,INV-008158
txn_008159,Customer 659,17883.83,USD,2026-09-29,INV-008159
txn_008160,Customer 660,18020.20,USD,2026-09-30,INV-008160
txn_008161,Customer 661,18157.57,USD,2026-09-01,INV-008161
txn_008162,Customer 662,18294.94,USD,2026-09-02,INV-008162
txn_008163,Customer 663,18431.31,USD,2026-09-03,INV-008163
txn_008164,Customer 664,18568.68,USD,2026-09-04,INV-008164
txn_008165,Customer 665,18705.05,USD,2026-09-05,INV-008165
txn_008166,Customer 666,18842.42,USD,2026-09-06,INV-008166
txn_008167,Customer 667,18979.79,USD,2026-09-07,INV-008167
txn_008168,Customer 668,19116.16,USD,2026-09-08,INV-008168
txn_008169,Customer 669,19253.53,USD,2026-09-09,INV-008169
txn_008170,Customer 670,19390.90,USD,2026-09-10,INV-008170
txn_008171,Customer 671,19527.27,USD,2026-09-11,INV-008171
txn_008172,Customer 672,19664.64,USD,2026-09-12,INV-008172
txn_008173,Customer 673,19801.01,USD,2026-09-13,INV-008173
txn_008174,Customer 674,19938.38,USD,2026-09-14,INV-008174
txn_008175,Customer 675,20075.75,USD,2026-09-15,INV-008175
txn_008176,Customer 676,20212.12,USD,2026-09-16,INV-008176
txn_008177,Customer 677,20349.49,USD,2026-09-17,INV-008177
txn_008178,Customer 678,20486.86,USD,2026-09-18,INV-008178
txn_008179,Customer 679,20623.23,USD,2026-09-19,INV-008179
txn_008180,Customer 680,20760.60,USD,2026-09-20,INV-008180
txn_008181,Customer 681,20897.97,USD,2026-09-21,INV-008181
txn_008182,Customer 682,21034.34,USD,2026-09-22,INV-008182
txn_008183,Customer 683,21171.71,USD,2026-09-23,INV-008183
txn_008184,Customer 684,21308.08,USD,2026-09-24,INV-008184
txn_008185,Customer 685,21445.45,USD,2026-09-25,INV-008185
txn_008186,Customer 686,21582.82,USD,2026-09-26,INV-008186
txn_008187,Customer 687,21719.19,USD,2026-09-27,INV-008187
txn_008188,Customer 688,21856.56,USD,2026-09-28,INV-008188
txn_008189,Customer 689,21993.93,USD,2026-09-29,INV-008189
txn_008190,Customer 690,22130.30,USD,2026-09-30,INV-008190
txn_008191,Customer 691,22267.67,USD,2026-09-01,INV-008191
txn_008192,Customer 692,22404.04,USD,2026-09-02,INV-008192
txn_008193,Customer 693,22541.41,USD,2026-09-03,INV-008193
txn_008194,Customer 694,22678.78,USD,2026-09-04,INV-008194
txn_008195,Customer 695,22815.15,USD,2026-09-05,INV-008195
txn_008196,Customer 696,22952.52,USD,2026-09-06,INV-008196
txn_008197,Customer 697,23089.89,USD,2026-09-07,INV-008197
txn_008198,Customer 698,23226.26,USD,2026-09-08,INV-008198
txn_008199,Customer 699,23363.63,USD,2026-09-09,INV-008199
txn_008200,Customer 700,23500.00,USD,2026-09-10,INV-008200
